date,player,traded_to,traded_from,post_trade_war,,,,
1994-01-05,Kevin McReynolds,New York Mets,Kansas City Royals,0.27,,,,FALSE
1994-01-05,Vince Coleman,Kansas City Royals,New York Mets,-1.52,,,,
1994-01-07,Freddie Benavides,Washington Nationals,Colorado Rockies,-1.1,,,,
1994-01-13,Jeff Bronkey,Milwaukee Brewers,Texas Rangers,0.5,,,,
1994-01-24,Derek Lee,Washington Nationals,Minnesota Twins,0,,,,
1994-02-09,Bobby Munoz,Philadelphia Phillies,New York Yankees,0.71,,,,
1994-02-09,Ryan Karp,Philadelphia Phillies,New York Yankees,-0.43,,,,
1994-02-09,Kevin Jordan,Philadelphia Phillies,New York Yankees,-1.88,,,,
1994-02-09,Terry Mulholland,New York Yankees,Philadelphia Phillies,-1.01,,,,
1994-02-14,J.J. Thobe,Washington Nationals,Cleveland Guardians,0,,,,
1994-02-14,Chris Nabholz,Cleveland Guardians,Washington Nationals,-0.65,,,,
1994-02-18,Kevin Morgan,New York Mets,Detroit Tigers,-0.02,,,,
1994-03-14,Lenny Webster,Washington Nationals,Minnesota Twins,0.34,,,,
1994-03-21,Brian Boehringer,New York Yankees,Chicago White Sox,1.65,,,,
1994-03-21,Paul Assenmacher,Chicago White Sox,New York Yankees,0.85,,,,
1994-03-22,Lee Tinsley,Boston Red Sox,Seattle Mariners,2.69,,,,
1994-03-23,Glenn Murray,Boston Red Sox,Washington Nationals,0,,,,
1994-03-23,Junior Ortiz,Texas Rangers,Cleveland Guardians,0.29,,,,
1994-03-24,Enrique Wilson,Cleveland Guardians,Minnesota Twins,-0.01,,,,
1994-03-25,Steve Hosey,Los Angeles Angels,San Francisco Giants,0,,,,
1994-03-27,Kevin Baez,Baltimore Orioles,New York Mets,0,,,,
1994-03-27,David Segui,New York Mets,Baltimore Orioles,-0.63,,,,
1994-03-28,Scott Eyre,Chicago White Sox,Texas Rangers,-0.39,,,,
1994-03-28,Esteban Beltre,Texas Rangers,Chicago White Sox,-0.52,,,,
1994-03-28,Al Osuna,Los Angeles Dodgers,Houston Astros,-0.08,,,,
1994-03-29,Harold Reynolds,Los Angeles Angels,San Diego Padres,-0.84,,,,
1994-03-29,Hilly Hathaway,San Diego Padres,Los Angeles Angels,0,,,,
1994-03-29,Scott Bullett,Chicago Cubs,Pittsburgh Pirates,0.3,,,,
1994-03-29,Mike Huff,Toronto Blue Jays,Chicago White Sox,1.37,,,,
1994-03-29,Domingo Martinez,Chicago White Sox,Toronto Blue Jays,0,,,,
1994-03-30,Jose Vizcaino,New York Mets,Chicago Cubs,2.34,,,,
1994-03-30,Anthony Young,Chicago Cubs,New York Mets,1.32,,,,
1994-03-30,Matt Merullo,Cleveland Guardians,Chicago White Sox,-0.27,,,,
1994-03-30,Ken Ramos,Chicago White Sox,Cleveland Guardians,0,,,,
1994-03-30,Robert Person,New York Mets,Miami Marlins,0.35,,,,
1994-03-31,Rico Brogna,New York Mets,Detroit Tigers,3.42,,,,
1994-03-31,Alan Zinter,Detroit Tigers,New York Mets,0,,,,
1994-03-31,Chris Hook,San Francisco Giants,Cincinnati Reds,-1.17,,,,
1994-04-01,Adam Hyzdu,Cincinnati Reds,San Francisco Giants,0,,,,
1994-04-01,Rich Rowland,Boston Red Sox,Detroit Tigers,0.07,,,,
1994-04-01,John Flaherty,Detroit Tigers,Boston Red Sox,-0.35,,,,
1994-04-03,Matt Turner,Cleveland Guardians,Miami Marlins,0.21,,,,
1994-04-03,Jeremy Hernandez,Miami Marlins,Cleveland Guardians,-0.03,,,,
1994-04-12,Kevin Foster,Chicago Cubs,Philadelphia Phillies,3.26,,,,
1994-04-12,Shawn Boskie,Philadelphia Phillies,Chicago Cubs,-0.16,,,,
1994-04-19,Ross Powell,Houston Astros,Cincinnati Reds,-0.51,,,,
1994-04-19,Eddie Taubensee,Cincinnati Reds,Houston Astros,0,,,,
1994-05-11,Gene Harris,Detroit Tigers,San Diego Padres,-0.32,,,,
1994-05-11,Scott Livingstone,San Diego Padres,Detroit Tigers,1.04,,,,
1994-05-11,Jorge Velandia,San Diego Padres,Detroit Tigers,-0.67,,,,
1994-05-17,Tom Kramer,Cincinnati Reds,Cleveland Guardians,0,,,,
1994-05-19,Jeff Manto,Baltimore Orioles,New York Mets,0.71,,,,
1994-05-29,Roberto Kelly,Atlanta Braves,Cincinnati Reds,0.63,,,,
1994-05-29,Deion Sanders,Cincinnati Reds,Atlanta Braves,-0.66,,,,
1994-05-31,Wes Chamberlain,Boston Red Sox,Philadelphia Phillies,-0.87,,,,
1994-05-31,Paul Quantrill,Philadelphia Phillies,Boston Red Sox,-0.03,,,,
1994-05-31,Billy Hatcher,Philadelphia Phillies,Boston Red Sox,-0.03,,,,
1994-06-03,Keith Shepherd,Boston Red Sox,Colorado Rockies,-0.3,,,,
1994-06-14,Dwight Smith,Baltimore Orioles,Los Angeles Angels,0.18,,,,
1994-06-16,Tom Brunansky,Boston Red Sox,Milwaukee Brewers,0.23,,,,
1994-06-16,Dave Valle,Milwaukee Brewers,Boston Red Sox,0.5,,,,
1994-06-16,Brian Barnes,Los Angeles Dodgers,Cleveland Guardians,-0.11,,,,
1994-07-01,Chris Nabholz,Boston Red Sox,Cleveland Guardians,-0.16,,,,
1994-07-01,Steve Farr,Boston Red Sox,Cleveland Guardians,-0.07,,,,
1994-07-01,Jeff Russell,Cleveland Guardians,Boston Red Sox,-0.01,,,,
1994-07-21,Shawn Boskie,Seattle Mariners,Philadelphia Phillies,-0.08,,,,
1994-07-22,Jeff Schwarz,Los Angeles Angels,Chicago White Sox,0.1,,,,
1994-07-23,Bob Melvin,Chicago White Sox,Los Angeles Angels,-0.26,,,,
1994-07-27,Brian R. Hunter,Cincinnati Reds,Pittsburgh Pirates,0,,,,
1994-07-31,Milt Thompson,Houston Astros,Philadelphia Phillies,0.12,,,,
1994-07-31,Tom Edens,Philadelphia Phillies,Houston Astros,0.14,,,,
1994-08-31,Paul Gibson,Milwaukee Brewers,New York Yankees,0,,,,
1994-10-13,Micah Franklin,Pittsburgh Pirates,Cincinnati Reds,0,,,,
1994-10-13,Danny Clyburn,Cincinnati Reds,Pittsburgh Pirates,0,,,,
1994-10-13,Jacob Brumfield,Pittsburgh Pirates,Cincinnati Reds,-0.15,,,,
1994-11-08,Jeff Patterson,New York Yankees,Philadelphia Phillies,0.06,,,,
1994-11-09,Brian Looney,Boston Red Sox,Washington Nationals,-0.4,,,,
1994-11-18,Jeromy Burnitz,Cleveland Guardians,New York Mets,1.32,,,,
1994-11-18,Eddie Zosky,Miami Marlins,Toronto Blue Jays,-0.1,,,,
1994-11-18,Joe Roa,Cleveland Guardians,New York Mets,-0.05,,,,
1994-11-18,Paul Byrd,New York Mets,Cleveland Guardians,0.82,,,,
1994-11-18,Jerry Dipoto,New York Mets,Cleveland Guardians,-0.65,,,,
1994-11-18,Dave Mlicki,New York Mets,Cleveland Guardians,3.46,,,,
1994-11-28,Pete Harnisch,New York Mets,Houston Astros,-0.18,,,,
1994-11-28,Ramon Caraballo,St. Louis Cardinals,Atlanta Braves,-0.54,,,,
1994-11-29,Quilvio Veras,Miami Marlins,New York Mets,3.86,,,,
1994-11-29,Carl Everett,New York Mets,Miami Marlins,2.73,,,,
1994-11-30,Doug Henry,New York Mets,Milwaukee Brewers,0.31,,,,
1994-12-05,Rob Butler,Philadelphia Phillies,Toronto Blue Jays,0.05,,,,
1994-12-06,Jay Powell,Miami Marlins,Baltimore Orioles,0.41,,,,
1994-12-06,Bret Barberie,Baltimore Orioles,Miami Marlins,1.09,,,,
1994-12-07,Jeff McNeely,St. Louis Cardinals,Boston Red Sox,0,,,,
1994-12-07,Nate Minchey,St. Louis Cardinals,Boston Red Sox,0,,,,
1994-12-07,Luis Alicea,Boston Red Sox,St. Louis Cardinals,2.28,,,,
1994-12-09,Otis Nixon,Texas Rangers,Boston Red Sox,1.3,,,,
1994-12-09,Luis Ortiz,Texas Rangers,Boston Red Sox,-0.79,,,,
1994-12-09,Jose Canseco,Boston Red Sox,Texas Rangers,5.55,,,,
1994-12-13,Terry Shumpert,Boston Red Sox,Kansas City Royals,-0.21,,,,
1994-12-14,Mark Lewis,Cincinnati Reds,Cleveland Guardians,0.21,,,,
1994-12-14,Tim Costo,Cleveland Guardians,Cincinnati Reds,0,,,,
1994-12-14,Jack McDowell,New York Yankees,Chicago White Sox,4.02,,,,
1994-12-16,Ben Van Ryn,Cincinnati Reds,Los Angeles Dodgers,0,,,,
1994-12-16,Will Brunson,Los Angeles Dodgers,Cincinnati Reds,-0.13,,,,
1994-12-19,John DeSilva,Baltimore Orioles,Los Angeles Dodgers,-0.12,,,,
1994-12-19,John O'Donoghue,Los Angeles Dodgers,Baltimore Orioles,0,,,,
1994-12-22,Fernando Vina,Milwaukee Brewers,New York Mets,5.97,,,,
1994-12-22,John Burkett,Texas Rangers,San Francisco Giants,5.31,,,,
1994-12-22,Rich Aurilia,San Francisco Giants,Texas Rangers,14.73,,,,
1994-12-22,Desi Wilson,San Francisco Giants,Texas Rangers,-0.54,,,,
1994-12-28,Derek Bell,Houston Astros,San Diego Padres,11.47,,,,
1994-12-28,Doug Brocail,Houston Astros,San Diego Padres,1.04,,,,
1994-12-28,Ricky Gutierrez,Houston Astros,San Diego Padres,-2.85,,,,
1994-12-28,Pedro Martinez,Houston Astros,San Diego Padres,-0.66,,,,
1994-12-28,Phil Plantier,Houston Astros,San Diego Padres,-0.07,,,,
1994-12-28,Craig Shipley,Houston Astros,San Diego Padres,-0.58,,,,
1994-12-28,Ken Caminiti,San Diego Padres,Houston Astros,17.53,,,,
1994-12-28,Andujar Cedeno,San Diego Padres,Houston Astros,-2.7,,,,
1994-12-28,Steve Finley,San Diego Padres,Houston Astros,8.72,,,,
1994-12-28,Roberto Petagine,San Diego Padres,Houston Astros,0.02,,,,
1994-12-28,Brian Williams,San Diego Padres,Houston Astros,-1.02,,,,
1995-01-11,Keith Kessinger,Chicago Cubs,Cincinnati Reds,0,,,,
1995-04-05,Derek Wallace,Kansas City Royals,Chicago Cubs,0.15,,,,
1995-04-05,Brian McRae,Chicago Cubs,Kansas City Royals,9.3,,,,
1995-04-05,John Wetteland,New York Yankees,Washington Nationals,4.06,,,,
1995-04-05,Fernando Seguignol,Washington Nationals,New York Yankees,-0.58,,,,
1995-04-05,Ken Hill,St. Louis Cardinals,Washington Nationals,-0.77,,,,
1995-04-05,Kirk Bullinger,Washington Nationals,St. Louis Cardinals,-0.42,,,,
1995-04-05,Bryan Eversgerd,Washington Nationals,St. Louis Cardinals,-0.07,,,,
1995-04-05,Da Rond Stovall,Washington Nationals,St. Louis Cardinals,0,,,,
1995-04-06,David Cone,Toronto Blue Jays,Kansas City Royals,4.35,,,,
1995-04-06,Chris Stynes,Kansas City Royals,Toronto Blue Jays,-0.6,,,,
1995-04-06,Tony Tarasco,Washington Nationals,Atlanta Braves,0.43,,,,
1995-04-06,Esteban Yan,Washington Nationals,Atlanta Braves,0,,,,
1995-04-06,Roberto Kelly,Washington Nationals,Atlanta Braves,-0.32,,,,
1995-04-06,Marquis Grissom,Atlanta Braves,Washington Nationals,5.69,,,,
1995-04-09,Rheal Cormier,Boston Red Sox,St. Louis Cardinals,1.71,,,,
1995-04-09,Mark Whiten,Boston Red Sox,St. Louis Cardinals,-0.12,,,,
1995-04-09,Cory Bailey,St. Louis Cardinals,Boston Red Sox,1,,,,
1995-04-09,Scott Cooper,St. Louis Cardinals,Boston Red Sox,-0.33,,,,
1995-04-10,Chris Sexton,Colorado Rockies,Cincinnati Reds,-0.24,,,,
1995-04-10,Marcus Moore,Cincinnati Reds,Colorado Rockies,-0.52,,,,
1995-04-12,Juan Castillo,Houston Astros,New York Mets,0,,,,
1995-04-13,Tony Phillips,Los Angeles Angels,Detroit Tigers,4.36,,,,
1995-04-13,Chad Curtis,Detroit Tigers,Los Angeles Angels,2.21,,,,
1995-04-14,Scott Taylor,Texas Rangers,Milwaukee Brewers,-0.4,,,,
1995-04-14,David Hulse,Milwaukee Brewers,Texas Rangers,-1.45,,,,
1995-04-22,Lance Parrish,Toronto Blue Jays,Kansas City Royals,-0.02,,,,
1995-04-22,Lyle Mouton,Chicago White Sox,New York Yankees,1.86,,,,
1995-04-23,Enrique Burgos,San Francisco Giants,Kansas City Royals,-0.29,,,,
1995-04-26,Aaron Small,Miami Marlins,Toronto Blue Jays,-0.5,,,,
1995-04-26,Mitch Meluskey,Houston Astros,Cleveland Guardians,1.68,,,,
1995-05-11,Mike Remlinger,Cincinnati Reds,New York Mets,1.81,,,,
1995-05-15,Scooter Tucker,Cleveland Guardians,Houston Astros,0,,,,
1995-05-15,Matt Williams,Houston Astros,Cleveland Guardians,0,,,,
1995-05-15,Roger Salkeld,Cincinnati Reds,Seattle Mariners,0.08,,,,
1995-05-15,Tim Belcher,Seattle Mariners,Cincinnati Reds,2.23,,,,
1995-05-16,John Dettmer,Baltimore Orioles,Texas Rangers,0,,,,
1995-05-16,Jack Voigt,Texas Rangers,Baltimore Orioles,-0.37,,,,
1995-05-18,Domingo Jean,Texas Rangers,Houston Astros,0,,,,
1995-05-21,Steve Frey,Seattle Mariners,San Francisco Giants,0,,,,
1995-05-21,Wilson Delgado,San Francisco Giants,Seattle Mariners,-0.33,,,,
1995-05-21,Shawn Estes,San Francisco Giants,Seattle Mariners,9.41,,,,
1995-05-21,Salomon Torres,Seattle Mariners,San Francisco Giants,-0.25,,,,
1995-05-23,Henry Rodriguez,Washington Nationals,Los Angeles Dodgers,1.24,,,,
1995-05-23,Jeff Treadway,Washington Nationals,Los Angeles Dodgers,-0.01,,,,
1995-05-23,Joey Eischen,Los Angeles Dodgers,Washington Nationals,0.06,,,,
1995-05-23,Roberto Kelly,Los Angeles Dodgers,Washington Nationals,-0.58,,,,
1995-06-08,David Segui,Washington Nationals,New York Mets,4.43,,,,
1995-06-08,Reid Cornelius,New York Mets,Washington Nationals,-0.1,,,,
1995-06-08,Dave McCarty,Cincinnati Reds,Minnesota Twins,0,,,,
1995-06-08,John Courtright,Minnesota Twins,Cincinnati Reds,0,,,,
1995-06-09,Rafael Bournigal,Washington Nationals,Los Angeles Dodgers,0,,,,
1995-06-09,Kris Foster,Los Angeles Dodgers,Washington Nationals,0,,,,
1995-06-10,Chris Donnels,Boston Red Sox,Houston Astros,0.26,,,,
1995-06-14,Jarvis Brown,Baltimore Orioles,Cincinnati Reds,0.09,,,,
1995-06-16,Brad Pennington,Cincinnati Reds,Baltimore Orioles,-0.17,,,,
1995-06-16,Danny Clyburn,Baltimore Orioles,Cincinnati Reds,-0.16,,,,
1995-06-16,Todd Zeile,Chicago Cubs,St. Louis Cardinals,-1.32,,,,
1995-06-16,Mike Morgan,St. Louis Cardinals,Chicago Cubs,0.22,,,,
1995-06-18,Andy Van Slyke,Philadelphia Phillies,Baltimore Orioles,0.25,,,,
1995-06-18,Gene Harris,Baltimore Orioles,Philadelphia Phillies,0.05,,,,
1995-06-19,Willie Banks,Los Angeles Dodgers,Chicago Cubs,-0.3,,,,
1995-06-21,Derrick May,Houston Astros,Milwaukee Brewers,2.93,,,,
1995-06-22,Dennis Cook,Texas Rangers,Cleveland Guardians,1.82,,,,
1995-06-25,Brent Cookson,Kansas City Royals,San Francisco Giants,-0.49,,,,
1995-06-28,Scott Servais,Chicago Cubs,Houston Astros,3.46,,,,
1995-06-28,Luis Gonzalez,Chicago Cubs,Houston Astros,4.66,,,,
1995-06-28,Rick Wilkins,Houston Astros,Chicago Cubs,0.14,,,,
1995-07-06,Rick Aguilera,Boston Red Sox,Minnesota Twins,1.05,,,,
1995-07-06,Frankie Rodriguez,Minnesota Twins,Boston Red Sox,2.15,,,,
1995-07-07,Scott Erickson,Baltimore Orioles,Minnesota Twins,13.23,,,,
1995-07-07,Scott Klingenbeck,Minnesota Twins,Baltimore Orioles,-1.6,,,,
1995-07-07,Bob Milacki,Seattle Mariners,Kansas City Royals,-0.46,,,,
1995-07-07,Dave Fleming,Kansas City Royals,Seattle Mariners,0.36,,,,
1995-07-09,John Habyan,Los Angeles Angels,St. Louis Cardinals,0.36,,,,
1995-07-09,Mark Sweeney,St. Louis Cardinals,Los Angeles Angels,-0.25,,,,
1995-07-16,Dave Silvestri,Washington Nationals,New York Yankees,-0.71,,,,
1995-07-18,Warren Newson,Seattle Mariners,Chicago White Sox,0.36,,,,
1995-07-19,Rich Loiselle,Houston Astros,San Diego Padres,0,,,,
1995-07-19,Jeff Tabaka,Houston Astros,San Diego Padres,-0.01,,,,
1995-07-19,Phil Plantier,San Diego Padres,Houston Astros,0,,,,
1995-07-21,Mark Portugal,Cincinnati Reds,San Francisco Giants,3.6,,,,
1995-07-21,Darren Lewis,Cincinnati Reds,San Francisco Giants,0.54,,,,
1995-07-21,Dave Burba,Cincinnati Reds,San Francisco Giants,5.75,,,,
1995-07-21,Ricky Pickett,San Francisco Giants,Cincinnati Reds,0,,,,
1995-07-21,John Roper,San Francisco Giants,Cincinnati Reds,-0.1,,,,
1995-07-21,Deion Sanders,San Francisco Giants,Cincinnati Reds,1.44,,,,
1995-07-21,Scott Service,San Francisco Giants,Cincinnati Reds,0.4,,,,
1995-07-21,Dave McCarty,San Francisco Giants,Cincinnati Reds,-0.56,,,,
1995-07-21,Derek Wallace,New York Mets,Kansas City Royals,-0.09,,,,
1995-07-21,Jason Jacome,Kansas City Royals,New York Mets,0.41,,,,
1995-07-21,Allen McDill,Kansas City Royals,New York Mets,-0.47,,,,
1995-07-24,Dave Hollins,Boston Red Sox,Philadelphia Phillies,0.03,,,,
1995-07-24,Mark Whiten,Philadelphia Phillies,Boston Red Sox,3.11,,,,
1995-07-24,Lou Pote,Washington Nationals,San Francisco Giants,0,,,,
1995-07-24,Luis Aquino,San Francisco Giants,Washington Nationals,-0.63,,,,
1995-07-25,Dave Leiper,Washington Nationals,Oakland Athletics,0.28,,,,
1995-07-27,McKay Christensen,Chicago White Sox,Los Angeles Angels,-0.45,,,,
1995-07-27,John Snyder,Chicago White Sox,Los Angeles Angels,0.41,,,,
1995-07-27,Andrew Lorraine,Chicago White Sox,Los Angeles Angels,0.15,,,,
1995-07-27,Bill Simas,Chicago White Sox,Los Angeles Angels,5.19,,,,
1995-07-27,Jim Abbott,Los Angeles Angels,Chicago White Sox,-0.85,,,,
1995-07-27,Tim Fortugno,Los Angeles Angels,Chicago White Sox,0,,,,
1995-07-27,Ken Hill,Cleveland Guardians,St. Louis Cardinals,1.44,,,,
1995-07-27,David Bell,St. Louis Cardinals,Cleveland Guardians,-1.12,,,,
1995-07-27,Rick Heiserman,St. Louis Cardinals,Cleveland Guardians,-0.16,,,,
1995-07-28,Ross Powell,Pittsburgh Pirates,Houston Astros,-0.09,,,,
1995-07-28,Ruben Sierra,New York Yankees,Oakland Athletics,-1.54,,,,
1995-07-28,Jason Beverlin,New York Yankees,Oakland Athletics,0,,,,
1995-07-28,Danny Tartabull,Oakland Athletics,New York Yankees,-0.09,,,,
1995-07-28,David Cone,New York Yankees,Toronto Blue Jays,20.23,,,,
1995-07-28,Marty Janzen,Toronto Blue Jays,New York Yankees,-0.54,,,,
1995-07-28,Damon Buford,New York Mets,Baltimore Orioles,0.1,,,,
1995-07-28,Alex Ochoa,New York Mets,Baltimore Orioles,2.03,,,,
1995-07-28,Bobby Bonilla,Baltimore Orioles,New York Mets,2.24,,,,
1995-07-30,Lou Frazier,Texas Rangers,Washington Nationals,-0.09,,,,
1995-07-31,Mike Stanton,Boston Red Sox,Atlanta Braves,1.97,,,,
1995-07-31,Bryan Hickerson,Colorado Rockies,Chicago Cubs,-0.72,,,,
1995-07-31,David Wells,Cincinnati Reds,Detroit Tigers,0.63,,,,
1995-07-31,C.J. Nitkowski,Detroit Tigers,Cincinnati Reds,-0.2,,,,
1995-07-31,Juan Acevedo,New York Mets,Colorado Rockies,-0.04,,,,
1995-07-31,Bret Saberhagen,Colorado Rockies,New York Mets,0.08,,,,
1995-07-31,Ron Villone,San Diego Padres,Seattle Mariners,0.72,,,,
1995-07-31,Marc Newfield,San Diego Padres,Seattle Mariners,0.01,,,,
1995-07-31,Andy Benes,Seattle Mariners,San Diego Padres,0.19,,,,
1995-07-31,Kevin Tapani,Los Angeles Dodgers,Minnesota Twins,-0.28,,,,
1995-07-31,Mark Guthrie,Los Angeles Dodgers,Minnesota Twins,1.67,,,,
1995-07-31,Ron Coomer,Minnesota Twins,Los Angeles Dodgers,2.5,,,,
1995-07-31,Greg Hansell,Minnesota Twins,Los Angeles Dodgers,-0.09,,,,
1995-07-31,Jose Parra,Minnesota Twins,Los Angeles Dodgers,-1.22,,,,
1995-08-05,Hector Fajardo,Washington Nationals,Texas Rangers,0,,,,
1995-08-07,Buddy Groom,Miami Marlins,Detroit Tigers,-0.36,,,,
1995-08-08,Bobby Witt,Texas Rangers,Miami Marlins,3.86,,,,
1995-08-08,Kevin Flora,Philadelphia Phillies,Los Angeles Angels,-0.36,,,,
1995-08-08,Dave Gallagher,Los Angeles Angels,Philadelphia Phillies,-0.19,,,,
1995-08-09,Mike Myers,Detroit Tigers,Miami Marlins,-0.09,,,,
1995-08-10,Mike Henneman,Houston Astros,Detroit Tigers,0.49,,,,
1995-08-11,Wilson Heredia,Miami Marlins,Texas Rangers,0,,,,
1995-08-11,Pat Borders,Houston Astros,Kansas City Royals,-0.5,,,,
1995-08-11,Luis Polonia,Atlanta Braves,New York Yankees,-0.18,,,,
1995-08-14,Chris James,Boston Red Sox,Kansas City Royals,-0.13,,,,
1995-08-14,Wes Chamberlain,Kansas City Royals,Boston Red Sox,0,,,,
1995-08-15,Russ Springer,Philadelphia Phillies,Los Angeles Angels,-0.23,,,,
1995-08-15,Phil Nevin,Detroit Tigers,Houston Astros,0.07,,,,
1995-08-15,Vince Coleman,Seattle Mariners,Kansas City Royals,0.28,,,,
1995-08-16,Craig Worthington,Texas Rangers,Cincinnati Reds,0.43,,,,
1995-08-16,Stephen Larkin,Cincinnati Reds,Texas Rangers,0.02,,,,
1995-08-17,Rick Huisman,Kansas City Royals,Houston Astros,0.29,,,,
1995-08-18,Jim Converse,Kansas City Royals,Seattle Mariners,0.01,,,,
1995-08-18,Brett Butler,Los Angeles Dodgers,New York Mets,-0.18,,,,
1995-08-24,Mike Aldrete,Los Angeles Angels,Oakland Athletics,-0.45,,,,
1995-08-25,Mike Devereaux,Atlanta Braves,Chicago White Sox,0.4,,,,
1995-08-25,Jose Oliva,St. Louis Cardinals,Atlanta Braves,-0.86,,,,
1995-08-28,Jeff Shaw,Chicago White Sox,Washington Nationals,-0.11,,,,
1995-08-28,Jose DeLeon,Washington Nationals,Chicago White Sox,-0.11,,,,
1995-08-29,Kevin Wickander,Milwaukee Brewers,Detroit Tigers,0.45,,,,
1995-08-31,Candy Maldonado,Texas Rangers,Toronto Blue Jays,0.1,,,,
1995-08-31,Mark Parent,Chicago Cubs,Pittsburgh Pirates,0.38,,,,
1995-08-31,Matt Murray,Boston Red Sox,Atlanta Braves,-0.53,,,,
1995-08-31,Jack Voigt,Boston Red Sox,Texas Rangers,0,,,,
1995-08-31,Chris Howard,Texas Rangers,Boston Red Sox,0.15,,,,
1995-08-31,Alejandro Pena,Atlanta Braves,Miami Marlins,0.1,,,,
1995-09-08,Juan Samuel,Kansas City Royals,Detroit Tigers,-0.11,,,,
1995-09-08,Todd Williams,Oakland Athletics,Los Angeles Dodgers,0,,,,
1995-09-14,Phil Hiatt,Detroit Tigers,Kansas City Royals,0.02,,,,
1995-09-15,Chris Seelbach,Miami Marlins,Atlanta Braves,0,,,,
1995-09-17,Greg Keagle,Seattle Mariners,San Diego Padres,0,,,,
1995-09-19,Kimera Bartee,Minnesota Twins,Baltimore Orioles,0,,,,
1995-10-06,Jeff Juden,San Francisco Giants,Philadelphia Phillies,-0.14,,,,
1995-10-06,Mike Benjamin,Philadelphia Phillies,San Francisco Giants,0.66,,,,
1995-10-08,Scott Podsednik,Miami Marlins,Texas Rangers,0,,,,
1995-10-09,Jeff Darwin,Chicago White Sox,Seattle Mariners,0.71,,,,
1995-10-10,Pedro Martinez,San Diego Padres,Houston Astros,0,,,,
1995-10-10,Ray Holbert,Houston Astros,San Diego Padres,0,,,,
1995-10-19,Marc Ronan,Milwaukee Brewers,St. Louis Cardinals,0,,,,
1995-10-30,Chris Latham,Minnesota Twins,Los Angeles Dodgers,-1.68,,,,
1995-11-14,Tim Hyers,Detroit Tigers,San Diego Padres,-0.64,,,,
1995-11-16,Mark Lewis,Detroit Tigers,Cincinnati Reds,-0.45,,,,
1995-11-20,Mike DeJean,Colorado Rockies,New York Yankees,3.76,,,,
1995-11-20,Joe Girardi,New York Yankees,Colorado Rockies,1.56,,,,
1995-11-29,Willis Otanez,Seattle Mariners,Los Angeles Dodgers,0,,,,
1995-11-29,Miguel Cairo,Seattle Mariners,Los Angeles Dodgers,0.25,,,,
1995-11-29,Mike Blowers,Los Angeles Dodgers,Seattle Mariners,-0.12,,,,
1995-12-01,Rikkert Faneyte,Texas Rangers,San Francisco Giants,-0.07,,,,
1995-12-04,Chuck Carr,Milwaukee Brewers,Miami Marlins,0.38,,,,
1995-12-04,Mike Remlinger,Kansas City Royals,Cincinnati Reds,0,,,,
1995-12-04,Luis Ordaz,St. Louis Cardinals,Cincinnati Reds,-0.85,,,,
1995-12-05,Miguel Mejia,St. Louis Cardinals,Kansas City Royals,-0.39,,,,
1995-12-06,Howard Battle,Philadelphia Phillies,Toronto Blue Jays,-0.13,,,,
1995-12-06,Ricardo Jordan,Philadelphia Phillies,Toronto Blue Jays,0.91,,,,
1995-12-06,Paul Quantrill,Toronto Blue Jays,Philadelphia Phillies,11.25,,,,
1995-12-07,Tino Martinez,New York Yankees,Seattle Mariners,16.69,,,,
1995-12-07,Jim Mecir,New York Yankees,Seattle Mariners,0.2,,,,
1995-12-07,Jeff Nelson,New York Yankees,Seattle Mariners,6.32,,,,
1995-12-07,Russ Davis,Seattle Mariners,New York Yankees,0.08,,,,
1995-12-07,Sterling Hitchcock,Seattle Mariners,New York Yankees,0.19,,,,
1995-12-14,Ricky Otero,Philadelphia Phillies,New York Mets,-0.42,,,,
1995-12-14,Allen Watson,San Francisco Giants,St. Louis Cardinals,0.93,,,,
1995-12-14,Rich DeLucia,San Francisco Giants,St. Louis Cardinals,-1.26,,,,
1995-12-14,Doug Creek,San Francisco Giants,St. Louis Cardinals,-1.6,,,,
1995-12-14,Royce Clayton,St. Louis Cardinals,San Francisco Giants,5.07,,,,
1995-12-15,Omar Daal,Washington Nationals,Los Angeles Dodgers,-1.33,,,,
1995-12-15,Gabe White,Cincinnati Reds,Washington Nationals,2.89,,,,
1995-12-15,Pedro Martinez,New York Mets,San Diego Padres,0,,,,
1995-12-15,Jeff Barry,San Diego Padres,New York Mets,0,,,,
1995-12-17,Joe Borowski,Atlanta Braves,Baltimore Orioles,-0.03,,,,
1995-12-17,Kent Mercker,Baltimore Orioles,Atlanta Braves,-1.07,,,,
1995-12-17,Billy Brewer,Los Angeles Dodgers,Kansas City Royals,0,,,,
1995-12-17,Jose Offerman,Kansas City Royals,Los Angeles Dodgers,9.69,,,,
1995-12-18,Paul Menhart,Seattle Mariners,Toronto Blue Jays,-0.72,,,,
1995-12-18,Edwin Hurtado,Seattle Mariners,Toronto Blue Jays,-1.59,,,,
1995-12-18,Miguel Cairo,Toronto Blue Jays,Seattle Mariners,0.08,,,,
1995-12-18,Bill Risley,Toronto Blue Jays,Seattle Mariners,0.22,,,,
1995-12-19,Brent Mayne,New York Mets,Kansas City Royals,-0.13,,,,
1995-12-20,Dave Veres,Washington Nationals,Houston Astros,1.4,,,,
1995-12-20,Raul Chavez,Washington Nationals,Houston Astros,-0.12,,,,
1995-12-20,Sean Berry,Houston Astros,Washington Nationals,3.84,,,,
1995-12-21,Wally Joyner,San Diego Padres,Kansas City Royals,9.04,,,,
1995-12-21,Bip Roberts,Kansas City Royals,San Diego Padres,2.05,,,,
1995-12-26,Curtis Goodwin,Cincinnati Reds,Baltimore Orioles,-0.58,,,,
1995-12-26,David Wells,Baltimore Orioles,Cincinnati Reds,2.88,,,,
1995-12-28,Tim Raines,New York Yankees,Chicago White Sox,3.29,,,,
1996-01-09,Mike Kelly,Cincinnati Reds,Atlanta Braves,0.89,,,,
1996-01-09,Chad Fox,Atlanta Braves,Cincinnati Reds,0.16,,,,
1996-01-09,Todd Stottlemyre,St. Louis Cardinals,Oakland Athletics,8.35,,,,
1996-01-09,Allen Battle,Oakland Athletics,St. Louis Cardinals,-1.02,,,,
1996-01-09,Carl Dale,Oakland Athletics,St. Louis Cardinals,0,,,,
1996-01-09,Jay Witasick,Oakland Athletics,St. Louis Cardinals,-0.39,,,,
1996-01-10,Wil Cordero,Boston Red Sox,Washington Nationals,2.09,,,,
1996-01-10,Bryan Eversgerd,Boston Red Sox,Washington Nationals,0,,,,
1996-01-10,Shayne Bennett,Washington Nationals,Boston Red Sox,-1.5,,,,
1996-01-10,Rheal Cormier,Washington Nationals,Boston Red Sox,2.16,,,,
1996-01-10,Ryan McGuire,Washington Nationals,Boston Red Sox,-2,,,,
1996-01-17,Kelly Stinnett,Milwaukee Brewers,New York Mets,-0.45,,,,
1996-01-17,Cory Lidle,New York Mets,Milwaukee Brewers,0.35,,,,
1996-01-18,Aaron Ledesma,Los Angeles Angels,New York Mets,0,,,,
1996-01-18,Kevin Flora,New York Mets,Los Angeles Angels,0,,,,
1996-01-22,Andrew Lorraine,Oakland Athletics,Chicago White Sox,-0.05,,,,
1996-01-22,Danny Tartabull,Chicago White Sox,Oakland Athletics,0.57,,,,
1996-01-22,Erik Hiljus,St. Louis Cardinals,New York Mets,0,,,,
1996-01-22,Eric Ludwick,St. Louis Cardinals,New York Mets,-0.77,,,,
1996-01-22,Bernard Gilkey,New York Mets,St. Louis Cardinals,10.25,,,,
1996-01-23,Duane Singleton,Detroit Tigers,Milwaukee Brewers,-0.5,,,,
1996-01-25,Damon Buford,Texas Rangers,New York Mets,0.66,,,,
1996-01-25,Terrell Lowery,New York Mets,Texas Rangers,0,,,,
1996-01-29,Heathcliff Slocumb,Boston Red Sox,Philadelphia Phillies,2.55,,,,
1996-01-29,Glenn Murray,Philadelphia Phillies,Boston Red Sox,-0.6,,,,
1996-01-29,Ken Ryan,Philadelphia Phillies,Boston Red Sox,1.29,,,,
1996-01-29,Lee Tinsley,Philadelphia Phillies,Boston Red Sox,-1.08,,,,
1996-02-13,Steve Montgomery,Oakland Athletics,St. Louis Cardinals,-0.62,,,,
1996-02-13,Dennis Eckersley,St. Louis Cardinals,Oakland Athletics,0.59,,,,
1996-02-15,Brian Anderson,Cleveland Guardians,Los Angeles Angels,1.45,,,,
1996-02-15,Pep Harris,Los Angeles Angels,Cleveland Guardians,0.67,,,,
1996-02-15,Jason Grimsley,Los Angeles Angels,Cleveland Guardians,-1.46,,,,
1996-03-11,Randy Veres,Detroit Tigers,Miami Marlins,-0.7,,,,
1996-03-13,Tony Tarasco,Baltimore Orioles,Washington Nationals,-0.19,,,,
1996-03-13,Sherman Obando,Washington Nationals,Baltimore Orioles,-0.46,,,,
1996-03-13,Scott Pose,Toronto Blue Jays,Cleveland Guardians,0,,,,
1996-03-17,Roberto Petagine,New York Mets,San Diego Padres,-0.29,,,,
1996-03-17,Pete Walker,San Diego Padres,New York Mets,0.02,,,,
1996-03-22,Phil Plantier,Oakland Athletics,Detroit Tigers,-1.09,,,,
1996-03-22,Fausto Cruz,Detroit Tigers,Oakland Athletics,-0.36,,,,
1996-03-22,Ramon Fermin,Detroit Tigers,Oakland Athletics,0,,,,
1996-03-22,Sean Bergman,San Diego Padres,Detroit Tigers,-0.25,,,,
1996-03-22,Todd Steverson,San Diego Padres,Detroit Tigers,-0.03,,,,
1996-03-22,Raul Casanova,Detroit Tigers,San Diego Padres,-1.21,,,,
1996-03-22,Richie Lewis,Detroit Tigers,San Diego Padres,1.81,,,,
1996-03-22,Melvin Nieves,Detroit Tigers,San Diego Padres,-0.82,,,,
1996-03-23,Mike Fyhrie,New York Mets,Kansas City Royals,-0.24,,,,
1996-03-31,Mark Clark,New York Mets,Cleveland Guardians,1.12,,,,
1996-03-31,Reid Cornelius,Cleveland Guardians,New York Mets,0,,,,
1996-03-31,Ryan Thompson,Cleveland Guardians,New York Mets,0.09,,,,
1996-04-04,Jesse Levis,Milwaukee Brewers,Cleveland Guardians,1.72,,,,
1996-04-05,Will Pennyfeather,Los Angeles Angels,Cincinnati Reds,0,,,,
1996-04-05,Eduardo Perez,Cincinnati Reds,Los Angeles Angels,0.57,,,,
1996-04-06,Tom Wilson,Cleveland Guardians,New York Yankees,0,,,,
1996-04-08,Matt Franco,New York Mets,Chicago Cubs,-0.55,,,,
1996-04-18,Bryan Eversgerd,Texas Rangers,Boston Red Sox,-0.38,,,,
1996-04-23,Mel Rosario,Baltimore Orioles,San Diego Padres,0,,,,
1996-04-24,Rudy Pemberton,Boston Red Sox,Texas Rangers,0.72,,,,
1996-04-26,Gregg Olson,Detroit Tigers,Cincinnati Reds,0.5,,,,
1996-05-01,Andy Tomberlin,New York Mets,Oakland Athletics,0.14,,,,
1996-05-02,J.R. Phillips,Philadelphia Phillies,San Francisco Giants,0,,,,
1996-05-14,John Farrell,Detroit Tigers,Cleveland Guardians,-0.37,,,,
1996-05-15,Jacob Brumfield,Toronto Blue Jays,Pittsburgh Pirates,0.55,,,,
1996-05-27,Chuck McElroy,Los Angeles Angels,Cincinnati Reds,1.2,,,,
1996-05-27,Lee Smith,Cincinnati Reds,Los Angeles Angels,0.61,,,,
1996-05-31,Danny Bautista,Atlanta Braves,Detroit Tigers,0.37,,,,
1996-06-01,Mike Misuraca,Milwaukee Brewers,Minnesota Twins,-0.42,,,,
1996-06-07,Tom Urbani,Detroit Tigers,St. Louis Cardinals,-0.3,,,,
1996-06-07,Micah Franklin,St. Louis Cardinals,Detroit Tigers,0.33,,,,
1996-06-07,Brian Maxcy,St. Louis Cardinals,Detroit Tigers,0,,,,
1996-06-09,Blas Minor,Seattle Mariners,New York Mets,0.05,,,,
1996-06-09,Lee Tinsley,Boston Red Sox,Philadelphia Phillies,-0.62,,,,
1996-06-10,Mike Butcher,Cleveland Guardians,Seattle Mariners,0,,,,
1996-06-10,Bill Wertz,Seattle Mariners,Cleveland Guardians,0,,,,
1996-06-11,Ray King,Atlanta Braves,Cincinnati Reds,0.13,,,,
1996-06-12,Rich Monteleone,Los Angeles Angels,New York Yankees,-0.12,,,,
1996-06-12,Mike Aldrete,New York Yankees,Los Angeles Angels,0.02,,,,
1996-06-15,Pat Borders,Los Angeles Angels,St. Louis Cardinals,-0.18,,,,
1996-06-15,Ben Van Ryn,St. Louis Cardinals,Los Angeles Angels,0,,,,
1996-06-17,Ken Edenfield,New York Yankees,Los Angeles Angels,0,,,,
1996-06-18,Brad Ausmus,Detroit Tigers,San Diego Padres,7.59,,,,
1996-06-18,Andujar Cedeno,Detroit Tigers,San Diego Padres,-1.45,,,,
1996-06-18,John Flaherty,San Diego Padres,Detroit Tigers,1.85,,,,
1996-06-18,Chris Gomez,San Diego Padres,Detroit Tigers,-2.81,,,,
1996-06-21,Rusty Meacham,Seattle Mariners,Kansas City Royals,-0.15,,,,
1996-06-22,Billy Brewer,New York Yankees,Los Angeles Dodgers,-0.11,,,,
1996-06-22,Mike Judd,Los Angeles Dodgers,New York Yankees,-0.91,,,,
1996-06-27,Ismael Villegas,Atlanta Braves,Chicago Cubs,-0.14,,,,
1996-06-27,Tyler Houston,Chicago Cubs,Atlanta Braves,-0.41,,,,
1996-07-09,Jim Poole,San Francisco Giants,Cleveland Guardians,-1.36,,,,
1996-07-09,Mark Carreon,Cleveland Guardians,San Francisco Giants,0.64,,,,
1996-07-21,Eddie Murray,Baltimore Orioles,Cleveland Guardians,0.17,,,,
1996-07-21,Kent Mercker,Cleveland Guardians,Baltimore Orioles,0.32,,,,
1996-07-23,Arquimedez Pozo,Boston Red Sox,Seattle Mariners,-0.49,,,,
1996-07-23,Jeff Manto,Seattle Mariners,Boston Red Sox,-0.31,,,,
1996-07-23,Rich Loiselle,Pittsburgh Pirates,Houston Astros,2.3,,,,
1996-07-23,Danny Darwin,Houston Astros,Pittsburgh Pirates,-0.94,,,,
1996-07-24,Mark Kiefer,Kansas City Royals,Milwaukee Brewers,0,,,,
1996-07-24,Chris Eddy,Milwaukee Brewers,Kansas City Royals,0,,,,
1996-07-27,Pat Borders,Chicago White Sox,Los Angeles Angels,-0.03,,,,
1996-07-27,Robert Ellis,Los Angeles Angels,Chicago White Sox,0.23,,,,
1996-07-27,Kirt Manwaring,Houston Astros,San Francisco Giants,0.4,,,,
1996-07-27,Rick Wilkins,San Francisco Giants,Houston Astros,1.77,,,,
1996-07-29,Carlos Baerga,New York Mets,Cleveland Guardians,0.31,,,,
1996-07-29,Alvaro Espinoza,New York Mets,Cleveland Guardians,0.84,,,,
1996-07-29,Jeff Kent,Cleveland Guardians,New York Mets,0.66,,,,
1996-07-29,Jose Vizcaino,Cleveland Guardians,New York Mets,0.25,,,,
1996-07-30,Jamie Moyer,Seattle Mariners,Boston Red Sox,34.44,,,,
1996-07-30,Darren Bragg,Boston Red Sox,Seattle Mariners,6.2,,,,
1996-07-30,Kevin Mitchell,Cincinnati Reds,Boston Red Sox,1.33,,,,
1996-07-30,Roberto Mejia,Boston Red Sox,Cincinnati Reds,0,,,,
1996-07-30,Kirk Rueter,San Francisco Giants,Washington Nationals,13.01,,,,
1996-07-30,Tim Scott,San Francisco Giants,Washington Nationals,-0.83,,,,
1996-07-30,Mark Leiter,Washington Nationals,San Francisco Giants,0.67,,,,
1996-07-31,Mike Stanton,Texas Rangers,Boston Red Sox,0.73,,,,
1996-07-31,John Cummings,Detroit Tigers,Los Angeles Dodgers,-0.36,,,,
1996-07-31,Joey Eischen,Detroit Tigers,Los Angeles Dodgers,0.75,,,,
1996-07-31,Chad Curtis,Los Angeles Dodgers,Detroit Tigers,0.36,,,,
1996-07-31,Damion Easley,Detroit Tigers,Los Angeles Angels,17.79,,,,
1996-07-31,Greg Gohr,Los Angeles Angels,Detroit Tigers,-0.3,,,,
1996-07-31,Bryce Florie,Milwaukee Brewers,San Diego Padres,0.05,,,,
1996-07-31,Marc Newfield,Milwaukee Brewers,San Diego Padres,-0.78,,,,
1996-07-31,Ron Villone,Milwaukee Brewers,San Diego Padres,1.53,,,,
1996-07-31,Greg Vaughn,San Diego Padres,Milwaukee Brewers,6.96,,,,
1996-07-31,Ruben Sierra,Detroit Tigers,New York Yankees,-0.38,,,,
1996-07-31,Cecil Fielder,New York Yankees,Detroit Tigers,0.96,,,,
1996-07-31,Terry Mulholland,Seattle Mariners,Philadelphia Phillies,0.81,,,,
1996-07-31,Desi Relaford,Philadelphia Phillies,Seattle Mariners,-1.77,,,,
1996-07-31,Mark Brandenburg,Boston Red Sox,Texas Rangers,0.51,,,,
1996-07-31,Kerry Lacy,Boston Red Sox,Texas Rangers,-0.48,,,,
1996-07-31,Mark Hutton,Miami Marlins,New York Yankees,1.4,,,,
1996-07-31,David Weathers,New York Yankees,Miami Marlins,-1.03,,,,
1996-08-02,Brent Cookson,Baltimore Orioles,Boston Red Sox,0,,,,
1996-08-08,John Burkett,Texas Rangers,Miami Marlins,5.31,,,,
1996-08-08,Ryan Dempster,Miami Marlins,Texas Rangers,2.93,,,,
1996-08-13,Terry Pendleton,Atlanta Braves,Miami Marlins,-1.29,,,,
1996-08-13,Roosevelt Brown,Miami Marlins,Atlanta Braves,0,,,,
1996-08-14,Mark Whiten,Seattle Mariners,Atlanta Braves,1.68,,,,
1996-08-21,Terry Mathews,Baltimore Orioles,Miami Marlins,0.38,,,,
1996-08-22,Tony Castillo,Chicago White Sox,Toronto Blue Jays,-1.2,,,,
1996-08-22,Domingo Cedeno,Chicago White Sox,Toronto Blue Jays,-0.28,,,,
1996-08-22,Luis Andujar,Toronto Blue Jays,Chicago White Sox,-0.91,,,,
1996-08-23,Gregg Zaun,Miami Marlins,Baltimore Orioles,0.01,,,,
1996-08-23,Bob Wickman,Milwaukee Brewers,New York Yankees,5.85,,,,
1996-08-23,Gerald Williams,Milwaukee Brewers,New York Yankees,1.21,,,,
1996-08-23,Pat Listach,New York Yankees,Milwaukee Brewers,0,,,,
1996-08-23,Graeme Lloyd,New York Yankees,Milwaukee Brewers,1.05,,,,
1996-08-26,Pat Mahomes,Boston Red Sox,Minnesota Twins,-0.22,,,,
1996-08-26,Gregg Olson,Houston Astros,Detroit Tigers,-0.01,,,,
1996-08-27,Pedro Santana,Detroit Tigers,Houston Astros,0,,,,
1996-08-28,Ron Wright,Pittsburgh Pirates,Atlanta Braves,0,,,,
1996-08-28,Denny Neagle,Atlanta Braves,Pittsburgh Pirates,7.07,,,,
1996-08-29,Ricky Bones,New York Yankees,Milwaukee Brewers,-0.42,,,,
1996-08-29,Pete Incaviglia,Baltimore Orioles,Philadelphia Phillies,0.01,,,,
1996-08-29,Todd Zeile,Baltimore Orioles,Philadelphia Phillies,0.43,,,,
1996-08-29,Dave Hollins,Seattle Mariners,Minnesota Twins,1.11,,,,
1996-08-30,Jason Schmidt,Pittsburgh Pirates,Atlanta Braves,9.34,,,,
1996-08-30,Charlie Hayes,New York Yankees,Pittsburgh Pirates,0.9,,,,
1996-08-31,Jeromy Burnitz,Milwaukee Brewers,Cleveland Guardians,15.73,,,,
1996-08-31,Don Slaught,Chicago White Sox,Los Angeles Angels,-0.34,,,,
1996-08-31,Kevin Seitzer,Cleveland Guardians,Milwaukee Brewers,0.69,,,,
1996-08-31,Dave Clark,Los Angeles Dodgers,Pittsburgh Pirates,-0.05,,,,
1996-09-03,Rick Helling,Miami Marlins,Texas Rangers,2.54,,,,
1996-09-04,Calvin Maduro,Philadelphia Phillies,Baltimore Orioles,-1.27,,,,
1996-09-04,Garrett Stephenson,Philadelphia Phillies,Baltimore Orioles,1.61,,,,
1996-09-11,Andujar Cedeno,Houston Astros,Detroit Tigers,0.1,,,,
1996-09-13,David Ortiz,Minnesota Twins,Seattle Mariners,2.58,,,,
1996-10-28,Mike Bovee,Los Angeles Angels,Kansas City Royals,0,,,,
1996-10-28,Mark Gubicza,Los Angeles Angels,Kansas City Royals,0,,,,
1996-10-28,Chili Davis,Kansas City Royals,Los Angeles Angels,2.4,,,,
1996-10-28,Ruben Sierra,Cincinnati Reds,Detroit Tigers,0.04,,,,
1996-10-29,Trey Moore,Washington Nationals,Seattle Mariners,-0.4,,,,
1996-10-29,Matt Wagner,Washington Nationals,Seattle Mariners,0,,,,
1996-10-29,Chris Widger,Washington Nationals,Seattle Mariners,0.66,,,,
1996-10-29,Jeff Fassero,Seattle Mariners,Washington Nationals,7.02,,,,
1996-10-29,Alex Pacheco,Seattle Mariners,Washington Nationals,0,,,,
1996-11-01,Clint Sodowsky,Pittsburgh Pirates,Detroit Tigers,1,,,,
1996-11-01,Dan Miceli,Detroit Tigers,Pittsburgh Pirates,0.34,,,,
1996-11-04,Dwayne Hosey,Texas Rangers,Boston Red Sox,0,,,,
1996-11-13,Jeff Kent,San Francisco Giants,Cleveland Guardians,31.57,,,,
1996-11-13,Julian Tavarez,San Francisco Giants,Cleveland Guardians,0.07,,,,
1996-11-13,Jose Vizcaino,San Francisco Giants,Cleveland Guardians,1.48,,,,
1996-11-13,Matt Williams,Cleveland Guardians,San Francisco Giants,4.25,,,,
1996-11-14,Jose Silva,Pittsburgh Pirates,Toronto Blue Jays,-1.04,,,,
1996-11-14,Carlos Garcia,Toronto Blue Jays,Pittsburgh Pirates,-2.01,,,,
1996-11-14,Dan Plesac,Toronto Blue Jays,Pittsburgh Pirates,2.67,,,,
1996-11-14,Orlando Merced,Toronto Blue Jays,Pittsburgh Pirates,2.47,,,,
1996-11-20,Miguel Cairo,Chicago Cubs,Toronto Blue Jays,0.57,,,,
1996-11-21,Dustin Hermanson,Miami Marlins,San Diego Padres,0,,,,
1996-11-21,Quilvio Veras,San Diego Padres,Miami Marlins,5.71,,,,
1996-11-25,Lee Tinsley,Seattle Mariners,Boston Red Sox,0.09,,,,
1996-11-25,Paul Byrd,Atlanta Braves,New York Mets,0.36,,,,
1996-11-25,Greg McMichael,New York Mets,Atlanta Braves,1.08,,,,
1996-11-25,Jesus Tavarez,Boston Red Sox,Miami Marlins,-0.28,,,,
1996-11-25,Joel Adamson,Milwaukee Brewers,Miami Marlins,0.84,,,,
1996-11-26,Jamie Brewington,Kansas City Royals,San Francisco Giants,0,,,,
1996-11-26,J.T. Snow,San Francisco Giants,Los Angeles Angels,2.9,,,,
1996-11-26,Allen Watson,Los Angeles Angels,San Francisco Giants,0,,,,
1996-11-27,Armando Reynoso,New York Mets,Colorado Rockies,1.87,,,,
1996-11-27,Jerry Dipoto,Colorado Rockies,New York Mets,5.63,,,,
1996-11-27,Ricardo Jordan,New York Mets,Philadelphia Phillies,-0.29,,,,
1996-11-27,Toby Borland,New York Mets,Philadelphia Phillies,-0.23,,,,
1996-11-27,Rico Brogna,Philadelphia Phillies,New York Mets,-2.87,,,,
1996-12-05,Jim Leyritz,Los Angeles Angels,New York Yankees,0,,,,
1996-12-06,Sterling Hitchcock,San Diego Padres,Seattle Mariners,5.2,,,,
1996-12-06,Scott Sanders,Seattle Mariners,San Diego Padres,-0.81,,,,
1996-12-09,Ramon Martinez,San Francisco Giants,Kansas City Royals,0,,,,
1996-12-10,Jeff Berblinger,Los Angeles Dodgers,Detroit Tigers,0,,,,
1996-12-10,Deivi Cruz,Detroit Tigers,Los Angeles Dodgers,5.99,,,,
1996-12-10,Brad Ausmus,Houston Astros,Detroit Tigers,5.03,,,,
1996-12-10,Jose Lima,Houston Astros,Detroit Tigers,4.67,,,,
1996-12-10,Trever Miller,Houston Astros,Detroit Tigers,1.86,,,,
1996-12-10,C.J. Nitkowski,Houston Astros,Detroit Tigers,0,,,,
1996-12-10,Daryle Ward,Houston Astros,Detroit Tigers,-3.34,,,,
1996-12-10,Doug Brocail,Detroit Tigers,Houston Astros,7.28,,,,
1996-12-10,Brian L. Hunter,Detroit Tigers,Houston Astros,0,,,,
1996-12-10,Todd Jones,Detroit Tigers,Houston Astros,3.76,,,,
1996-12-10,Orlando Miller,Detroit Tigers,Houston Astros,0.37,,,,
1996-12-11,Abraham O. Nunez,Pittsburgh Pirates,Toronto Blue Jays,0.2,,,,
1996-12-11,Craig Wilson,Pittsburgh Pirates,Toronto Blue Jays,4.54,,,,
1996-12-11,Matt Walbeck,Detroit Tigers,Minnesota Twins,-1.37,,,,
1996-12-11,Roberto Duran,Detroit Tigers,Toronto Blue Jays,-0.1,,,,
1996-12-13,Yorkis Perez,Atlanta Braves,Miami Marlins,0,,,,
1996-12-13,Jeff Granger,Pittsburgh Pirates,Kansas City Royals,-0.53,,,,
1996-12-13,Joe Randa,Pittsburgh Pirates,Kansas City Royals,2.47,,,,
1996-12-13,Jeff Wallace,Pittsburgh Pirates,Kansas City Royals,0.55,,,,
1996-12-13,Jay Bell,Kansas City Royals,Pittsburgh Pirates,5.44,,,,
1996-12-13,Jeff King,Kansas City Royals,Pittsburgh Pirates,5.97,,,,
1996-12-16,Joe Roa,San Francisco Giants,Cleveland Guardians,-0.47,,,,
1996-12-16,Trenidad Hubbard,Cleveland Guardians,San Francisco Giants,0,,,,
1996-12-16,Cory Bailey,Texas Rangers,St. Louis Cardinals,0,,,,
1996-12-16,Mark Lewis,San Francisco Giants,Detroit Tigers,-0.25,,,,
1996-12-16,Joey Eischen,San Diego Padres,Detroit Tigers,0,,,,
1996-12-16,Willie Blair,Detroit Tigers,San Diego Padres,2.8,,,,
1996-12-16,Brian Johnson,Detroit Tigers,San Diego Padres,-0.37,,,,
1996-12-17,Brian Looney,Minnesota Twins,Boston Red Sox,0,,,,
1996-12-19,Tom Lampkin,St. Louis Cardinals,San Francisco Giants,0.64,,,,
1996-12-20,John Olerud,New York Mets,Toronto Blue Jays,17.29,,,,
1996-12-20,Robert Person,Toronto Blue Jays,New York Mets,-1.7,,,,
1996-12-23,Rikkert Faneyte,Cincinnati Reds,Texas Rangers,0,,,,
1997-01-09,Mark Smith,San Diego Padres,Baltimore Orioles,0,,,,
1997-01-27,Jose Canseco,Oakland Athletics,Boston Red Sox,0.22,,,,
1997-01-27,John Wasdin,Boston Red Sox,Oakland Athletics,2.36,,,,
1997-01-28,Yamil Benitez,Kansas City Royals,Washington Nationals,0.34,,,,
1997-01-28,Melvin Bunch,Washington Nationals,Kansas City Royals,0,,,,
1997-01-31,Gene Schall,Chicago White Sox,Philadelphia Phillies,0,,,,
1997-01-31,Mike Robertson,Philadelphia Phillies,Chicago White Sox,-0.33,,,,
1997-02-12,Rene Arocha,San Francisco Giants,St. Louis Cardinals,-0.71,,,,
1997-03-13,Brian Tollberg,San Diego Padres,Milwaukee Brewers,2.13,,,,
1997-03-15,Joey Eischen,Cincinnati Reds,San Diego Padres,-0.06,,,,
1997-03-15,Luis Lopez,Houston Astros,San Diego Padres,0,,,,
1997-03-15,Sean Runyan,San Diego Padres,Houston Astros,0,,,,
1997-03-22,Hector Ramirez,Baltimore Orioles,New York Mets,0,,,,
1997-03-22,Manny Alexander,New York Mets,Baltimore Orioles,0.7,,,,
1997-03-22,Scott McClain,New York Mets,Baltimore Orioles,0,,,,
1997-03-22,Jody Reed,Detroit Tigers,San Diego Padres,-0.37,,,,
1997-03-22,Mike Darr,San Diego Padres,Detroit Tigers,2.51,,,,
1997-03-22,Matt Skrmetta,San Diego Padres,Detroit Tigers,0,,,,
1997-03-25,Marquis Grissom,Cleveland Guardians,Atlanta Braves,1.86,,,,
1997-03-25,David Justice,Cleveland Guardians,Atlanta Braves,10.93,,,,
1997-03-25,Alan Embree,Atlanta Braves,Cleveland Guardians,0.59,,,,
1997-03-25,Kenny Lofton,Atlanta Braves,Cleveland Guardians,4.96,,,,
1997-03-26,Cliff Floyd,Miami Marlins,Washington Nationals,16.87,,,,
1997-03-26,Dustin Hermanson,Washington Nationals,Miami Marlins,9.6,,,,
1997-03-26,Joe Orsulak,Washington Nationals,Miami Marlins,-0.56,,,,
1997-03-27,Keith Johns,Milwaukee Brewers,St. Louis Cardinals,0,,,,
1997-03-27,Jermaine Dye,Kansas City Royals,Atlanta Braves,8.95,,,,
1997-03-27,Jamie Walker,Kansas City Royals,Atlanta Braves,-0.89,,,,
1997-03-27,Keith Lockhart,Atlanta Braves,Kansas City Royals,2.94,,,,
1997-03-27,Michael Tucker,Atlanta Braves,Kansas City Royals,3.52,,,,
1997-03-29,Trey Beamon,San Diego Padres,Pittsburgh Pirates,-0.39,,,,
1997-03-29,Angelo Encarnacion,San Diego Padres,Pittsburgh Pirates,0,,,,
1997-03-29,Mark Smith,Pittsburgh Pirates,San Diego Padres,0.13,,,,
1997-03-31,Tim Bogar,Houston Astros,New York Mets,0.72,,,,
1997-03-31,Luis Lopez,New York Mets,Houston Astros,-0.04,,,,
1997-03-31,Curt Lyons,Chicago Cubs,Cincinnati Reds,0,,,,
1997-03-31,Ozzie Timmons,Cincinnati Reds,Chicago Cubs,0.02,,,,
1997-04-08,Scott Klingenbeck,Cincinnati Reds,Minnesota Twins,-0.33,,,,
1997-04-14,Rich DeLucia,Los Angeles Angels,San Francisco Giants,2.02,,,,
1997-04-22,Homer Bush,New York Yankees,San Diego Padres,0.49,,,,
1997-04-22,Rafael Medina,San Diego Padres,New York Yankees,0,,,,
1997-04-22,Ruben Rivera,San Diego Padres,New York Yankees,3.18,,,,
1997-04-23,Jeff Huson,Milwaukee Brewers,Colorado Rockies,-1.29,,,,
1997-04-24,Todd Haney,Houston Astros,Seattle Mariners,0,,,,
1997-04-30,Wes Chamberlain,New York Mets,Pittsburgh Pirates,0,,,,
1997-05-09,Jose Cabrera,Houston Astros,Cleveland Guardians,1.48,,,,
1997-05-09,Alvin Morman,Cleveland Guardians,Houston Astros,-0.21,,,,
1997-05-12,Ricky Trlicek,New York Mets,Boston Red Sox,-0.32,,,,
1997-05-12,Toby Borland,Boston Red Sox,New York Mets,-0.16,,,,
1997-05-18,Chuck McElroy,Chicago White Sox,Los Angeles Angels,0.69,,,,
1997-05-18,Jorge Fabregas,Chicago White Sox,Los Angeles Angels,0.47,,,,
1997-05-18,Tony Phillips,Los Angeles Angels,Chicago White Sox,0.85,,,,
1997-05-18,Chad Kreuter,Los Angeles Angels,Chicago White Sox,0.3,,,,
1997-05-29,Hideki Irabu,New York Yankees,San Diego Padres,3.77,,,,
1997-05-30,Rudy Seanez,Kansas City Royals,New York Mets,0.46,,,,
1997-06-05,Ryan Thompson,Toronto Blue Jays,Cleveland Guardians,0,,,,
1997-06-05,Jeff Manto,Cleveland Guardians,Toronto Blue Jays,-0.08,,,,
1997-06-09,Chad Curtis,New York Yankees,Cleveland Guardians,4.23,,,,
1997-06-09,David Weathers,Cleveland Guardians,New York Yankees,-0.27,,,,
1997-06-10,Paul Menhart,San Diego Padres,Seattle Mariners,0.45,,,,
1997-06-10,Andres Berumen,Seattle Mariners,San Diego Padres,0,,,,
1997-06-13,Rich Batchelor,San Diego Padres,St. Louis Cardinals,-0.17,,,,
1997-06-13,Danny Jackson,San Diego Padres,St. Louis Cardinals,-1.37,,,,
1997-06-13,Mark Sweeney,San Diego Padres,St. Louis Cardinals,1.33,,,,
1997-06-13,Scott Livingstone,St. Louis Cardinals,San Diego Padres,-0.6,,,,
1997-06-13,Phil Plantier,St. Louis Cardinals,San Diego Padres,0.11,,,,
1997-06-13,Fernando Valenzuela,St. Louis Cardinals,San Diego Padres,-0.6,,,,
1997-06-19,Creighton Gubanich,Milwaukee Brewers,Oakland Athletics,0,,,,
1997-06-23,Gil Heredia,Chicago Cubs,Washington Nationals,0,,,,
1997-06-27,Jimmy Haynes,Oakland Athletics,Baltimore Orioles,2.08,,,,
1997-06-27,Geronimo Berroa,Baltimore Orioles,Oakland Athletics,0.05,,,,
1997-07-15,Frank Castillo,Colorado Rockies,Chicago Cubs,0.51,,,,
1997-07-15,Jon Nunnally,Cincinnati Reds,Kansas City Royals,1.87,,,,
1997-07-15,Chris Stynes,Cincinnati Reds,Kansas City Royals,5.59,,,,
1997-07-15,Hector Carrasco,Kansas City Royals,Cincinnati Reds,-0.15,,,,
1997-07-15,Scott Service,Kansas City Royals,Cincinnati Reds,1.37,,,,
1997-07-16,Marcus Jensen,Detroit Tigers,San Francisco Giants,-0.08,,,,
1997-07-16,Brian Johnson,San Francisco Giants,Detroit Tigers,2.14,,,,
1997-07-16,Dave Hajek,San Diego Padres,Detroit Tigers,0,,,,
1997-07-18,Dean Crow,Detroit Tigers,Seattle Mariners,0.42,,,,
1997-07-18,Scott Sanders,Detroit Tigers,Seattle Mariners,0,,,,
1997-07-18,Felipe Lira,Seattle Mariners,Detroit Tigers,-0.86,,,,
1997-07-18,Omar Olivares,Seattle Mariners,Detroit Tigers,0.22,,,,
1997-07-18,Pat Rapp,San Francisco Giants,Miami Marlins,-0.56,,,,
1997-07-21,Darren Daulton,Miami Marlins,Philadelphia Phillies,0.48,,,,
1997-07-21,Billy McMillon,Philadelphia Phillies,Miami Marlins,0.53,,,,
1997-07-25,Tom Goodwin,Texas Rangers,Kansas City Royals,3.01,,,,
1997-07-25,Dean Palmer,Kansas City Royals,Texas Rangers,2.37,,,,
1997-07-27,Craig Counsell,Miami Marlins,Colorado Rockies,2.51,,,,
1997-07-27,Mark Hutton,Colorado Rockies,Miami Marlins,-0.14,,,,
1997-07-29,Harold Baines,Baltimore Orioles,Chicago White Sox,4.23,,,,
1997-07-29,Jim Leyritz,Texas Rangers,Los Angeles Angels,0.66,,,,
1997-07-29,Ken Hill,Los Angeles Angels,Texas Rangers,4.28,,,,
1997-07-29,Cory Bailey,San Francisco Giants,Texas Rangers,-0.19,,,,
1997-07-29,Mariano Duncan,Toronto Blue Jays,New York Yankees,-0.08,,,,
1997-07-29,Matt Whisenant,Kansas City Royals,Miami Marlins,0.2,,,,
1997-07-29,Matt Treanor,Miami Marlins,Kansas City Royals,2.02,,,,
1997-07-29,Jason Grimsley,Kansas City Royals,Milwaukee Brewers,4.34,,,,
1997-07-29,Jamie Brewington,Milwaukee Brewers,Kansas City Royals,0,,,,
1997-07-31,Mike Johnson,Washington Nationals,Baltimore Orioles,-1.41,,,,
1997-07-31,Lorenzo Barcelo,Chicago White Sox,San Francisco Giants,0.55,,,,
1997-07-31,Mike Caruso,Chicago White Sox,San Francisco Giants,1.07,,,,
1997-07-31,Keith Foulke,Chicago White Sox,San Francisco Giants,14.32,,,,
1997-07-31,Bob Howry,Chicago White Sox,San Francisco Giants,6.01,,,,
1997-07-31,Ken Vining,Chicago White Sox,San Francisco Giants,-0.55,,,,
1997-07-31,Wilson Alvarez,San Francisco Giants,Chicago White Sox,0.27,,,,
1997-07-31,Danny Darwin,San Francisco Giants,Chicago White Sox,-1.43,,,,
1997-07-31,Roberto Hernandez,San Francisco Giants,Chicago White Sox,1.09,,,,
1997-07-31,Jeff Juden,Cleveland Guardians,Washington Nationals,-0.06,,,,
1997-07-31,Steve Kline,Washington Nationals,Cleveland Guardians,3.72,,,,
1997-07-31,Eric Ludwick,Oakland Athletics,St. Louis Cardinals,-0.58,,,,
1997-07-31,T.J. Mathews,Oakland Athletics,St. Louis Cardinals,0,,,,
1997-07-31,Blake Stein,Oakland Athletics,St. Louis Cardinals,-1.02,,,,
1997-07-31,Mark McGwire,St. Louis Cardinals,Oakland Athletics,19.25,,,,
1997-07-31,Heathcliff Slocumb,Seattle Mariners,Boston Red Sox,0.43,,,,
1997-07-31,Derek Lowe,Boston Red Sox,Seattle Mariners,19.36,,,,
1997-07-31,Jason Varitek,Boston Red Sox,Seattle Mariners,24.24,,,,
1997-07-31,Paul Spoljaric,Seattle Mariners,Toronto Blue Jays,-1.23,,,,
1997-07-31,Mike Timlin,Seattle Mariners,Toronto Blue Jays,2.64,,,,
1997-07-31,Jose Cruz,Toronto Blue Jays,Seattle Mariners,11.51,,,,
1997-07-31,Jim Crowell,Cincinnati Reds,Cleveland Guardians,-0.29,,,,
1997-07-31,Danny Graves,Cincinnati Reds,Cleveland Guardians,6.28,,,,
1997-07-31,Damian Jackson,Cincinnati Reds,Cleveland Guardians,0.5,,,,
1997-07-31,Scott Winchester,Cincinnati Reds,Cleveland Guardians,-1.25,,,,
1997-07-31,Jeff Branson,Cleveland Guardians,Cincinnati Reds,-0.66,,,,
1997-07-31,John Smiley,Cleveland Guardians,Cincinnati Reds,0.15,,,,
1997-08-05,Creighton Gubanich,Colorado Rockies,Milwaukee Brewers,0,,,,
1997-08-08,Lance Johnson,Chicago Cubs,New York Mets,0.71,,,,
1997-08-08,Brian McRae,New York Mets,Chicago Cubs,0.43,,,,
1997-08-08,Mel Rojas,New York Mets,Chicago Cubs,-1.35,,,,
1997-08-08,Turk Wendell,New York Mets,Chicago Cubs,4.91,,,,
1997-08-09,Eddie Williams,Pittsburgh Pirates,Los Angeles Dodgers,-0.32,,,,
1997-08-11,Mark Clark,Chicago Cubs,New York Mets,2.73,,,,
1997-08-12,Rick Helling,Texas Rangers,Miami Marlins,13.58,,,,
1997-08-12,Ed Vosberg,Miami Marlins,Texas Rangers,-0.08,,,,
1997-08-12,Otis Nixon,Los Angeles Dodgers,Toronto Blue Jays,0.16,,,,
1997-08-13,Tony Armas,Boston Red Sox,New York Yankees,0,,,,
1997-08-13,Mike Stanley,New York Yankees,Boston Red Sox,0.17,,,,
1997-08-13,Rickey Henderson,Los Angeles Angels,San Diego Padres,-0.13,,,,
1997-08-13,Ryan Hancock,San Diego Padres,Los Angeles Angels,0,,,,
1997-08-14,Mark Davis,Milwaukee Brewers,Arizona Diamondbacks,-0.08,,,,
1997-08-14,Manny Alexander,Chicago Cubs,New York Mets,-0.52,,,,
1997-08-14,Greg Colbrunn,Atlanta Braves,Minnesota Twins,0.19,,,,
1997-08-15,Tony Pena,Houston Astros,Chicago White Sox,-0.12,,,,
1997-08-16,Rey Sanchez,New York Yankees,Chicago Cubs,0.3,,,,
1997-08-19,George Arias,San Diego Padres,Los Angeles Angels,-0.11,,,,
1997-08-19,Pedro Astacio,Colorado Rockies,Los Angeles Dodgers,9.7,,,,
1997-08-19,Eric Young,Los Angeles Dodgers,Colorado Rockies,4.51,,,,
1997-08-20,Roberto Kelly,Seattle Mariners,Minnesota Twins,1.1,,,,
1997-08-23,Angelo Encarnacion,Los Angeles Angels,San Diego Padres,-0.06,,,,
1997-08-23,Aaron Guiel,San Diego Padres,Los Angeles Angels,0,,,,
1997-08-27,Darren Lewis,Los Angeles Dodgers,Chicago White Sox,0.61,,,,
1997-08-30,Bip Roberts,Cleveland Guardians,Kansas City Royals,0.19,,,,
1997-08-30,Roland DeLaMaza,Kansas City Royals,Cleveland Guardians,0,,,,
1997-08-30,Darrin Jackson,Milwaukee Brewers,Minnesota Twins,0.18,,,,
1997-08-31,Shawon Dunston,Pittsburgh Pirates,Chicago Cubs,1.04,,,,
1997-08-31,Keith Johns,Baltimore Orioles,Milwaukee Brewers,0,,,,
1997-08-31,Pete Harnisch,Milwaukee Brewers,New York Mets,0.02,,,,
1997-09-02,Chad Fonville,Chicago White Sox,Los Angeles Dodgers,-0.06,,,,
1997-09-05,Greg Myers,Atlanta Braves,Minnesota Twins,0.09,,,,
1997-09-08,Brian Raabe,Colorado Rockies,Seattle Mariners,0.04,,,,
1997-09-29,Jim Mecir,Boston Red Sox,New York Yankees,0,,,,
1997-10-09,Joe Mays,Minnesota Twins,Seattle Mariners,10.83,,,,
1997-10-31,Rob Sasser,Texas Rangers,Los Angeles Angels,-0.03,,,,
1997-10-31,Everett Stull,Baltimore Orioles,Washington Nationals,0,,,,
1997-10-31,Matt Perisho,Texas Rangers,Los Angeles Angels,-1.83,,,,
1997-10-31,Mike Bell,Los Angeles Angels,Texas Rangers,0,,,,
1997-11-06,Damon Buford,Boston Red Sox,Texas Rangers,2.14,,,,
1997-11-06,Jim Leyritz,Boston Red Sox,Texas Rangers,0.74,,,,
1997-11-06,Mark Brandenburg,Texas Rangers,Boston Red Sox,0,,,,
1997-11-06,Bill Haselman,Texas Rangers,Boston Red Sox,2.09,,,,
1997-11-06,Aaron Sele,Texas Rangers,Boston Red Sox,6.52,,,,
1997-11-07,Kenny Rogers,Oakland Athletics,New York Yankees,9.23,,,,
1997-11-10,Dmitri Young,Cincinnati Reds,St. Louis Cardinals,5.59,,,,
1997-11-10,Jeff Brantley,St. Louis Cardinals,Cincinnati Reds,0.03,,,,
1997-11-11,Manuel Barrios,Miami Marlins,Houston Astros,0.06,,,,
1997-11-11,Oscar Henriquez,Miami Marlins,Houston Astros,-0.85,,,,
1997-11-11,Moises Alou,Houston Astros,Miami Marlins,11.76,,,,
1997-11-11,Felix Rodriguez,Arizona Diamondbacks,Cincinnati Reds,-0.7,,,,
1997-11-11,Melvin Nieves,Cincinnati Reds,Detroit Tigers,-0.13,,,,
1997-11-11,Paul Bako,Detroit Tigers,Cincinnati Reds,0.65,,,,
1997-11-11,Donne Wall,Detroit Tigers,Cincinnati Reds,0,,,,
1997-11-11,Charlie Hayes,San Francisco Giants,New York Yankees,0.66,,,,
1997-11-11,Alberto Castillo,New York Yankees,San Francisco Giants,-0.4,,,,
1997-11-11,Chris Singleton,New York Yankees,San Francisco Giants,0,,,,
1997-11-18,Kurt Miller,Chicago Cubs,Miami Marlins,-0.19,,,,
1997-11-18,Scott Brosius,New York Yankees,Oakland Athletics,8.3,,,,
1997-11-18,Travis Fryman,Arizona Diamondbacks,Detroit Tigers,0,,,,
1997-11-18,Devon White,Arizona Diamondbacks,Miami Marlins,3.75,,,,
1997-11-18,Harvey Pulliam,Arizona Diamondbacks,Colorado Rockies,0,,,,
1997-11-18,Robb Nen,San Francisco Giants,Miami Marlins,10.35,,,,
1997-11-18,Joe Fontenot,Miami Marlins,San Francisco Giants,-0.78,,,,
1997-11-18,Carl Pavano,Washington Nationals,Boston Red Sox,2.15,,,,
1997-11-18,Pedro Martinez,Boston Red Sox,Washington Nationals,53.51,,,,
1997-11-18,Jake Westbrook,Washington Nationals,Colorado Rockies,0,,,,
1997-11-18,Mike Lansing,Colorado Rockies,Washington Nationals,0.16,,,,
1997-11-19,Scott Winchester,Cincinnati Reds,Arizona Diamondbacks,-1.25,,,,
1997-11-19,Dmitri Young,Cincinnati Reds,Tampa Bay Rays,5.59,,,,
1997-11-19,Gabe Alvarez,Detroit Tigers,Arizona Diamondbacks,-1.18,,,,
1997-11-19,Joe Randa,Detroit Tigers,Arizona Diamondbacks,1.82,,,,
1997-11-19,Chuck McElroy,Colorado Rockies,Arizona Diamondbacks,3.41,,,,
1997-11-19,Bobby Abreu,Philadelphia Phillies,Tampa Bay Rays,47.2,,,,
1997-11-19,Brian Boehringer,San Diego Padres,Tampa Bay Rays,1.32,,,,
1997-11-19,Andy Sheets,San Diego Padres,Tampa Bay Rays,0.26,,,,
1997-11-19,Dan Miceli,San Diego Padres,Detroit Tigers,1.3,,,,
1997-11-19,Donne Wall,San Diego Padres,Detroit Tigers,3.98,,,,
1997-11-19,Trey Beamon,Detroit Tigers,San Diego Padres,-0.13,,,,
1997-11-19,Tim Worrell,Detroit Tigers,San Diego Padres,-0.29,,,,
1997-11-20,Phil Nevin,Los Angeles Angels,Detroit Tigers,-0.37,,,,
1997-11-20,Matt Walbeck,Los Angeles Angels,Detroit Tigers,-0.57,,,,
1997-11-20,Jeff Conine,Kansas City Royals,Miami Marlins,0.14,,,,
1997-11-20,Rick Greene,Milwaukee Brewers,Detroit Tigers,0,,,,
1997-11-20,Mike Myers,Milwaukee Brewers,Detroit Tigers,1.18,,,,
1997-11-20,Santiago Perez,Milwaukee Brewers,Detroit Tigers,-0.34,,,,
1997-11-20,Bryce Florie,Detroit Tigers,Milwaukee Brewers,0.86,,,,
1997-11-20,Ed Vosberg,San Diego Padres,Miami Marlins,-0.72,,,,
1997-11-26,David Newhan,San Diego Padres,Oakland Athletics,-0.42,,,,
1997-11-26,Don Wengert,San Diego Padres,Oakland Athletics,-0.12,,,,
1997-11-26,Doug Bochtler,Oakland Athletics,San Diego Padres,0,,,,
1997-11-26,Jorge Velandia,Oakland Athletics,San Diego Padres,-0.37,,,,
1997-12-01,Matt Williams,Arizona Diamondbacks,Cleveland Guardians,8.3,,,,
1997-12-01,Travis Fryman,Cleveland Guardians,Arizona Diamondbacks,6.88,,,,
1997-12-01,Tom Martin,Cleveland Guardians,Arizona Diamondbacks,-0.84,,,,
1997-12-08,Marquis Grissom,Milwaukee Brewers,Cleveland Guardians,0.29,,,,
1997-12-08,Jeff Juden,Milwaukee Brewers,Cleveland Guardians,-1.09,,,,
1997-12-08,Mike Fetters,Cleveland Guardians,Milwaukee Brewers,0,,,,
1997-12-08,Ben McDonald,Cleveland Guardians,Milwaukee Brewers,0,,,,
1997-12-08,Ron Villone,Cleveland Guardians,Milwaukee Brewers,-0.11,,,,
1997-12-08,Steve Karsay,Cleveland Guardians,Oakland Athletics,6.31,,,,
1997-12-09,Mike Fetters,Oakland Athletics,Cleveland Guardians,0.56,,,,
1997-12-10,Mark Hutton,Cincinnati Reds,Colorado Rockies,-0.26,,,,
1997-12-10,Curtis Goodwin,Colorado Rockies,Cincinnati Reds,-0.37,,,,
1997-12-10,Terry Jones,Washington Nationals,Colorado Rockies,0.89,,,,
1997-12-10,Dave Veres,Colorado Rockies,Washington Nationals,4.68,,,,
1997-12-11,Sandy Martinez,Chicago Cubs,Toronto Blue Jays,-0.43,,,,
1997-12-11,Gerald Williams,Atlanta Braves,Milwaukee Brewers,4.09,,,,
1997-12-11,Chad Fox,Milwaukee Brewers,Atlanta Braves,2.1,,,,
1997-12-12,Henry Rodriguez,Chicago Cubs,Washington Nationals,3.83,,,,
1997-12-12,Miguel Batista,Washington Nationals,Chicago Cubs,0.4,,,,
1997-12-12,Rich Becker,New York Mets,Minnesota Twins,0.1,,,,
1997-12-12,Alex Ochoa,Minnesota Twins,New York Mets,-1.81,,,,
1997-12-15,Kevin Brown,San Diego Padres,Miami Marlins,9.07,,,,
1997-12-15,Derrek Lee,Miami Marlins,San Diego Padres,9.89,,,,
1997-12-15,Rafael Medina,Miami Marlins,San Diego Padres,-1.2,,,,
1997-12-15,Mike Welch,Philadelphia Phillies,New York Mets,-0.68,,,,
1997-12-16,Mark Johnson,Miami Marlins,Houston Astros,0,,,,
1997-12-16,Hector Mercado,New York Mets,Philadelphia Phillies,0,,,,
1997-12-18,Tony Armas,Washington Nationals,Boston Red Sox,7.07,,,,
1997-12-18,Dennis Cook,New York Mets,Miami Marlins,2.74,,,,
1997-12-19,Benji Gil,Chicago White Sox,Texas Rangers,0,,,,
1997-12-19,Al Levine,Texas Rangers,Chicago White Sox,0.48,,,,
1997-12-19,Larry Thomas,Texas Rangers,Chicago White Sox,0,,,,
1997-12-19,Kurt Abbott,Oakland Athletics,Miami Marlins,-0.55,,,,
1997-12-19,Eric Ludwick,Miami Marlins,Oakland Athletics,-1.15,,,,
1997-12-22,Carl Everett,Houston Astros,New York Mets,9.19,,,,
1997-12-22,John Hudek,New York Mets,Houston Astros,0.19,,,,
1997-12-23,Doug Glanville,Philadelphia Phillies,Chicago Cubs,8.7,,,,
1997-12-23,Mickey Morandini,Chicago Cubs,Philadelphia Phillies,2.78,,,,
1998-01-14,Sean Bergman,Houston Astros,San Diego Padres,1.9,,,,
1998-01-14,James Mouton,San Diego Padres,Houston Astros,-1.01,,,,
1998-01-20,Jon Ratliff,Atlanta Braves,Chicago Cubs,0,,,,
1998-01-20,Ray King,Chicago Cubs,Atlanta Braves,-0.18,,,,
1998-01-29,Dave McCarty,Seattle Mariners,San Francisco Giants,0.32,,,,
1998-01-29,Jalal Leach,San Francisco Giants,Seattle Mariners,-0.17,,,,
1998-02-04,Hector Ramirez,Miami Marlins,Baltimore Orioles,0,,,,
1998-02-05,Roberto Petagine,Cincinnati Reds,New York Mets,0.52,,,,
1998-02-06,Brian Buchanan,Minnesota Twins,New York Yankees,0.31,,,,
1998-02-06,Cristian Guzman,Minnesota Twins,New York Yankees,7.6,,,,
1998-02-06,Eric Milton,Minnesota Twins,New York Yankees,14.95,,,,
1998-02-06,Danny Mota,Minnesota Twins,New York Yankees,-0.05,,,,
1998-02-06,Chuck Knoblauch,New York Yankees,Minnesota Twins,7.48,,,,
1998-02-06,A.J. Burnett,Miami Marlins,New York Mets,0,,,,
1998-02-06,Jesus Sanchez,Miami Marlins,New York Mets,0.31,,,,
1998-02-06,Al Leiter,New York Mets,Miami Marlins,26.4,,,,
1998-02-06,Ralph Milliard,New York Mets,Miami Marlins,-0.03,,,,
1998-02-10,Mike Bell,New York Mets,Arizona Diamondbacks,0,,,,
1998-03-07,Andy Fox,Arizona Diamondbacks,New York Yankees,1.58,,,,
1998-03-07,Todd Erdos,New York Yankees,Arizona Diamondbacks,0.19,,,,
1998-03-07,Marty Janzen,New York Yankees,Arizona Diamondbacks,0,,,,
1998-03-11,Ben McDonald,Milwaukee Brewers,Cleveland Guardians,0,,,,
1998-03-11,Mark Watson,Cleveland Guardians,Milwaukee Brewers,-0.18,,,,
1998-03-14,Tim Crabtree,Texas Rangers,Toronto Blue Jays,2.76,,,,
1998-03-14,Kevin Brown,Toronto Blue Jays,Texas Rangers,0.49,,,,
1998-03-20,Tim Belk,Detroit Tigers,Cincinnati Reds,0,,,,
1998-03-20,Kevin Baez,Cincinnati Reds,Detroit Tigers,0,,,,
1998-03-20,Brandon Villafuerte,Miami Marlins,New York Mets,0,,,,
1998-03-21,Eric Owens,Miami Marlins,Cincinnati Reds,0.6,,,,
1998-03-26,Jim Bullinger,Seattle Mariners,Chicago White Sox,-0.34,,,,
1998-03-28,Juan Acevedo,St. Louis Cardinals,New York Mets,2.08,,,,
1998-03-28,Rigo Beltran,New York Mets,St. Louis Cardinals,0.31,,,,
1998-03-29,Chris Tremie,Texas Rangers,Philadelphia Phillies,0.03,,,,
1998-03-30,Chip Hale,St. Louis Cardinals,Los Angeles Angels,0,,,,
1998-03-30,Craig Shipley,Los Angeles Angels,St. Louis Cardinals,0.19,,,,
1998-03-30,Sean Casey,Cincinnati Reds,Cleveland Guardians,16.7,,,,
1998-03-30,Dave Burba,Cleveland Guardians,Cincinnati Reds,10.55,,,,
1998-03-30,Keith Johns,Boston Red Sox,Baltimore Orioles,0.01,,,,
1998-04-08,Mike Macfarlane,Oakland Athletics,Kansas City Royals,0.52,,,,
1998-04-08,Shane Mack,Kansas City Royals,Oakland Athletics,0.37,,,,
1998-04-08,Marc Kroon,Cincinnati Reds,San Diego Padres,-0.23,,,,
1998-04-08,Buddy Carlyle,San Diego Padres,Cincinnati Reds,-0.55,,,,
1998-04-18,Chad Mottola,Texas Rangers,Cincinnati Reds,0,,,,
1998-04-27,Ricky Pickett,Arizona Diamondbacks,San Francisco Giants,-0.22,,,,
1998-04-27,Chris Jones,San Francisco Giants,Arizona Diamondbacks,-0.44,,,,
1998-05-05,Ben Van Ryn,San Diego Padres,Chicago Cubs,0,,,,
1998-05-05,Don Wengert,Chicago Cubs,San Diego Padres,0.13,,,,
1998-05-06,Scott Sanders,San Diego Padres,Detroit Tigers,-0.22,,,,
1998-05-08,Robert Perez,Washington Nationals,Seattle Mariners,-0.92,,,,
1998-05-08,Raul Chavez,Seattle Mariners,Washington Nationals,-0.03,,,,
1998-05-08,Rick Wilkins,New York Mets,Seattle Mariners,-0.17,,,,
1998-05-09,Greg Hansell,Kansas City Royals,Oakland Athletics,0,,,,
1998-05-14,Manuel Barrios,Los Angeles Dodgers,Miami Marlins,0.04,,,,
1998-05-14,Bobby Bonilla,Los Angeles Dodgers,Miami Marlins,-1.16,,,,
1998-05-14,Jim Eisenreich,Los Angeles Dodgers,Miami Marlins,-1.03,,,,
1998-05-14,Charles Johnson,Los Angeles Dodgers,Miami Marlins,0.64,,,,
1998-05-14,Gary Sheffield,Los Angeles Dodgers,Miami Marlins,17.04,,,,
1998-05-14,Mike Piazza,Miami Marlins,Los Angeles Dodgers,-0.08,,,,
1998-05-14,Todd Zeile,Miami Marlins,Los Angeles Dodgers,1.13,,,,
1998-05-22,Mike Piazza,New York Mets,Miami Marlins,24.63,,,,
1998-05-22,Preston Wilson,Miami Marlins,New York Mets,6.19,,,,
1998-05-22,Ed Yarnall,Miami Marlins,New York Mets,0,,,,
1998-06-01,Rod Lindsey,Detroit Tigers,San Diego Padres,0.12,,,,
1998-06-03,Scott Brow,New York Yankees,Arizona Diamondbacks,0,,,,
1998-06-03,Willie Banks,Arizona Diamondbacks,New York Yankees,0.27,,,,
1998-06-04,Brad Clontz,New York Mets,Los Angeles Dodgers,-0.06,,,,
1998-06-04,Hideo Nomo,New York Mets,Los Angeles Dodgers,0.66,,,,
1998-06-04,Greg McMichael,Los Angeles Dodgers,New York Mets,-0.02,,,,
1998-06-04,Dave Mlicki,Los Angeles Dodgers,New York Mets,1.19,,,,
1998-06-09,Pete Smith,Baltimore Orioles,San Diego Padres,-0.26,,,,
1998-06-09,Kurt Abbott,Colorado Rockies,Oakland Athletics,-0.8,,,,
1998-06-10,Shawn Gilbert,St. Louis Cardinals,New York Mets,0.03,,,,
1998-06-10,Wayne Kirby,New York Mets,St. Louis Cardinals,-0.39,,,,
1998-06-16,Rick Krivda,Cincinnati Reds,Cleveland Guardians,-1.7,,,,
1998-06-16,Eddie Priest,Cleveland Guardians,Cincinnati Reds,0,,,,
1998-06-18,David West,Boston Red Sox,Houston Astros,-0.31,,,,
1998-06-20,Jim Leyritz,San Diego Padres,Boston Red Sox,0.19,,,,
1998-06-20,Carlos Reyes,Boston Red Sox,San Diego Padres,0.65,,,,
1998-06-20,Mandy Romero,Boston Red Sox,San Diego Padres,0.06,,,,
1998-06-20,Dario Veras,Boston Red Sox,San Diego Padres,-0.33,,,,
1998-06-23,Bobby Witt,St. Louis Cardinals,Texas Rangers,-0.26,,,,
1998-06-23,Bip Roberts,Oakland Athletics,Detroit Tigers,1.23,,,,
1998-06-23,Russ Springer,Atlanta Braves,Arizona Diamondbacks,0.56,,,,
1998-06-23,Alan Embree,Arizona Diamondbacks,Atlanta Braves,0.18,,,,
1998-06-24,Dave Roberts,Cleveland Guardians,Detroit Tigers,0.11,,,,
1998-06-24,Tim Worrell,Cleveland Guardians,Detroit Tigers,0.03,,,,
1998-06-24,Geronimo Berroa,Detroit Tigers,Cleveland Guardians,-0.51,,,,
1998-06-27,Jermaine Allensworth,Kansas City Royals,Pittsburgh Pirates,0.02,,,,
1998-07-03,Lenny Harris,New York Mets,Cincinnati Reds,-0.46,,,,
1998-07-03,John Hudek,Cincinnati Reds,New York Mets,0.42,,,,
1998-07-04,Jay Powell,Houston Astros,Miami Marlins,1.89,,,,
1998-07-04,Ramon Castro,Miami Marlins,Houston Astros,0.02,,,,
1998-07-04,Paul Konerko,Cincinnati Reds,Los Angeles Dodgers,-0.44,,,,
1998-07-04,Dennys Reyes,Cincinnati Reds,Los Angeles Dodgers,0.32,,,,
1998-07-04,Jeff Shaw,Los Angeles Dodgers,Cincinnati Reds,3.63,,,,
1998-07-10,Greg McMichael,New York Mets,Los Angeles Dodgers,-0.35,,,,
1998-07-10,Brian Bohanon,Los Angeles Dodgers,New York Mets,2.59,,,,
1998-07-12,Tim Worrell,Oakland Athletics,Cleveland Guardians,1.32,,,,
1998-07-17,Esteban Loaiza,Texas Rangers,Pittsburgh Pirates,3.11,,,,
1998-07-17,Warren Morris,Pittsburgh Pirates,Texas Rangers,1.24,,,,
1998-07-17,Todd Van Poppel,Pittsburgh Pirates,Texas Rangers,0.04,,,,
1998-07-18,Jason Wood,Detroit Tigers,Oakland Athletics,-0.21,,,,
1998-07-23,Joe Carter,San Francisco Giants,Baltimore Orioles,-0.25,,,,
1998-07-23,Doug Jones,Cleveland Guardians,Milwaukee Brewers,0.68,,,,
1998-07-23,Eric Plunk,Milwaukee Brewers,Cleveland Guardians,0.36,,,,
1998-07-23,Jacob Cruz,Cleveland Guardians,San Francisco Giants,0.62,,,,
1998-07-23,Steve Reed,Cleveland Guardians,San Francisco Giants,1.16,,,,
1998-07-23,Shawon Dunston,San Francisco Giants,Cleveland Guardians,-0.74,,,,
1998-07-23,Jose Mesa,San Francisco Giants,Cleveland Guardians,0.2,,,,
1998-07-23,Alvin Morman,San Francisco Giants,Cleveland Guardians,-0.05,,,,
1998-07-23,Jim Bruske,San Diego Padres,Los Angeles Dodgers,-0.02,,,,
1998-07-24,Reid Cornelius,Miami Marlins,Arizona Diamondbacks,0.99,,,,
1998-07-29,Matt Karchner,Chicago Cubs,Chicago White Sox,0.2,,,,
1998-07-29,Jon Garland,Chicago White Sox,Chicago Cubs,18.56,,,,
1998-07-30,Charlie O'Brien,Los Angeles Angels,Chicago White Sox,-0.83,,,,
1998-07-30,Pete Munro,Toronto Blue Jays,Boston Red Sox,0,,,,
1998-07-30,Mike Stanley,Boston Red Sox,Toronto Blue Jays,2.97,,,,
1998-07-30,Greg Colbrunn,Atlanta Braves,Colorado Rockies,0.19,,,,
1998-07-30,David Cortes,Colorado Rockies,Atlanta Braves,1.04,,,,
1998-07-30,Mike Porzio,Colorado Rockies,Atlanta Braves,-0.01,,,,
1998-07-31,Kevin Tolar,Cincinnati Reds,Pittsburgh Pirates,0,,,,
1998-07-31,Joe Hudson,Milwaukee Brewers,Boston Red Sox,-0.18,,,,
1998-07-31,Eddy Diaz,Boston Red Sox,Milwaukee Brewers,0,,,,
1998-07-31,John Barnes,Minnesota Twins,Boston Red Sox,-0.06,,,,
1998-07-31,Matt Kinney,Minnesota Twins,Boston Red Sox,0.87,,,,
1998-07-31,Orlando Merced,Boston Red Sox,Minnesota Twins,-0.19,,,,
1998-07-31,Greg Swindell,Boston Red Sox,Minnesota Twins,0.12,,,,
1998-07-31,Randy Johnson,Houston Astros,Seattle Mariners,3.98,,,,
1998-07-31,Freddy Garcia,Seattle Mariners,Houston Astros,0,,,,
1998-07-31,Carlos Guillen,Seattle Mariners,Houston Astros,9.11,,,,
1998-07-31,Todd Zeile,Texas Rangers,Miami Marlins,3.05,,,,
1998-07-31,Darren Oliver,St. Louis Cardinals,Texas Rangers,4.04,,,,
1998-07-31,Fernando Tatis,St. Louis Cardinals,Texas Rangers,5.47,,,,
1998-07-31,Royce Clayton,Texas Rangers,St. Louis Cardinals,4.31,,,,
1998-07-31,Todd Stottlemyre,Texas Rangers,St. Louis Cardinals,0.74,,,,
1998-07-31,Juan Guzman,Baltimore Orioles,Toronto Blue Jays,2.8,,,,
1998-07-31,Nerio Rodriguez,Toronto Blue Jays,Baltimore Orioles,-0.52,,,,
1998-07-31,Tony Phillips,New York Mets,Toronto Blue Jays,-0.32,,,,
1998-07-31,Leo Estrella,Toronto Blue Jays,New York Mets,0.02,,,,
1998-07-31,Ed Sprague,Oakland Athletics,Toronto Blue Jays,-0.8,,,,
1998-07-31,Justin Speier,Miami Marlins,Chicago Cubs,-0.76,,,,
1998-07-31,Kevin Orie,Miami Marlins,Chicago Cubs,1.71,,,,
1998-07-31,Felix Heredia,Chicago Cubs,Miami Marlins,-0.45,,,,
1998-07-31,Ellis Burks,San Francisco Giants,Colorado Rockies,8.82,,,,
1998-07-31,Darryl Hamilton,Colorado Rockies,San Francisco Giants,0.71,,,,
1998-07-31,Jim Stoops,Colorado Rockies,San Francisco Giants,0.16,,,,
1998-07-31,Mike Kinkade,New York Mets,Milwaukee Brewers,-0.03,,,,
1998-07-31,Bill Pulsipher,Milwaukee Brewers,New York Mets,-0.13,,,,
1998-07-31,Carlos Perez,Los Angeles Dodgers,Washington Nationals,-0.39,,,,
1998-07-31,Mark Grudzielanek,Los Angeles Dodgers,Washington Nationals,7.02,,,,
1998-07-31,Hiram Bocachica,Los Angeles Dodgers,Washington Nationals,-0.15,,,,
1998-07-31,Peter Bergeron,Washington Nationals,Los Angeles Dodgers,-2.82,,,,
1998-07-31,Wilton Guerrero,Washington Nationals,Los Angeles Dodgers,-1.19,,,,
1998-07-31,Ted Lilly,Washington Nationals,Los Angeles Dodgers,-0.41,,,,
1998-07-31,Willie Blair,New York Mets,Arizona Diamondbacks,0.73,,,,
1998-07-31,Jorge Fabregas,New York Mets,Arizona Diamondbacks,-0.43,,,,
1998-07-31,Nelson Figueroa,Arizona Diamondbacks,New York Mets,-0.05,,,,
1998-07-31,Bernard Gilkey,Arizona Diamondbacks,New York Mets,-0.5,,,,
1998-08-01,Hensley Meulens,Chicago White Sox,Arizona Diamondbacks,0,,,,
1998-08-06,Randy Myers,San Diego Padres,Toronto Blue Jays,-0.33,,,,
1998-08-09,Jack Voigt,Texas Rangers,Oakland Athletics,0,,,,
1998-08-09,Mark Little,St. Louis Cardinals,Texas Rangers,-0.01,,,,
1998-08-10,Mike Fetters,Los Angeles Angels,Oakland Athletics,-0.06,,,,
1998-08-10,Jermaine Allensworth,New York Mets,Kansas City Royals,-0.35,,,,
1998-08-10,Jeffrey Hammonds,Cincinnati Reds,Baltimore Orioles,2.64,,,,
1998-08-10,Willie Greene,Baltimore Orioles,Cincinnati Reds,-0.02,,,,
1998-08-19,David Cortes,Atlanta Braves,Colorado Rockies,-0.03,,,,
1998-08-23,Jim Bruske,New York Yankees,San Diego Padres,0.16,,,,
1998-08-25,Mike Morgan,Chicago Cubs,Minnesota Twins,-0.23,,,,
1998-08-28,Gregg Jefferies,Los Angeles Angels,Philadelphia Phillies,0.36,,,,
1998-08-31,Chris Snopek,Boston Red Sox,Chicago White Sox,-0.08,,,,
1998-08-31,Joey Cora,Cleveland Guardians,Seattle Mariners,-0.39,,,,
1998-08-31,David Bell,Seattle Mariners,Cleveland Guardians,5.9,,,,
1998-08-31,John Vander Wal,San Diego Padres,Colorado Rockies,0.94,,,,
1998-09-09,Doug Nickle,Philadelphia Phillies,Los Angeles Angels,-0.13,,,,
1998-09-09,Damon Hollins,Los Angeles Dodgers,Atlanta Braves,-0.14,,,,
1998-09-11,Mark Johnson,Los Angeles Angels,Cincinnati Reds,-0.3,,,,
1998-09-12,Cesar Crespo,Miami Marlins,New York Mets,0,,,,
1998-09-18,Chad Kreuter,Los Angeles Angels,Chicago White Sox,-0.09,,,,
1998-10-01,John Halama,Seattle Mariners,Houston Astros,5.56,,,,
1998-10-12,Eric Weaver,Seattle Mariners,Los Angeles Dodgers,-0.33,,,,
1998-11-03,Scott Downs,Minnesota Twins,Chicago Cubs,0,,,,
1998-11-09,Paul Spoljaric,Philadelphia Phillies,Seattle Mariners,-0.94,,,,
1998-11-09,Mark Leiter,Seattle Mariners,Philadelphia Phillies,-0.01,,,,
1998-11-10,Bret Boone,Atlanta Braves,Cincinnati Reds,0.15,,,,
1998-11-10,Mike Remlinger,Atlanta Braves,Cincinnati Reds,7.68,,,,
1998-11-10,Rob Bell,Cincinnati Reds,Atlanta Braves,0.39,,,,
1998-11-10,Denny Neagle,Cincinnati Reds,Atlanta Braves,4.19,,,,
1998-11-10,Michael Tucker,Cincinnati Reds,Atlanta Braves,2.63,,,,
1998-11-10,Dante Powell,Arizona Diamondbacks,San Francisco Giants,-0.45,,,,
1998-11-10,Alan Embree,San Francisco Giants,Arizona Diamondbacks,0.32,,,,
1998-11-11,Bob Wolcott,Boston Red Sox,Arizona Diamondbacks,-0.14,,,,
1998-11-11,Mike Cameron,Cincinnati Reds,Chicago White Sox,5.52,,,,
1998-11-11,Paul Konerko,Chicago White Sox,Cincinnati Reds,29.23,,,,
1998-11-11,Mel Rojas,Los Angeles Dodgers,New York Mets,-0.23,,,,
1998-11-11,Bobby Bonilla,New York Mets,Los Angeles Dodgers,-1.41,,,,
1998-11-13,Chad Ogea,Philadelphia Phillies,Cleveland Guardians,-0.39,,,,
1998-11-13,Jerry Spradlin,Cleveland Guardians,Philadelphia Phillies,-0.21,,,,
1998-11-16,Dan Naulty,New York Yankees,Minnesota Twins,0.58,,,,
1998-11-18,Brian Giles,Pittsburgh Pirates,Cleveland Guardians,26.12,,,,
1998-11-18,Ricardo Rincon,Cleveland Guardians,Pittsburgh Pirates,2.94,,,,
1998-11-19,Jeff Brantley,Philadelphia Phillies,St. Louis Cardinals,-0.77,,,,
1998-11-19,Ron Gant,Philadelphia Phillies,St. Louis Cardinals,3.53,,,,
1998-11-19,Cliff Politte,Philadelphia Phillies,St. Louis Cardinals,1.22,,,,
1998-11-19,Ricky Bottalico,St. Louis Cardinals,Philadelphia Phillies,-0.62,,,,
1998-11-19,Garrett Stephenson,St. Louis Cardinals,Philadelphia Phillies,3.57,,,,
1998-11-20,Oscar Henriquez,New York Mets,Miami Marlins,0,,,,
1998-11-20,Jorge Fabregas,Miami Marlins,New York Mets,0.41,,,,
1998-12-01,Roger Cedeno,New York Mets,Los Angeles Dodgers,1.05,,,,
1998-12-01,Charles Johnson,New York Mets,Los Angeles Dodgers,0,,,,
1998-12-01,Todd Hundley,Los Angeles Dodgers,New York Mets,2.35,,,,
1998-12-01,Armando Benitez,New York Mets,Baltimore Orioles,9.74,,,,
1998-12-02,Charles Johnson,Baltimore Orioles,New York Mets,6.15,,,,
1998-12-02,Manuel Barrios,Cincinnati Reds,Miami Marlins,0,,,,
1998-12-02,Guillermo Garcia,Miami Marlins,Cincinnati Reds,-0.03,,,,
1998-12-04,Joe Randa,New York Mets,Detroit Tigers,0,,,,
1998-12-04,Willie Blair,Detroit Tigers,New York Mets,-0.95,,,,
1998-12-08,Chris Singleton,Chicago White Sox,New York Yankees,8.16,,,,
1998-12-08,Felix Rodriguez,San Francisco Giants,Arizona Diamondbacks,8.33,,,,
1998-12-10,Joe Randa,Kansas City Royals,New York Mets,14.17,,,,
1998-12-12,Carlos Almanzar,San Diego Padres,Toronto Blue Jays,-0.23,,,,
1998-12-12,Woody Williams,San Diego Padres,Toronto Blue Jays,7.79,,,,
1998-12-12,Joey Hamilton,Toronto Blue Jays,San Diego Padres,0.33,,,,
1998-12-14,Alex Ochoa,Milwaukee Brewers,Minnesota Twins,3.11,,,,
1998-12-14,Beiker Graterol,Detroit Tigers,Toronto Blue Jays,-0.26,,,,
1998-12-14,Armando Almanza,Miami Marlins,St. Louis Cardinals,-0.5,,,,
1998-12-14,Braden Looper,Miami Marlins,St. Louis Cardinals,3.6,,,,
1998-12-14,Pablo Ozuna,Miami Marlins,St. Louis Cardinals,-0.08,,,,
1998-12-14,Edgar Renteria,St. Louis Cardinals,Miami Marlins,16.68,,,,
1998-12-14,Jon Lieber,Chicago Cubs,Pittsburgh Pirates,12.95,,,,
1998-12-14,Brant Brown,Pittsburgh Pirates,Chicago Cubs,-1.3,,,,
1998-12-14,Lesli Brea,New York Mets,Seattle Mariners,0,,,,
1998-12-14,Butch Huskey,Seattle Mariners,New York Mets,0.91,,,,
1998-12-14,Mark Petkovsek,Los Angeles Angels,St. Louis Cardinals,2.17,,,,
1998-12-15,J.B. Miadich,Arizona Diamondbacks,Boston Red Sox,0,,,,
1998-12-15,Eric Ludwick,Toronto Blue Jays,Detroit Tigers,-0.11,,,,
1998-12-21,Troy Brohawn,Arizona Diamondbacks,San Francisco Giants,0.24,,,,
1998-12-23,Gregg Zaun,Texas Rangers,Miami Marlins,0.49,,,,
1998-12-28,Luis Gonzalez,Arizona Diamondbacks,Detroit Tigers,30.02,,,,
1998-12-28,Karim Garcia,Detroit Tigers,Arizona Diamondbacks,0.12,,,,
1999-01-06,Pat Watkins,Miami Marlins,Cincinnati Reds,0,,,,
1999-01-12,Darren Hall,Chicago White Sox,Los Angeles Dodgers,0,,,,
1999-01-14,Paul Bako,Houston Astros,Detroit Tigers,0.47,,,,
1999-01-14,Dean Crow,Houston Astros,Detroit Tigers,0,,,,
1999-01-14,Brian Powell,Houston Astros,Detroit Tigers,-0.09,,,,
1999-01-14,Brad Ausmus,Detroit Tigers,Houston Astros,6.71,,,,
1999-01-14,C.J. Nitkowski,Detroit Tigers,Houston Astros,0,,,,
1999-02-01,Mike Lowell,Miami Marlins,New York Yankees,14.19,,,,
1999-02-01,Mark Johnson,New York Yankees,Miami Marlins,0,,,,
1999-02-01,Ed Yarnall,New York Yankees,Miami Marlins,0.14,,,,
1999-02-02,Mark Sweeney,Cincinnati Reds,San Diego Padres,0.31,,,,
1999-02-02,Greg Vaughn,Cincinnati Reds,San Diego Padres,3.36,,,,
1999-02-02,Damian Jackson,San Diego Padres,Cincinnati Reds,6.02,,,,
1999-02-02,Reggie Sanders,San Diego Padres,Cincinnati Reds,4.14,,,,
1999-02-04,Ralph Milliard,Cincinnati Reds,New York Mets,0,,,,
1999-02-04,Mark Corey,New York Mets,Cincinnati Reds,-0.3,,,,
1999-02-09,Sean Lowe,Chicago White Sox,St. Louis Cardinals,5.1,,,,
1999-02-18,Homer Bush,Toronto Blue Jays,New York Yankees,2.92,,,,
1999-02-18,Graeme Lloyd,Toronto Blue Jays,New York Yankees,1.02,,,,
1999-02-18,David Wells,Toronto Blue Jays,New York Yankees,7.7,,,,
1999-02-18,Roger Clemens,New York Yankees,Toronto Blue Jays,21.12,,,,
1999-02-25,Tony Womack,Arizona Diamondbacks,Pittsburgh Pirates,1.42,,,,
1999-03-23,Shane Halter,New York Mets,Kansas City Royals,0,,,,
1999-03-25,Marc Ronan,Philadelphia Phillies,Houston Astros,0,,,,
1999-03-25,Jon Nunnally,Boston Red Sox,Cincinnati Reds,-0.13,,,,
1999-03-25,Brook Fordyce,Chicago White Sox,Cincinnati Reds,2.76,,,,
1999-03-26,Tim Laker,Pittsburgh Pirates,Los Angeles Dodgers,-0.01,,,,
1999-03-29,Mike Glavine,Atlanta Braves,Cleveland Guardians,0,,,,
1999-03-29,Jason Johnson,Baltimore Orioles,Tampa Bay Rays,4.13,,,,
1999-03-29,Danny Clyburn,Tampa Bay Rays,Baltimore Orioles,-0.26,,,,
1999-03-29,Pat Watkins,Colorado Rockies,Miami Marlins,-0.5,,,,
1999-03-29,Phil Nevin,San Diego Padres,Los Angeles Angels,17.79,,,,
1999-03-29,Andy Sheets,Los Angeles Angels,San Diego Padres,-1.12,,,,
1999-03-30,Darren Holmes,Arizona Diamondbacks,New York Yankees,0.28,,,,
1999-03-30,Ben Ford,New York Yankees,Arizona Diamondbacks,-0.22,,,,
1999-03-30,Izzy Molina,New York Yankees,Arizona Diamondbacks,0,,,,
1999-03-30,Jay Witasick,Kansas City Royals,Oakland Athletics,0.38,,,,
1999-03-30,Tomas Perez,Los Angeles Angels,Toronto Blue Jays,0,,,,
1999-03-30,Dave Hollins,Toronto Blue Jays,Los Angeles Angels,-0.47,,,,
1999-03-30,Clint Sodowsky,St. Louis Cardinals,Arizona Diamondbacks,-0.56,,,,
1999-03-30,John Frascatore,Arizona Diamondbacks,St. Louis Cardinals,0.25,,,,
1999-04-01,Justin Speier,Atlanta Braves,Miami Marlins,-0.06,,,,
1999-04-02,Jeff Conine,Baltimore Orioles,Kansas City Royals,6.88,,,,
1999-04-02,Chris Fussell,Kansas City Royals,Baltimore Orioles,-1.4,,,,
1999-04-03,Bobby Ayala,Washington Nationals,Seattle Mariners,0.43,,,,
1999-04-16,John Hudek,Atlanta Braves,Cincinnati Reds,-0.27,,,,
1999-04-16,Mark Wohlers,Cincinnati Reds,Atlanta Braves,0.18,,,,
1999-04-16,Robinson Checo,Los Angeles Dodgers,Detroit Tigers,-0.71,,,,
1999-04-16,Dave Mlicki,Detroit Tigers,Los Angeles Dodgers,1.1,,,,
1999-04-16,Mel Rojas,Detroit Tigers,Los Angeles Dodgers,-1.07,,,,
1999-04-22,Jerry Spradlin,San Francisco Giants,Cleveland Guardians,0.45,,,,
1999-04-28,Brian L. Hunter,Seattle Mariners,Detroit Tigers,0,,,,
1999-05-05,Robert Person,Philadelphia Phillies,Toronto Blue Jays,6.16,,,,
1999-05-05,Paul Spoljaric,Toronto Blue Jays,Philadelphia Phillies,0.12,,,,
1999-05-21,Scott Downs,Chicago Cubs,Minnesota Twins,0.02,,,,
1999-05-21,Rick Aguilera,Chicago Cubs,Minnesota Twins,0.4,,,,
1999-05-21,Kyle Lohse,Minnesota Twins,Chicago Cubs,6.66,,,,
1999-05-21,Jason Ryan,Minnesota Twins,Chicago Cubs,0.44,,,,
1999-05-23,Neil Weber,Los Angeles Dodgers,Arizona Diamondbacks,0,,,,
1999-05-27,P.J. Forbes,Baltimore Orioles,Texas Rangers,0,,,,
1999-05-31,Rob Stanifer,Boston Red Sox,Miami Marlins,-0.55,,,,
1999-06-01,Lyle Mouton,Milwaukee Brewers,Baltimore Orioles,0.16,,,,
1999-06-01,Todd Dunn,Baltimore Orioles,Milwaukee Brewers,0,,,,
1999-06-10,Scott Chiasson,Oakland Athletics,Kansas City Royals,0,,,,
1999-06-12,Dan Plesac,Arizona Diamondbacks,Toronto Blue Jays,0.84,,,,
1999-06-12,Tony Batista,Toronto Blue Jays,Arizona Diamondbacks,6.05,,,,
1999-06-12,John Frascatore,Toronto Blue Jays,Arizona Diamondbacks,0.93,,,,
1999-06-15,Craig Counsell,Los Angeles Dodgers,Miami Marlins,0.34,,,,
1999-06-18,Marc Pisciotta,Kansas City Royals,Atlanta Braves,-0.15,,,,
1999-06-18,Mac Suzuki,New York Mets,Seattle Mariners,0,,,,
1999-06-18,Allen Watson,Seattle Mariners,New York Mets,-0.48,,,,
1999-06-19,Matt Mieske,Houston Astros,Seattle Mariners,-0.77,,,,
1999-06-19,Kevin Hodges,Seattle Mariners,Houston Astros,0.05,,,,
1999-06-27,Andy Van Hekken,Detroit Tigers,Seattle Mariners,0.81,,,,
1999-07-05,Ronald Calloway,Washington Nationals,Arizona Diamondbacks,0,,,,
1999-07-07,Tarrik Brock,Chicago Cubs,Colorado Rockies,-0.11,,,,
1999-07-07,Domingo Cedeno,Philadelphia Phillies,Seattle Mariners,-0.52,,,,
1999-07-07,Jose Flores,Seattle Mariners,Philadelphia Phillies,0,,,,
1999-07-08,Juan Melo,Toronto Blue Jays,San Diego Padres,0,,,,
1999-07-08,Matt Mantei,Arizona Diamondbacks,Miami Marlins,2.69,,,,
1999-07-08,Vladimir Nunez,Miami Marlins,Arizona Diamondbacks,-0.18,,,,
1999-07-08,Brad Penny,Miami Marlins,Arizona Diamondbacks,7.87,,,,
1999-07-16,Rocky Coppinger,Milwaukee Brewers,Baltimore Orioles,0.31,,,,
1999-07-21,Al Reyes,Baltimore Orioles,Milwaukee Brewers,0,,,,
1999-07-21,Julio Santana,Boston Red Sox,Tampa Bay Rays,0,,,,
1999-07-22,Todd Williams,Seattle Mariners,Cincinnati Reds,0.16,,,,
1999-07-22,Kerry Robinson,Cincinnati Reds,Seattle Mariners,-0.06,,,,
1999-07-23,Terrence Long,Oakland Athletics,New York Mets,4.65,,,,
1999-07-23,Kenny Rogers,New York Mets,Oakland Athletics,1.12,,,,
1999-07-23,Jose Guillen,Tampa Bay Rays,Pittsburgh Pirates,0.62,,,,
1999-07-23,Jeff Sparks,Tampa Bay Rays,Pittsburgh Pirates,0.51,,,,
1999-07-23,Joe Oliver,Pittsburgh Pirates,Tampa Bay Rays,-0.89,,,,
1999-07-23,Humberto Cota,Pittsburgh Pirates,Tampa Bay Rays,-0.17,,,,
1999-07-25,Scott Aldred,Philadelphia Phillies,Tampa Bay Rays,0.33,,,,
1999-07-25,Livan Hernandez,San Francisco Giants,Miami Marlins,5.7,,,,
1999-07-25,Jason Grilli,Miami Marlins,San Francisco Giants,0.03,,,,
1999-07-25,Nate Bump,Miami Marlins,San Francisco Giants,-0.66,,,,
1999-07-26,Robert Ramsay,Seattle Mariners,Boston Red Sox,0.77,,,,
1999-07-26,Butch Huskey,Boston Red Sox,Seattle Mariners,-0.18,,,,
1999-07-27,Greg Myers,Atlanta Braves,San Diego Padres,0.21,,,,
1999-07-28,Tom Davey,Seattle Mariners,Toronto Blue Jays,0.14,,,,
1999-07-28,Steve Sinclair,Seattle Mariners,Toronto Blue Jays,0.19,,,,
1999-07-28,David Segui,Toronto Blue Jays,Seattle Mariners,0.27,,,,
1999-07-29,Esteban Beltre,Chicago White Sox,Baltimore Orioles,0,,,,
1999-07-29,Jeff DaVanon,Los Angeles Angels,Oakland Athletics,4.05,,,,
1999-07-29,Nathan Haynes,Los Angeles Angels,Oakland Athletics,0,,,,
1999-07-29,Omar Olivares,Oakland Athletics,Los Angeles Angels,0.34,,,,
1999-07-29,Randy Velarde,Oakland Athletics,Los Angeles Angels,4.91,,,,
1999-07-31,Juan Guzman,Cincinnati Reds,Baltimore Orioles,0.88,,,,
1999-07-31,B.J. Ryan,Baltimore Orioles,Cincinnati Reds,0.3,,,,
1999-07-31,Mike Maroth,Detroit Tigers,Boston Red Sox,6.39,,,,
1999-07-31,Bryce Florie,Boston Red Sox,Detroit Tigers,-0.23,,,,
1999-07-31,Mandy Romero,New York Mets,Boston Red Sox,0,,,,
1999-07-31,Kevin Appier,Oakland Athletics,Kansas City Royals,2.63,,,,
1999-07-31,Jeff D'Amico,Kansas City Royals,Oakland Athletics,0,,,,
1999-07-31,Brad Rigby,Kansas City Royals,Oakland Athletics,-1.33,,,,
1999-07-31,Blake Stein,Kansas City Royals,Oakland Athletics,3.75,,,,
1999-07-31,Jason Isringhausen,Oakland Athletics,New York Mets,4.09,,,,
1999-07-31,Greg McMichael,Oakland Athletics,New York Mets,0.05,,,,
1999-07-31,Billy Taylor,New York Mets,Oakland Athletics,-0.38,,,,
1999-07-31,Micah Bowie,Chicago Cubs,Atlanta Braves,-1.73,,,,
1999-07-31,Ruben Quevedo,Chicago Cubs,Atlanta Braves,-2.05,,,,
1999-07-31,Jose Hernandez,Atlanta Braves,Chicago Cubs,0.36,,,,
1999-07-31,Terry Mulholland,Atlanta Braves,Chicago Cubs,1.56,,,,
1999-07-31,Brandon Villafuerte,Detroit Tigers,Miami Marlins,-0.11,,,,
1999-07-31,Rigo Beltran,Colorado Rockies,New York Mets,-0.17,,,,
1999-07-31,Brian McRae,Colorado Rockies,New York Mets,0.06,,,,
1999-07-31,Darryl Hamilton,New York Mets,Colorado Rockies,0.82,,,,
1999-07-31,Chuck McElroy,New York Mets,Colorado Rockies,0.22,,,,
1999-07-31,Craig Paquette,St. Louis Cardinals,New York Mets,0.85,,,,
1999-07-31,Shawon Dunston,New York Mets,St. Louis Cardinals,0.26,,,,
1999-07-31,Jim Leyritz,New York Yankees,San Diego Padres,-0.34,,,,
1999-08-03,George Williams,Houston Astros,Minnesota Twins,0,,,,
1999-08-04,Mike Matthews,Boston Red Sox,Cleveland Guardians,0,,,,
1999-08-09,Brian McRae,Toronto Blue Jays,Colorado Rockies,-0.31,,,,
1999-08-13,Derek Wallace,Kansas City Royals,New York Mets,0.15,,,,
1999-08-18,Rich Becker,Oakland Athletics,Milwaukee Brewers,0.82,,,,
1999-08-20,Carl Dale,Milwaukee Brewers,Oakland Athletics,-0.37,,,,
1999-08-24,Joey Nation,Chicago Cubs,Atlanta Braves,-0.06,,,,
1999-08-24,Mike Matthews,St. Louis Cardinals,Boston Red Sox,1.49,,,,
1999-08-24,Kent Mercker,Boston Red Sox,St. Louis Cardinals,0.53,,,,
1999-08-25,Jason Boyd,Pittsburgh Pirates,Arizona Diamondbacks,-0.01,,,,
1999-08-27,Harold Baines,Cleveland Guardians,Baltimore Orioles,-0.27,,,,
1999-08-27,Jeff Fassero,Texas Rangers,Seattle Mariners,0,,,,
1999-08-31,Rod Beck,Boston Red Sox,Chicago Cubs,2.66,,,,
1999-08-31,Mark Guthrie,Chicago Cubs,Boston Red Sox,1.22,,,,
1999-08-31,Tyler Houston,Cleveland Guardians,Chicago Cubs,-0.08,,,,
1999-08-31,Lenny Harris,Arizona Diamondbacks,Colorado Rockies,-0.85,,,,
1999-08-31,Stan Javier,Houston Astros,San Francisco Giants,0.71,,,,
1999-09-01,Cole Liniak,Chicago Cubs,Boston Red Sox,-0.76,,,,
1999-09-03,Juan Melo,Cincinnati Reds,Toronto Blue Jays,0,,,,
1999-09-09,Freddy Garcia,Atlanta Braves,Pittsburgh Pirates,0,,,,
1999-09-14,Glendon Rusch,New York Mets,Kansas City Royals,2.31,,,,
1999-09-14,Dan Murray,Kansas City Royals,New York Mets,-0.02,,,,
1999-10-30,Dante Bichette,Cincinnati Reds,Colorado Rockies,0.45,,,,
1999-10-30,Stan Belinda,Colorado Rockies,Cincinnati Reds,-0.74,,,,
1999-10-30,Jeffrey Hammonds,Colorado Rockies,Cincinnati Reds,2.26,,,,
1999-11-02,Frank Catalanotto,Texas Rangers,Detroit Tigers,6.85,,,,
1999-11-02,Francisco Cordero,Texas Rangers,Detroit Tigers,9.67,,,,
1999-11-02,Bill Haselman,Texas Rangers,Detroit Tigers,1.61,,,,
1999-11-02,Gabe Kapler,Texas Rangers,Detroit Tigers,2.82,,,,
1999-11-02,Justin Thompson,Texas Rangers,Detroit Tigers,-0.19,,,,
1999-11-02,Juan Gonzalez,Detroit Tigers,Texas Rangers,1.88,,,,
1999-11-02,Danny Patterson,Detroit Tigers,Texas Rangers,2.43,,,,
1999-11-02,Gregg Zaun,Detroit Tigers,Texas Rangers,0,,,,
1999-11-08,Shawn Green,Los Angeles Dodgers,Toronto Blue Jays,21.01,,,,
1999-11-08,Pedro Borbon,Toronto Blue Jays,Los Angeles Dodgers,0.05,,,,
1999-11-08,Raul Mondesi,Toronto Blue Jays,Los Angeles Dodgers,5.94,,,,
1999-11-10,Adam Eaton,San Diego Padres,Philadelphia Phillies,6.95,,,,
1999-11-10,Carlton Loewer,San Diego Padres,Philadelphia Phillies,-1.08,,,,
1999-11-10,Steve Montgomery,San Diego Padres,Philadelphia Phillies,-0.33,,,,
1999-11-10,Andy Ashby,Philadelphia Phillies,San Diego Padres,-0.73,,,,
1999-11-11,Pat Hentgen,St. Louis Cardinals,Toronto Blue Jays,1.62,,,,
1999-11-11,Paul Spoljaric,St. Louis Cardinals,Toronto Blue Jays,0,,,,
1999-11-11,Alberto Castillo,Toronto Blue Jays,St. Louis Cardinals,-0.27,,,,
1999-11-11,Matt DeWitt,Toronto Blue Jays,St. Louis Cardinals,0.03,,,,
1999-11-11,Lance Painter,Toronto Blue Jays,St. Louis Cardinals,0.36,,,,
1999-11-12,Kevin Orie,Los Angeles Dodgers,Miami Marlins,0,,,,
1999-11-12,Jon Nunnally,New York Mets,Boston Red Sox,-0.02,,,,
1999-11-12,Jermaine Allensworth,Boston Red Sox,New York Mets,0,,,,
1999-11-15,Brian Meadows,San Diego Padres,Miami Marlins,-0.24,,,,
1999-11-15,Dan Miceli,Miami Marlins,San Diego Padres,-0.34,,,,
1999-11-16,Darryl Kile,St. Louis Cardinals,Colorado Rockies,9.7,,,,
1999-11-16,Luther Hackman,St. Louis Cardinals,Colorado Rockies,-0.33,,,,
1999-11-16,Dave Veres,St. Louis Cardinals,Colorado Rockies,3.03,,,,
1999-11-16,Manny Aybar,Colorado Rockies,St. Louis Cardinals,-0.27,,,,
1999-11-16,Brent Butler,Colorado Rockies,St. Louis Cardinals,-0.26,,,,
1999-11-16,Rick Croushore,Colorado Rockies,St. Louis Cardinals,0,,,,
1999-11-16,Jose Jimenez,Colorado Rockies,St. Louis Cardinals,4.9,,,,
1999-11-17,Curt Leskanic,Milwaukee Brewers,Colorado Rockies,3.88,,,,
1999-11-17,Mike Myers,Colorado Rockies,Milwaukee Brewers,3.97,,,,
1999-12-07,Scott Randall,Minnesota Twins,Colorado Rockies,0,,,,
1999-12-07,Chris Latham,Colorado Rockies,Minnesota Twins,0,,,,
1999-12-10,Chuck McElroy,Baltimore Orioles,New York Mets,0.55,,,,
1999-12-10,Jesse Orosco,New York Mets,Baltimore Orioles,0,,,,
1999-12-12,Kimera Bartee,Cincinnati Reds,Detroit Tigers,-0.02,,,,
1999-12-12,Jeff Reboulet,Kansas City Royals,Baltimore Orioles,0.36,,,,
1999-12-12,Manny Alexander,Boston Red Sox,Chicago Cubs,-0.72,,,,
1999-12-12,Damon Buford,Chicago Cubs,Boston Red Sox,0.18,,,,
1999-12-12,Terry Adams,Los Angeles Dodgers,Chicago Cubs,2.31,,,,
1999-12-12,Ismael Valdez,Chicago Cubs,Los Angeles Dodgers,0.68,,,,
1999-12-12,Eric Young,Chicago Cubs,Los Angeles Dodgers,4.55,,,,
1999-12-12,Bobby Estalella,San Francisco Giants,Philadelphia Phillies,2.48,,,,
1999-12-12,Chris Brock,Philadelphia Phillies,San Francisco Giants,1.2,,,,
1999-12-13,Abraham M. Nunez,Miami Marlins,Arizona Diamondbacks,0,,,,
1999-12-13,Jerry Spradlin,Kansas City Royals,San Francisco Giants,-0.22,,,,
1999-12-13,Brandon Knight,New York Yankees,Texas Rangers,-0.72,,,,
1999-12-13,Sam Marsonek,New York Yankees,Texas Rangers,0.05,,,,
1999-12-13,Chad Curtis,Texas Rangers,New York Yankees,0.61,,,,
1999-12-13,Augie Ojeda,Chicago Cubs,Baltimore Orioles,-0.38,,,,
1999-12-13,Rolando Arrojo,Colorado Rockies,Tampa Bay Rays,-0.1,,,,
1999-12-13,Aaron Ledesma,Colorado Rockies,Tampa Bay Rays,-0.23,,,,
1999-12-13,Vinny Castilla,Tampa Bay Rays,Colorado Rockies,-0.6,,,,
1999-12-13,Jeff Cirillo,Colorado Rockies,Milwaukee Brewers,7.9,,,,
1999-12-13,Scott Karl,Colorado Rockies,Milwaukee Brewers,-0.49,,,,
1999-12-13,Henry Blanco,Milwaukee Brewers,Colorado Rockies,1.08,,,,
1999-12-13,Justin Miller,Oakland Athletics,Colorado Rockies,0,,,,
1999-12-13,Jamey Wright,Milwaukee Brewers,Colorado Rockies,2.11,,,,
1999-12-13,Jimmy Haynes,Milwaukee Brewers,Oakland Athletics,0.94,,,,
1999-12-13,Brad Clontz,Arizona Diamondbacks,Pittsburgh Pirates,0,,,,
1999-12-13,Bruce Aven,Pittsburgh Pirates,Miami Marlins,-0.36,,,,
1999-12-13,Brant Brown,Miami Marlins,Pittsburgh Pirates,-0.44,,,,
1999-12-14,Damian Rolls,Tampa Bay Rays,Kansas City Royals,-0.3,,,,
1999-12-14,Johan Santana,Minnesota Twins,Miami Marlins,36.05,,,,
1999-12-14,Dan Naulty,Los Angeles Dodgers,New York Yankees,0,,,,
1999-12-14,Adam Everett,Houston Astros,Boston Red Sox,12.39,,,,
1999-12-14,Carl Everett,Boston Red Sox,Houston Astros,5.72,,,,
1999-12-15,Dante Powell,St. Louis Cardinals,Arizona Diamondbacks,0,,,,
1999-12-15,Luis Ordaz,Arizona Diamondbacks,St. Louis Cardinals,0,,,,
1999-12-15,Todd Dunwoody,Kansas City Royals,Miami Marlins,-1.52,,,,
1999-12-20,Fernando Vina,St. Louis Cardinals,Milwaukee Brewers,5.69,,,,
1999-12-20,Juan Acevedo,Milwaukee Brewers,St. Louis Cardinals,0.9,,,,
1999-12-22,Hideki Irabu,Washington Nationals,New York Yankees,-0.32,,,,
1999-12-22,Jake Westbrook,New York Yankees,Washington Nationals,-0.32,,,,
1999-12-22,Dan Serafini,San Diego Padres,Chicago Cubs,-0.23,,,,
1999-12-22,Wally Joyner,Atlanta Braves,San Diego Padres,0.17,,,,
1999-12-22,Reggie Sanders,Atlanta Braves,San Diego Padres,0.08,,,,
1999-12-22,Quilvio Veras,Atlanta Braves,San Diego Padres,3.31,,,,
1999-12-22,Bret Boone,San Diego Padres,Atlanta Braves,0.21,,,,
1999-12-22,Ryan Klesko,San Diego Padres,Atlanta Braves,15.93,,,,
1999-12-22,Jason Shiell,San Diego Padres,Atlanta Braves,-0.14,,,,
1999-12-23,Roger Cedeno,Houston Astros,New York Mets,0.47,,,,
1999-12-23,Octavio Dotel,Houston Astros,New York Mets,10.34,,,,
1999-12-23,Derek Bell,New York Mets,Houston Astros,1.57,,,,
1999-12-23,Mike Hampton,New York Mets,Houston Astros,5.3,,,,
2000-01-06,Terry Jones,New York Yankees,Los Angeles Dodgers,0,,,,
2000-01-07,Ken Ray,San Francisco Giants,Kansas City Royals,0,,,,
2000-01-12,Cal Eldred,Chicago White Sox,Milwaukee Brewers,1.7,,,,
2000-01-12,Jose Valentin,Chicago White Sox,Milwaukee Brewers,16.92,,,,
2000-01-12,Jaime Navarro,Milwaukee Brewers,Chicago White Sox,-1.35,,,,
2000-01-12,John Snyder,Milwaukee Brewers,Chicago White Sox,-1.25,,,,
2000-01-14,Alex Ochoa,Cincinnati Reds,Milwaukee Brewers,3.35,,,,
2000-01-14,Mark Sweeney,Milwaukee Brewers,Cincinnati Reds,-0.03,,,,
2000-01-14,Masato Yoshii,Colorado Rockies,New York Mets,1.15,,,,
2000-01-14,Lariel Gonzalez,New York Mets,Colorado Rockies,0,,,,
2000-01-14,Bobby Jones,New York Mets,Colorado Rockies,0,,,,
2000-01-21,Luis Lopez,Milwaukee Brewers,New York Mets,0.38,,,,
2000-01-21,Bill Pulsipher,New York Mets,Milwaukee Brewers,-0.39,,,,
2000-02-10,Ken Griffey,Cincinnati Reds,Seattle Mariners,12.83,,,,
2000-02-10,Mike Cameron,Seattle Mariners,Cincinnati Reds,18.38,,,,
2000-02-10,Brett Tomko,Seattle Mariners,Cincinnati Reds,-0.16,,,,
2000-02-10,Antonio Perez,Seattle Mariners,Cincinnati Reds,0,,,,
2000-02-18,Brett Laxton,Kansas City Royals,Oakland Athletics,-0.19,,,,
2000-02-18,Jeremy Giambi,Oakland Athletics,Kansas City Royals,1.75,,,,
2000-02-23,John Vander Wal,Pittsburgh Pirates,San Diego Padres,2.95,,,,
2000-02-23,Al Martin,San Diego Padres,Pittsburgh Pirates,0.3,,,,
2000-03-07,Gregg Zaun,Kansas City Royals,Detroit Tigers,1.77,,,,
2000-03-10,Wendell Magee,Detroit Tigers,Philadelphia Phillies,1.58,,,,
2000-03-13,Freddy Garcia,Cincinnati Reds,Atlanta Braves,0,,,,
2000-03-16,Lee Stevens,Washington Nationals,Texas Rangers,-0.62,,,,
2000-03-16,David Segui,Texas Rangers,Toronto Blue Jays,1.58,,,,
2000-03-16,Brad Fullmer,Toronto Blue Jays,Washington Nationals,2.72,,,,
2000-03-17,Ted Lilly,New York Yankees,Washington Nationals,2.11,,,,
2000-03-18,Joe McEwing,New York Mets,St. Louis Cardinals,0.52,,,,
2000-03-18,Jesse Orosco,St. Louis Cardinals,New York Mets,-0.25,,,,
2000-03-21,Carlos Maldonado,Houston Astros,Seattle Mariners,0,,,,
2000-03-21,Carlos Hernandez,Seattle Mariners,Houston Astros,-0.12,,,,
2000-03-22,Christian Parker,New York Yankees,Washington Nationals,-0.3,,,,
2000-03-23,Jim Mann,New York Mets,Toronto Blue Jays,-0.07,,,,
2000-03-23,Kent Bottenfield,Los Angeles Angels,St. Louis Cardinals,0.76,,,,
2000-03-23,Adam Kennedy,Los Angeles Angels,St. Louis Cardinals,13.42,,,,
2000-03-23,Jim Edmonds,St. Louis Cardinals,Los Angeles Angels,37.92,,,,
2000-03-23,Gary Matthews,Chicago Cubs,San Diego Padres,-0.01,,,,
2000-03-23,Rodney Myers,San Diego Padres,Chicago Cubs,-1.1,,,,
2000-03-23,Wilson Delgado,New York Yankees,San Francisco Giants,-0.01,,,,
2000-03-23,Juan Melo,San Francisco Giants,New York Yankees,-0.24,,,,
2000-03-27,Steve Falteisek,Miami Marlins,Cleveland Guardians,0,,,,
2000-03-29,Edgard Clemente,Los Angeles Angels,Colorado Rockies,-0.95,,,,
2000-03-29,Yorkis Perez,Houston Astros,Philadelphia Phillies,-0.27,,,,
2000-03-29,Trever Miller,Philadelphia Phillies,Houston Astros,-0.49,,,,
2000-03-31,Carlos Mendoza,Colorado Rockies,New York Mets,-0.39,,,,
2000-04-01,Juan Castro,Cincinnati Reds,Los Angeles Dodgers,-1.02,,,,
2000-04-07,Manny Aybar,Cincinnati Reds,Colorado Rockies,-0.02,,,,
2000-04-07,Gabe White,Colorado Rockies,Cincinnati Reds,4.23,,,,
2000-04-14,Ray King,Milwaukee Brewers,Chicago Cubs,3.16,,,,
2000-04-20,Brian Dallimore,Arizona Diamondbacks,Houston Astros,0,,,,
2000-04-25,Brad Rigby,Washington Nationals,Kansas City Royals,-0.18,,,,
2000-04-25,Miguel Batista,Kansas City Royals,Washington Nationals,-0.99,,,,
2000-04-26,Curtis Pride,Boston Red Sox,New York Mets,0.04,,,,
2000-05-01,Simon Pond,Cleveland Guardians,Washington Nationals,0,,,,
2000-05-12,Dave Martinez,Chicago Cubs,Tampa Bay Rays,-0.26,,,,
2000-05-12,Mark Guthrie,Tampa Bay Rays,Chicago Cubs,0.16,,,,
2000-05-27,Marc Valdes,Houston Astros,Tampa Bay Rays,-0.29,,,,
2000-05-27,Russ Johnson,Tampa Bay Rays,Houston Astros,2.67,,,,
2000-05-31,Tony Graffanino,Chicago White Sox,Tampa Bay Rays,5.66,,,,
2000-05-31,Tanyon Sturtze,Tampa Bay Rays,Chicago White Sox,5.72,,,,
2000-06-02,Bill Pulsipher,Arizona Diamondbacks,New York Mets,0,,,,
2000-06-02,Lenny Harris,New York Mets,Arizona Diamondbacks,-0.02,,,,
2000-06-09,Brant Brown,Texas Rangers,Miami Marlins,0,,,,
2000-06-09,Chuck Smith,Miami Marlins,Texas Rangers,3.16,,,,
2000-06-09,Dave Martinez,Texas Rangers,Chicago Cubs,0.5,,,,
2000-06-09,Danny Bautista,Arizona Diamondbacks,Miami Marlins,-0.41,,,,
2000-06-09,Andy Fox,Miami Marlins,Arizona Diamondbacks,-0.72,,,,
2000-06-10,Brant Brown,Chicago Cubs,Texas Rangers,-0.69,,,,
2000-06-12,Karim Garcia,Baltimore Orioles,Detroit Tigers,-1.13,,,,
2000-06-12,Mike Romano,Minnesota Twins,Toronto Blue Jays,0,,,,
2000-06-13,Eliezer Alfonzo,Milwaukee Brewers,St. Louis Cardinals,0,,,,
2000-06-13,Al Reyes,Los Angeles Dodgers,Baltimore Orioles,0,,,,
2000-06-13,Alan Mills,Baltimore Orioles,Los Angeles Dodgers,-0.89,,,,
2000-06-17,Adam Melhuse,Colorado Rockies,Los Angeles Dodgers,-1.16,,,,
2000-06-20,Jim Leyritz,Los Angeles Dodgers,New York Yankees,-0.61,,,,
2000-06-20,Jose Vizcaino,New York Yankees,Los Angeles Dodgers,0.24,,,,
2000-06-28,Darren Holmes,Baltimore Orioles,St. Louis Cardinals,-0.44,,,,
2000-06-28,Ed Vosberg,Philadelphia Phillies,Colorado Rockies,0.61,,,,
2000-06-28,Dan Serafini,Pittsburgh Pirates,San Diego Padres,0.75,,,,
2000-06-29,Ricky Ledee,Cleveland Guardians,New York Yankees,0.16,,,,
2000-06-29,Jake Westbrook,Cleveland Guardians,New York Yankees,12.17,,,,
2000-06-29,Zach Day,Cleveland Guardians,New York Yankees,0,,,,
2000-06-29,David Justice,New York Yankees,Cleveland Guardians,3.7,,,,
2000-06-30,Ed Sprague,Boston Red Sox,San Diego Padres,-0.14,,,,
2000-06-30,Dennis Tankersley,San Diego Padres,Boston Red Sox,-1.48,,,,
2000-07-12,Ed Yarnall,Cincinnati Reds,New York Yankees,0,,,,
2000-07-12,Drew Henson,Cincinnati Reds,New York Yankees,0,,,,
2000-07-12,Brian Reith,Cincinnati Reds,New York Yankees,-1.35,,,,
2000-07-12,Mike Frank,New York Yankees,Cincinnati Reds,0,,,,
2000-07-12,Denny Neagle,New York Yankees,Cincinnati Reds,0.26,,,,
2000-07-12,Bruce Chen,Philadelphia Phillies,Atlanta Braves,1.66,,,,
2000-07-12,Jimmy Osting,Philadelphia Phillies,Atlanta Braves,0,,,,
2000-07-12,Andy Ashby,Atlanta Braves,Philadelphia Phillies,1.18,,,,
2000-07-15,Butch Huskey,Colorado Rockies,Minnesota Twins,0.65,,,,
2000-07-15,Todd Walker,Colorado Rockies,Minnesota Twins,2.31,,,,
2000-07-15,Todd Sears,Minnesota Twins,Colorado Rockies,-0.02,,,,
2000-07-17,Gabe Alvarez,San Diego Padres,Detroit Tigers,-0.25,,,,
2000-07-17,Dusty Allen,Detroit Tigers,San Diego Padres,0.34,,,,
2000-07-19,Darwin Cubillan,Texas Rangers,Toronto Blue Jays,-0.45,,,,
2000-07-19,Michael Young,Texas Rangers,Toronto Blue Jays,25.85,,,,
2000-07-19,Esteban Loaiza,Toronto Blue Jays,Texas Rangers,3.65,,,,
2000-07-21,Ben Ford,Chicago Cubs,New York Yankees,0,,,,
2000-07-21,Oswaldo Mairena,Chicago Cubs,New York Yankees,-0.11,,,,
2000-07-21,Glenallen Hill,New York Yankees,Chicago Cubs,1.38,,,,
2000-07-25,Kevin Brown,Milwaukee Brewers,Toronto Blue Jays,0.07,,,,
2000-07-26,Eric Gunderson,San Francisco Giants,Toronto Blue Jays,0,,,,
2000-07-26,Curt Schilling,Arizona Diamondbacks,Philadelphia Phillies,25.28,,,,
2000-07-26,Omar Daal,Philadelphia Phillies,Arizona Diamondbacks,1.58,,,,
2000-07-26,Nelson Figueroa,Philadelphia Phillies,Arizona Diamondbacks,1.53,,,,
2000-07-26,Travis Lee,Philadelphia Phillies,Arizona Diamondbacks,2.39,,,,
2000-07-26,Vicente Padilla,Philadelphia Phillies,Arizona Diamondbacks,4.75,,,,
2000-07-26,Manny Aybar,Miami Marlins,Cincinnati Reds,0.68,,,,
2000-07-26,Jamie Arnold,Chicago Cubs,Los Angeles Dodgers,-0.56,,,,
2000-07-26,Jorge Piedra,Chicago Cubs,Los Angeles Dodgers,0,,,,
2000-07-26,Ismael Valdez,Los Angeles Dodgers,Chicago Cubs,-0.49,,,,
2000-07-26,Rob Ducey,Toronto Blue Jays,Philadelphia Phillies,-0.16,,,,
2000-07-27,Jeff Frye,Colorado Rockies,Boston Red Sox,0.56,,,,
2000-07-27,Brian Rose,Colorado Rockies,Boston Red Sox,0.3,,,,
2000-07-27,John Wasdin,Colorado Rockies,Boston Red Sox,0.01,,,,
2000-07-27,Rolando Arrojo,Boston Red Sox,Colorado Rockies,2.89,,,,
2000-07-27,Rick Croushore,Boston Red Sox,Colorado Rockies,0,,,,
2000-07-27,Mike Lansing,Boston Red Sox,Colorado Rockies,-1.05,,,,
2000-07-28,Brett Hinchliffe,Chicago Cubs,Los Angeles Angels,0,,,,
2000-07-28,Keith Luuloa,Chicago Cubs,Los Angeles Angels,0,,,,
2000-07-28,Chris Hatcher,Los Angeles Angels,Chicago Cubs,0,,,,
2000-07-28,Mike Heathcott,Los Angeles Angels,Chicago Cubs,0,,,,
2000-07-28,Paul Rigdon,Milwaukee Brewers,Cleveland Guardians,0.68,,,,
2000-07-28,Richie Sexson,Milwaukee Brewers,Cleveland Guardians,11.29,,,,
2000-07-28,Kane Davis,Milwaukee Brewers,Cleveland Guardians,0.43,,,,
2000-07-28,Bob Wickman,Cleveland Guardians,Milwaukee Brewers,5.51,,,,
2000-07-28,Steve Woodard,Cleveland Guardians,Milwaukee Brewers,1.07,,,,
2000-07-28,Jason Bere,Cleveland Guardians,Milwaukee Brewers,-0.17,,,,
2000-07-28,Alex Ramirez,Pittsburgh Pirates,Cleveland Guardians,-0.74,,,,
2000-07-28,Enrique Wilson,Pittsburgh Pirates,Cleveland Guardians,-1.82,,,,
2000-07-28,Wil Cordero,Cleveland Guardians,Pittsburgh Pirates,-1.33,,,,
2000-07-28,Todd Belitz,Oakland Athletics,Tampa Bay Rays,0.02,,,,
2000-07-28,Jim Mecir,Oakland Athletics,Tampa Bay Rays,2.8,,,,
2000-07-28,Jesus Colome,Tampa Bay Rays,Oakland Athletics,0.05,,,,
2000-07-28,Ricky Ledee,Texas Rangers,Cleveland Guardians,-1.73,,,,
2000-07-28,David Segui,Cleveland Guardians,Texas Rangers,0.96,,,,
2000-07-28,Mike Bordick,New York Mets,Baltimore Orioles,0.16,,,,
2000-07-28,Lesli Brea,Baltimore Orioles,New York Mets,0,,,,
2000-07-28,Mike Kinkade,Baltimore Orioles,New York Mets,-0.16,,,,
2000-07-28,Melvin Mora,Baltimore Orioles,New York Mets,29.04,,,,
2000-07-28,Bubba Trammell,New York Mets,Tampa Bay Rays,0,,,,
2000-07-28,Rick White,New York Mets,Tampa Bay Rays,0.01,,,,
2000-07-28,Jason Tyner,Tampa Bay Rays,New York Mets,0.39,,,,
2000-07-28,Paul Wilson,Tampa Bay Rays,New York Mets,3.64,,,,
2000-07-29,Brook Fordyce,Baltimore Orioles,Chicago White Sox,0.13,,,,
2000-07-29,Harold Baines,Chicago White Sox,Baltimore Orioles,-1.48,,,,
2000-07-29,Charles Johnson,Chicago White Sox,Baltimore Orioles,1.96,,,,
2000-07-29,Mike Timlin,St. Louis Cardinals,Baltimore Orioles,1.7,,,,
2000-07-29,Chris Richard,Baltimore Orioles,St. Louis Cardinals,2.63,,,,
2000-07-29,Kent Bottenfield,Philadelphia Phillies,Los Angeles Angels,0.56,,,,
2000-07-29,Ron Gant,Los Angeles Angels,Philadelphia Phillies,0.73,,,,
2000-07-29,Jason Christiansen,St. Louis Cardinals,Pittsburgh Pirates,-0.17,,,,
2000-07-29,Jack Wilson,Pittsburgh Pirates,St. Louis Cardinals,21.33,,,,
2000-07-30,Scott Linebrink,Houston Astros,San Francisco Giants,0.17,,,,
2000-07-30,Doug Henry,San Francisco Giants,Houston Astros,0.32,,,,
2000-07-31,Gabe Molina,Atlanta Braves,Baltimore Orioles,-0.12,,,,
2000-07-31,B.J. Surhoff,Atlanta Braves,Baltimore Orioles,0.7,,,,
2000-07-31,Trenidad Hubbard,Baltimore Orioles,Atlanta Braves,0,,,,
2000-07-31,Fernando Lunar,Baltimore Orioles,Atlanta Braves,0.19,,,,
2000-07-31,Luis Rivera,Baltimore Orioles,Atlanta Braves,0.05,,,,
2000-07-31,Will Clark,St. Louis Cardinals,Baltimore Orioles,2.14,,,,
2000-07-31,Jose Leon,Baltimore Orioles,St. Louis Cardinals,-0.66,,,,
2000-07-31,Jay Witasick,San Diego Padres,Kansas City Royals,0.25,,,,
2000-07-31,Brian Meadows,Kansas City Royals,San Diego Padres,0.3,,,,
2000-07-31,Danny Ardoin,Minnesota Twins,Oakland Athletics,-0.17,,,,
2000-07-31,Mario Valdez,Oakland Athletics,Minnesota Twins,-0.21,,,,
2000-07-31,Tom Davey,San Diego Padres,Seattle Mariners,0.48,,,,
2000-07-31,John Mabry,San Diego Padres,Seattle Mariners,-0.14,,,,
2000-07-31,Al Martin,Seattle Mariners,San Diego Padres,1.23,,,,
2000-07-31,Mark Guthrie,Toronto Blue Jays,Tampa Bay Rays,0.21,,,,
2000-07-31,Steve Trachsel,Toronto Blue Jays,Tampa Bay Rays,0.79,,,,
2000-07-31,Brent Abernathy,Tampa Bay Rays,Toronto Blue Jays,0.98,,,,
2000-07-31,Ross Gload,Chicago Cubs,Miami Marlins,-0.32,,,,
2000-07-31,Henry Rodriguez,Miami Marlins,Chicago Cubs,-0.12,,,,
2000-07-31,Rondell White,Chicago Cubs,Washington Nationals,2.57,,,,
2000-07-31,Scott Downs,Washington Nationals,Chicago Cubs,-1.2,,,,
2000-07-31,Todd Hollandsworth,Colorado Rockies,Los Angeles Dodgers,3.8,,,,
2000-07-31,Tom Goodwin,Los Angeles Dodgers,Colorado Rockies,0.2,,,,
2000-07-31,Anthony Shumaker,Baltimore Orioles,New York Mets,0,,,,
2000-07-31,Carlos Hernandez,St. Louis Cardinals,San Diego Padres,0.16,,,,
2000-07-31,Heathcliff Slocumb,San Diego Padres,St. Louis Cardinals,-0.04,,,,
2000-07-31,Ben Johnson,San Diego Padres,St. Louis Cardinals,0.45,,,,
2000-08-02,Aaron Holbert,Miami Marlins,Boston Red Sox,0,,,,
2000-08-04,Dave Martinez,Toronto Blue Jays,Texas Rangers,0.81,,,,
2000-08-04,Desi Relaford,San Diego Padres,Philadelphia Phillies,-0.07,,,,
2000-08-05,Mickey Morandini,Toronto Blue Jays,Philadelphia Phillies,-0.22,,,,
2000-08-06,Bruce Aven,Los Angeles Dodgers,Pittsburgh Pirates,0.33,,,,
2000-08-06,Brian L. Hunter,Cincinnati Reds,Colorado Rockies,0,,,,
2000-08-07,David Newhan,Philadelphia Phillies,San Diego Padres,0.11,,,,
2000-08-07,Rob Ducey,Philadelphia Phillies,Toronto Blue Jays,-0.11,,,,
2000-08-07,Chris Spurling,Pittsburgh Pirates,New York Yankees,0,,,,
2000-08-07,Luis Sojo,New York Yankees,Pittsburgh Pirates,-0.26,,,,
2000-08-08,Pete Munro,Texas Rangers,Toronto Blue Jays,0,,,,
2000-08-08,Chris Widger,Seattle Mariners,Washington Nationals,-0.19,,,,
2000-08-10,Sean Spencer,Washington Nationals,Seattle Mariners,0.01,,,,
2000-08-11,Wilson Delgado,Kansas City Royals,New York Yankees,0.59,,,,
2000-08-12,Jarrod Patterson,Washington Nationals,Pittsburgh Pirates,0,,,,
2000-08-12,Matt Skrmetta,Pittsburgh Pirates,Washington Nationals,-0.6,,,,
2000-08-22,Scott Karl,Los Angeles Angels,Colorado Rockies,-0.5,,,,
2000-08-23,Alan Zinter,Arizona Diamondbacks,Chicago Cubs,-0.28,,,,
2000-08-23,Eddie Zosky,Houston Astros,Pittsburgh Pirates,-0.11,,,,
2000-08-30,Marco Scutaro,Milwaukee Brewers,Cleveland Guardians,0,,,,
2000-08-30,Nelson Cruz,Oakland Athletics,New York Mets,0,,,,
2000-08-30,Jorge Velandia,New York Mets,Oakland Athletics,0.01,,,,
2000-08-31,Midre Cummings,Boston Red Sox,Minnesota Twins,0.06,,,,
2000-08-31,Chris Reitsma,Cincinnati Reds,Boston Red Sox,1.86,,,,
2000-08-31,Dante Bichette,Boston Red Sox,Cincinnati Reds,0.82,,,,
2000-09-09,Lew Ford,Minnesota Twins,Boston Red Sox,8.34,,,,
2000-09-09,Hector Carrasco,Boston Red Sox,Minnesota Twins,-0.35,,,,
2000-09-20,Jesus Pena,Boston Red Sox,Chicago White Sox,0.08,,,,
2000-09-28,Terrmel Sledge,Washington Nationals,Seattle Mariners,1.26,,,,
2000-11-07,Gary Glover,Chicago White Sox,Toronto Blue Jays,0.76,,,,
2000-11-07,Scott Eyre,Toronto Blue Jays,Chicago White Sox,0.79,,,,
2000-11-08,Ron Villone,Colorado Rockies,Cincinnati Reds,-0.48,,,,
2000-11-16,Jim Brower,Cincinnati Reds,Cleveland Guardians,2.43,,,,
2000-11-16,Eddie Taubensee,Cleveland Guardians,Cincinnati Reds,0,,,,
2000-11-16,Michael Coleman,Cincinnati Reds,Boston Red Sox,0,,,,
2000-11-16,Donnie Sadler,Cincinnati Reds,Boston Red Sox,-0.55,,,,
2000-11-16,Chris Stynes,Boston Red Sox,Cincinnati Reds,1.15,,,,
2000-11-17,Aaron Harang,Oakland Athletics,Texas Rangers,0.57,,,,
2000-11-17,Randy Velarde,Texas Rangers,Oakland Athletics,1.51,,,,
2000-11-18,Bill Mueller,Chicago Cubs,San Francisco Giants,3.58,,,,
2000-11-18,Tim Worrell,San Francisco Giants,Chicago Cubs,1.83,,,,
2000-11-20,Matt Stairs,Chicago Cubs,Oakland Athletics,1.45,,,,
2000-11-22,Clayton Andrews,Cincinnati Reds,Toronto Blue Jays,0,,,,
2000-11-22,Leo Estrella,Cincinnati Reds,Toronto Blue Jays,0,,,,
2000-11-22,Steve Parris,Toronto Blue Jays,Cincinnati Reds,0.91,,,,
2000-11-27,Amaury Garcia,Chicago White Sox,Miami Marlins,0,,,,
2000-12-01,Santiago Perez,San Diego Padres,Milwaukee Brewers,-0.16,,,,
2000-12-01,Brandon Kolb,Milwaukee Brewers,San Diego Padres,-0.67,,,,
2000-12-07,Chad Bradford,Oakland Athletics,Chicago White Sox,4.88,,,,
2000-12-09,Seth Etherton,Cincinnati Reds,Los Angeles Angels,-0.49,,,,
2000-12-09,Jeff Abbott,Miami Marlins,Chicago White Sox,0.03,,,,
2000-12-09,Julio Ramirez,Chicago White Sox,Miami Marlins,-0.49,,,,
2000-12-11,John Bale,Baltimore Orioles,Toronto Blue Jays,0.13,,,,
2000-12-11,Jayson Werth,Toronto Blue Jays,Baltimore Orioles,0.17,,,,
2000-12-11,Brad Ausmus,Houston Astros,Detroit Tigers,1,,,,
2000-12-11,Doug Brocail,Houston Astros,Detroit Tigers,0.92,,,,
2000-12-11,Nelson Cruz,Houston Astros,Detroit Tigers,1.14,,,,
2000-12-11,Roger Cedeno,Detroit Tigers,Houston Astros,0.76,,,,
2000-12-11,Chris Holt,Detroit Tigers,Houston Astros,-0.01,,,,
2000-12-11,Mitch Meluskey,Detroit Tigers,Houston Astros,0.19,,,,
2000-12-11,Bubba Trammell,San Diego Padres,New York Mets,2,,,,
2000-12-11,Donne Wall,New York Mets,San Diego Padres,0,,,,
2000-12-13,Miguel Olivo,Chicago White Sox,Oakland Athletics,2.2,,,,
2000-12-14,Aaron Myette,Texas Rangers,Chicago White Sox,-2.48,,,,
2000-12-14,Brian Schmack,Texas Rangers,Chicago White Sox,0,,,,
2000-12-14,Royce Clayton,Chicago White Sox,Texas Rangers,2.74,,,,
2000-12-14,Britt Reames,Washington Nationals,St. Louis Cardinals,-1.08,,,,
2000-12-14,Fernando Tatis,Washington Nationals,St. Louis Cardinals,-2.6,,,,
2000-12-14,Dustin Hermanson,St. Louis Cardinals,Washington Nationals,-0.38,,,,
2000-12-14,Steve Kline,St. Louis Cardinals,Washington Nationals,5.56,,,,
2000-12-15,Brandon Villafuerte,Texas Rangers,Detroit Tigers,-0.26,,,,
2000-12-15,Matt Perisho,Detroit Tigers,Texas Rangers,-0.7,,,,
2000-12-18,Jesse Garcia,Atlanta Braves,Baltimore Orioles,-0.87,,,,
2000-12-18,Steve Sisco,Baltimore Orioles,Atlanta Braves,0,,,,
2000-12-20,Will Cunnane,Milwaukee Brewers,San Diego Padres,-0.49,,,,
2000-12-22,Ryan Minor,Washington Nationals,Baltimore Orioles,-1.41,,,,
2000-12-22,Jorge Julio,Baltimore Orioles,Washington Nationals,1.36,,,,
2001-01-03,Jay Tessmer,Colorado Rockies,New York Yankees,0,,,,
2001-01-03,David Lee,New York Yankees,Colorado Rockies,0,,,,
2001-01-08,Roberto Hernandez,Kansas City Royals,Tampa Bay Rays,1.27,,,,
2001-01-08,Cory Lidle,Oakland Athletics,Tampa Bay Rays,6.9,,,,
2001-01-08,Ben Grieve,Tampa Bay Rays,Oakland Athletics,3.18,,,,
2001-01-08,Johnny Damon,Oakland Athletics,Kansas City Royals,2.42,,,,
2001-01-08,Mark Ellis,Oakland Athletics,Kansas City Royals,26.75,,,,
2001-01-08,Angel Berroa,Kansas City Royals,Oakland Athletics,2.17,,,,
2001-01-08,A.J. Hinch,Kansas City Royals,Oakland Athletics,0,,,,
2001-01-11,Tom Martin,New York Mets,Cleveland Guardians,-0.92,,,,
2001-01-14,Matt DeWitt,Chicago White Sox,Toronto Blue Jays,0,,,,
2001-01-14,David Wells,Chicago White Sox,Toronto Blue Jays,1.34,,,,
2001-01-14,Kevin Beirne,Toronto Blue Jays,Chicago White Sox,-0.42,,,,
2001-01-14,Brian Simmons,Toronto Blue Jays,Chicago White Sox,-0.32,,,,
2001-01-14,Mike Sirotka,Toronto Blue Jays,Chicago White Sox,0,,,,
2001-01-16,Chad Mottola,Miami Marlins,Toronto Blue Jays,-0.16,,,,
2001-01-18,Rick Croushore,New York Mets,Boston Red Sox,0,,,,
2001-02-24,Devon White,Milwaukee Brewers,Los Angeles Dodgers,0.82,,,,
2001-02-24,Marquis Grissom,Los Angeles Dodgers,Milwaukee Brewers,1.1,,,,
2001-03-17,Antonio Osuna,Chicago White Sox,Los Angeles Dodgers,0.16,,,,
2001-03-17,Gary Majewski,Los Angeles Dodgers,Chicago White Sox,0,,,,
2001-03-20,Matt DeWitt,Toronto Blue Jays,Chicago White Sox,0.28,,,,
2001-03-21,Drew Henson,New York Yankees,Cincinnati Reds,-0.05,,,,
2001-03-21,Michael Coleman,New York Yankees,Cincinnati Reds,-0.57,,,,
2001-03-21,Wily Mo Pena,Cincinnati Reds,New York Yankees,-0.57,,,,
2001-03-24,Carlos Almanzar,New York Yankees,San Diego Padres,0.25,,,,
2001-03-24,David Lee,San Diego Padres,New York Yankees,0.68,,,,
2001-03-25,Jose Nieves,Los Angeles Angels,Chicago Cubs,-0.18,,,,
2001-03-25,Mike Fyhrie,Chicago Cubs,Los Angeles Angels,0.08,,,,
2001-03-26,Brian Rose,New York Mets,Colorado Rockies,0.1,,,,
2001-03-26,Mark Leiter,Colorado Rockies,New York Mets,0,,,,
2001-03-28,Mike Judd,Tampa Bay Rays,Los Angeles Dodgers,-0.1,,,,
2001-03-28,Omar Olivares,Pittsburgh Pirates,Oakland Athletics,-1.38,,,,
2001-03-28,Glenallen Hill,Los Angeles Angels,New York Yankees,-1.08,,,,
2001-03-28,Miguel Cairo,Chicago Cubs,Oakland Athletics,0.45,,,,
2001-03-28,Eric Hinske,Oakland Athletics,Chicago Cubs,0,,,,
2001-03-28,Chad Moeller,Arizona Diamondbacks,Minnesota Twins,1.42,,,,
2001-03-28,Hanley Frias,Minnesota Twins,Arizona Diamondbacks,0,,,,
2001-03-28,Cesar Crespo,San Diego Padres,Miami Marlins,-0.73,,,,
2001-03-28,Mark Kotsay,San Diego Padres,Miami Marlins,7.23,,,,
2001-03-28,Matt Clement,Miami Marlins,San Diego Padres,-0.32,,,,
2001-03-28,Eric Owens,Miami Marlins,San Diego Padres,0.6,,,,
2001-03-29,Trace Coquillette,Cleveland Guardians,Chicago Cubs,0,,,,
2001-03-30,Craig Dingman,Colorado Rockies,New York Yankees,-0.59,,,,
2001-03-30,Oswaldo Mairena,Miami Marlins,Chicago Cubs,-0.3,,,,
2001-03-30,Manny Aybar,Chicago Cubs,Miami Marlins,-0.19,,,,
2001-03-31,Endy Chavez,Kansas City Royals,New York Mets,-0.82,,,,
2001-03-31,Mickey Lopez,Philadelphia Phillies,Milwaukee Brewers,0,,,,
2001-04-04,Juan Acevedo,Colorado Rockies,Milwaukee Brewers,-0.32,,,,
2001-04-04,Kane Davis,Colorado Rockies,Milwaukee Brewers,0.63,,,,
2001-04-04,Jose Flores,Colorado Rockies,Milwaukee Brewers,0,,,,
2001-04-04,Mark Leiter,Milwaukee Brewers,Colorado Rockies,0.46,,,,
2001-04-04,Mike DeJean,Milwaukee Brewers,Colorado Rockies,2.78,,,,
2001-04-04,Elvis Pena,Milwaukee Brewers,Colorado Rockies,0.14,,,,
2001-04-09,John Mabry,Miami Marlins,St. Louis Cardinals,-1.03,,,,
2001-04-20,Jorge De Paula,New York Yankees,Colorado Rockies,0.44,,,,
2001-04-23,Juan Sosa,Arizona Diamondbacks,Colorado Rockies,-0.01,,,,
2001-04-27,Jonathan Johnson,Arizona Diamondbacks,Texas Rangers,0,,,,
2001-05-08,Darwin Cubillan,Washington Nationals,Texas Rangers,0.24,,,,
2001-05-08,Mike Johnson,Texas Rangers,Washington Nationals,0,,,,
2001-05-12,Jay Tessmer,Milwaukee Brewers,Colorado Rockies,0,,,,
2001-05-19,Justin Speier,New York Mets,Cleveland Guardians,0,,,,
2001-06-01,Jason Ryan,Los Angeles Dodgers,Pittsburgh Pirates,0,,,,
2001-06-01,Ruddy Lugo,Los Angeles Dodgers,Milwaukee Brewers,0,,,,
2001-06-02,Josh Bard,Cleveland Guardians,Colorado Rockies,1.07,,,,
2001-06-02,Jody Gerut,Cleveland Guardians,Colorado Rockies,3.5,,,,
2001-06-02,Jacob Cruz,Colorado Rockies,Cleveland Guardians,-0.85,,,,
2001-06-05,Paul Byrd,Kansas City Royals,Philadelphia Phillies,7.23,,,,
2001-06-05,Jose Santiago,Philadelphia Phillies,Kansas City Royals,-0.82,,,,
2001-06-12,Doug Mirabelli,Boston Red Sox,Texas Rangers,3.21,,,,
2001-06-12,Justin Duchscherer,Texas Rangers,Boston Red Sox,-0.64,,,,
2001-06-13,Enrique Wilson,New York Yankees,Pittsburgh Pirates,-3.1,,,,
2001-06-13,Damaso Marte,Pittsburgh Pirates,New York Yankees,2.76,,,,
2001-06-15,Ruben Mateo,Cincinnati Reds,Texas Rangers,-1.02,,,,
2001-06-15,Edwin Encarnacion,Cincinnati Reds,Texas Rangers,3.19,,,,
2001-06-15,Rob Bell,Texas Rangers,Cincinnati Reds,-0.72,,,,
2001-06-19,Ryan Christenson,Arizona Diamondbacks,Oakland Athletics,0.05,,,,
2001-06-19,Rob Ryan,Oakland Athletics,Arizona Diamondbacks,-0.17,,,,
2001-06-20,Donnie Sadler,Kansas City Royals,Cincinnati Reds,-0.37,,,,
2001-06-22,Steve Karsay,Atlanta Braves,Cleveland Guardians,0.19,,,,
2001-06-22,Steve Reed,Atlanta Braves,Cleveland Guardians,0.16,,,,
2001-06-22,John Rocker,Cleveland Guardians,Atlanta Braves,-0.15,,,,
2001-06-23,Dave Mlicki,Houston Astros,Detroit Tigers,0.15,,,,
2001-06-23,Jose Lima,Detroit Tigers,Houston Astros,-0.43,,,,
2001-06-23,D'Angelo Jimenez,San Diego Padres,New York Yankees,1.55,,,,
2001-06-23,Jay Witasick,New York Yankees,San Diego Padres,-0.14,,,,
2001-06-24,Sal Fasano,Colorado Rockies,Kansas City Royals,0.32,,,,
2001-06-24,Mac Suzuki,Colorado Rockies,Kansas City Royals,-0.6,,,,
2001-06-24,Brent Mayne,Kansas City Royals,Colorado Rockies,-0.5,,,,
2001-06-27,Ron Villone,Houston Astros,Colorado Rockies,0.55,,,,
2001-06-27,Jay Powell,Colorado Rockies,Houston Astros,0.67,,,,
2001-06-29,Trace Coquillette,Detroit Tigers,Cleveland Guardians,0,,,,
2001-06-29,Alan Embree,Chicago White Sox,San Francisco Giants,-0.03,,,,
2001-07-01,Mark Wohlers,New York Yankees,Cincinnati Reds,0.22,,,,
2001-07-03,Robin Jennings,Colorado Rockies,Oakland Athletics,-0.19,,,,
2001-07-03,Ron Gant,Oakland Athletics,Colorado Rockies,-0.56,,,,
2001-07-03,Hanley Frias,St. Louis Cardinals,Minnesota Twins,0,,,,
2001-07-03,Larry Sutton,Minnesota Twins,St. Louis Cardinals,0,,,,
2001-07-04,Brian Boehringer,San Francisco Giants,New York Yankees,-0.14,,,,
2001-07-04,Bobby Estalella,New York Yankees,San Francisco Giants,-0.01,,,,
2001-07-10,Emil Brown,San Diego Padres,Pittsburgh Pirates,-0.2,,,,
2001-07-10,Shawn Camp,Pittsburgh Pirates,San Diego Padres,0,,,,
2001-07-11,Bryant Nelson,Pittsburgh Pirates,Arizona Diamondbacks,0,,,,
2001-07-11,Chris Petersen,Arizona Diamondbacks,Pittsburgh Pirates,0,,,,
2001-07-13,McKay Christensen,Los Angeles Dodgers,Chicago White Sox,0.05,,,,
2001-07-13,Kimera Bartee,Colorado Rockies,Los Angeles Angels,-0.35,,,,
2001-07-13,Chone Figgins,Los Angeles Angels,Colorado Rockies,3.85,,,,
2001-07-19,Robin Jennings,Cincinnati Reds,Colorado Rockies,0.11,,,,
2001-07-19,Todd Walker,Cincinnati Reds,Colorado Rockies,2.32,,,,
2001-07-19,Alex Ochoa,Colorado Rockies,Cincinnati Reds,-0.49,,,,
2001-07-20,Michael Tucker,Chicago Cubs,Cincinnati Reds,1.18,,,,
2001-07-20,Chris Booker,Cincinnati Reds,Chicago Cubs,-0.33,,,,
2001-07-22,Damon Hollins,Atlanta Braves,Minnesota Twins,0.2,,,,
2001-07-23,Todd Pratt,Philadelphia Phillies,New York Mets,2.88,,,,
2001-07-23,Gary Bennett,New York Mets,Philadelphia Phillies,0.05,,,,
2001-07-24,Andres Galarraga,San Francisco Giants,Texas Rangers,1.18,,,,
2001-07-24,Chris Magruder,Texas Rangers,San Francisco Giants,-0.15,,,,
2001-07-24,Erasmo Ramirez,Texas Rangers,San Francisco Giants,1.73,,,,
2001-07-25,Jermaine Dye,Colorado Rockies,Kansas City Royals,0,,,,
2001-07-25,Neifi Perez,Kansas City Royals,Colorado Rockies,-2.28,,,,
2001-07-25,Todd Belitz,Colorado Rockies,Oakland Athletics,-0.14,,,,
2001-07-25,Mario Encarnacion,Colorado Rockies,Oakland Athletics,-0.43,,,,
2001-07-25,Jose Ortiz,Colorado Rockies,Oakland Athletics,0.6,,,,
2001-07-25,Albie Lopez,Arizona Diamondbacks,Tampa Bay Rays,1.27,,,,
2001-07-25,Mike DiFelice,Arizona Diamondbacks,Tampa Bay Rays,-0.37,,,,
2001-07-25,Jason Conti,Tampa Bay Rays,Arizona Diamondbacks,1.01,,,,
2001-07-25,Nick Bierbrodt,Tampa Bay Rays,Arizona Diamondbacks,-1.06,,,,
2001-07-26,Jermaine Dye,Oakland Athletics,Colorado Rockies,2.82,,,,
2001-07-26,James Baldwin,Los Angeles Dodgers,Chicago White Sox,0.96,,,,
2001-07-26,Jeff Barry,Chicago White Sox,Los Angeles Dodgers,0,,,,
2001-07-26,Onan Masaoka,Chicago White Sox,Los Angeles Dodgers,0,,,,
2001-07-26,Gary Majewski,Chicago White Sox,Los Angeles Dodgers,0,,,,
2001-07-27,Fred McGriff,Chicago Cubs,Tampa Bay Rays,3.26,,,,
2001-07-27,Manny Aybar,Tampa Bay Rays,Chicago Cubs,0,,,,
2001-07-27,Bruce Chen,New York Mets,Philadelphia Phillies,-0.17,,,,
2001-07-27,Dennis Cook,Philadelphia Phillies,New York Mets,-0.11,,,,
2001-07-27,Turk Wendell,Philadelphia Phillies,New York Mets,0.31,,,,
2001-07-27,Wayne Gomes,San Francisco Giants,Philadelphia Phillies,-0.56,,,,
2001-07-27,Felipe Crespo,Philadelphia Phillies,San Francisco Giants,-0.27,,,,
2001-07-28,Mark Redman,Detroit Tigers,Minnesota Twins,2.76,,,,
2001-07-28,Todd Jones,Minnesota Twins,Detroit Tigers,0.29,,,,
2001-07-30,Ruben Quevedo,Milwaukee Brewers,Chicago Cubs,-1.39,,,,
2001-07-30,Peter Zoccolillo,Milwaukee Brewers,Chicago Cubs,-0.48,,,,
2001-07-30,David Weathers,Chicago Cubs,Milwaukee Brewers,0.61,,,,
2001-07-30,Matt Lawton,New York Mets,Minnesota Twins,0.32,,,,
2001-07-30,Rick Reed,Minnesota Twins,New York Mets,3.65,,,,
2001-07-30,Jason Schmidt,San Francisco Giants,Pittsburgh Pirates,21.98,,,,
2001-07-30,John Vander Wal,San Francisco Giants,Pittsburgh Pirates,0.6,,,,
2001-07-30,Armando Rios,Pittsburgh Pirates,San Francisco Giants,-0.59,,,,
2001-07-30,Ryan Vogelsong,Pittsburgh Pirates,San Francisco Giants,-1.95,,,,
2001-07-30,Brett Jodie,San Diego Padres,New York Yankees,0.08,,,,
2001-07-30,Sterling Hitchcock,New York Yankees,San Diego Padres,-0.41,,,,
2001-07-31,Mike Trombley,Los Angeles Dodgers,Baltimore Orioles,-0.47,,,,
2001-07-31,Geronimo Gil,Baltimore Orioles,Los Angeles Dodgers,1.28,,,,
2001-07-31,Kris Foster,Baltimore Orioles,Los Angeles Dodgers,0.14,,,,
2001-07-31,Tomo Ohka,Washington Nationals,Boston Red Sox,8.03,,,,
2001-07-31,Rich Rundles,Washington Nationals,Boston Red Sox,0,,,,
2001-07-31,Ugueth Urbina,Boston Red Sox,Washington Nationals,2.21,,,,
2001-07-31,Rey Sanchez,Atlanta Braves,Kansas City Royals,0.03,,,,
2001-07-31,Brad Voyles,Kansas City Royals,Atlanta Braves,-0.65,,,,
2001-07-31,Alejandro Machado,Kansas City Royals,Atlanta Braves,0,,,,
2001-07-31,Scott Elarton,Colorado Rockies,Houston Astros,-2.27,,,,
2001-07-31,Pedro Astacio,Houston Astros,Colorado Rockies,0.82,,,,
2001-07-31,Terry Mulholland,Los Angeles Dodgers,Pittsburgh Pirates,-1.28,,,,
2001-07-31,Mike Fetters,Pittsburgh Pirates,Los Angeles Dodgers,0.54,,,,
2001-07-31,Zach Day,Washington Nationals,Cleveland Guardians,3.42,,,,
2001-07-31,Milton Bradley,Cleveland Guardians,Washington Nationals,4.53,,,,
2001-07-31,Tony McKnight,Pittsburgh Pirates,Houston Astros,0.08,,,,
2001-07-31,Mike Williams,Houston Astros,Pittsburgh Pirates,0.27,,,,
2001-07-31,Kevin Joseph,St. Louis Cardinals,San Francisco Giants,-0.11,,,,
2001-07-31,Jason Christiansen,San Francisco Giants,St. Louis Cardinals,0.48,,,,
2001-08-02,Woody Williams,St. Louis Cardinals,San Diego Padres,11.71,,,,
2001-08-02,Ray Lankford,San Diego Padres,St. Louis Cardinals,0.53,,,,
2001-08-06,Jason Smith,Tampa Bay Rays,Chicago Cubs,-0.39,,,,
2001-08-06,Juan Acevedo,Miami Marlins,Colorado Rockies,0.5,,,,
2001-08-23,Gary Bennett,Colorado Rockies,New York Mets,-1.08,,,,
2001-08-30,Calvin Pickering,Cincinnati Reds,Baltimore Orioles,-0.03,,,,
2001-08-31,Lyle Mouton,Houston Astros,Detroit Tigers,0,,,,
2001-08-31,Randy Velarde,New York Yankees,Texas Rangers,0.36,,,,
2001-08-31,Rudy Seanez,Atlanta Braves,San Diego Padres,0.2,,,,
2001-09-02,C.J. Nitkowski,New York Mets,Detroit Tigers,0,,,,
2001-09-04,Mike Fyhrie,Oakland Athletics,Chicago Cubs,0.75,,,,
2001-09-06,Winston Abreu,San Diego Padres,Atlanta Braves,0,,,,
2001-10-03,Tim Raines,Baltimore Orioles,Washington Nationals,0,,,,
2001-10-11,Rosman Garcia,Texas Rangers,New York Yankees,-0.39,,,,
2001-10-12,Randy Flores,Texas Rangers,New York Yankees,0.15,,,,
2001-11-02,Mark Bellhorn,Chicago Cubs,Oakland Athletics,3.49,,,,
2001-11-09,Eric Junge,Philadelphia Phillies,Los Angeles Dodgers,0.34,,,,
2001-11-09,Omar Daal,Los Angeles Dodgers,Philadelphia Phillies,1.59,,,,
2001-11-16,Ivanon Coffie,Chicago Cubs,Baltimore Orioles,0,,,,
2001-11-27,Herbert Perry,Texas Rangers,Chicago White Sox,1.52,,,,
2001-12-07,Billy Koch,Oakland Athletics,Toronto Blue Jays,1.81,,,,
2001-12-07,David Justice,New York Mets,New York Yankees,0,,,,
2001-12-07,Robin Ventura,New York Yankees,New York Mets,5.45,,,,
2001-12-07,Eric Hinske,Toronto Blue Jays,Oakland Athletics,7.33,,,,
2001-12-07,Justin Miller,Toronto Blue Jays,Oakland Athletics,-0.73,,,,
2001-12-10,Alex Gonzalez,Chicago Cubs,Toronto Blue Jays,1.3,,,,
2001-12-10,Felix Heredia,Toronto Blue Jays,Chicago Cubs,0.37,,,,
2001-12-11,Jerrod Riggan,Cleveland Guardians,New York Mets,-0.6,,,,
2001-12-11,Roberto Alomar,New York Mets,Cleveland Guardians,0.38,,,,
2001-12-11,Mike Bacsik,New York Mets,Cleveland Guardians,-0.47,,,,
2001-12-11,Matt Lawton,Cleveland Guardians,New York Mets,3.8,,,,
2001-12-11,Alex Escobar,Cleveland Guardians,New York Mets,1.51,,,,
2001-12-11,Brett Tomko,San Diego Padres,Seattle Mariners,2.15,,,,
2001-12-11,Tom Lampkin,San Diego Padres,Seattle Mariners,0.72,,,,
2001-12-11,Ramon Vazquez,San Diego Padres,Seattle Mariners,2.73,,,,
2001-12-11,Ben Davis,Seattle Mariners,San Diego Padres,1.45,,,,
2001-12-11,Alex Arias,Seattle Mariners,San Diego Padres,0,,,,
2001-12-11,Wascar Serrano,Seattle Mariners,San Diego Padres,0,,,,
2001-12-11,Jesus Sanchez,Chicago Cubs,Miami Marlins,-0.46,,,,
2001-12-11,Nate Teut,Miami Marlins,Chicago Cubs,-0.36,,,,
2001-12-11,Juan Encarnacion,Cincinnati Reds,Detroit Tigers,1.58,,,,
2001-12-11,Luis Pineda,Cincinnati Reds,Detroit Tigers,0.12,,,,
2001-12-11,Dmitri Young,Detroit Tigers,Cincinnati Reds,6.8,,,,
2001-12-12,Darren Oliver,Boston Red Sox,Texas Rangers,0.47,,,,
2001-12-12,Carl Everett,Texas Rangers,Boston Red Sox,1.7,,,,
2001-12-13,Earl Snyder,Cleveland Guardians,New York Mets,-0.29,,,,
2001-12-13,Billy Traber,Cleveland Guardians,New York Mets,0.19,,,,
2001-12-13,Paul Quantrill,Los Angeles Dodgers,Toronto Blue Jays,3.32,,,,
2001-12-13,Cesar Izturis,Los Angeles Dodgers,Toronto Blue Jays,3.74,,,,
2001-12-13,Luke Prokopec,Toronto Blue Jays,Los Angeles Dodgers,-0.73,,,,
2001-12-13,John Wasdin,Philadelphia Phillies,Baltimore Orioles,0,,,,
2001-12-13,Chris Brock,Baltimore Orioles,Philadelphia Phillies,0.12,,,,
2001-12-13,Kip Wells,Pittsburgh Pirates,Chicago White Sox,9.09,,,,
2001-12-13,Sean Lowe,Pittsburgh Pirates,Chicago White Sox,-0.87,,,,
2001-12-13,Josh Fogg,Pittsburgh Pirates,Chicago White Sox,1.53,,,,
2001-12-13,Todd Ritchie,Chicago White Sox,Pittsburgh Pirates,-1.6,,,,
2001-12-13,Jay Witasick,San Francisco Giants,New York Yankees,1.38,,,,
2001-12-13,John Vander Wal,New York Yankees,San Francisco Giants,0.36,,,,
2001-12-14,Mark Guthrie,New York Mets,Oakland Athletics,1.56,,,,
2001-12-14,Tyler Yates,New York Mets,Oakland Athletics,-0.9,,,,
2001-12-14,David Justice,Oakland Athletics,New York Mets,1.64,,,,
2001-12-15,Dustin Hermanson,Boston Red Sox,St. Louis Cardinals,-0.56,,,,
2001-12-16,Jose Paniagua,Colorado Rockies,Seattle Mariners,0,,,,
2001-12-16,Denny Stark,Colorado Rockies,Seattle Mariners,-0.64,,,,
2001-12-16,Brian Fuentes,Colorado Rockies,Seattle Mariners,9.79,,,,
2001-12-16,Jeff Cirillo,Seattle Mariners,Colorado Rockies,-0.06,,,,
2001-12-16,Tsuyoshi Shinjo,San Francisco Giants,New York Mets,1.93,,,,
2001-12-16,Desi Relaford,San Francisco Giants,New York Mets,0,,,,
2001-12-16,Shawn Estes,New York Mets,San Francisco Giants,0.66,,,,
2001-12-17,Corey Lee,Chicago White Sox,Texas Rangers,0,,,,
2001-12-17,Mickey Callaway,Los Angeles Angels,Tampa Bay Rays,-0.61,,,,
2001-12-18,Bernie Castro,San Diego Padres,New York Yankees,0,,,,
2001-12-18,Kevin Reese,New York Yankees,San Diego Padres,0.18,,,,
2001-12-18,Dave Elder,Cleveland Guardians,Texas Rangers,0.13,,,,
2001-12-18,John Rocker,Texas Rangers,Cleveland Guardians,-0.54,,,,
2001-12-18,Pokey Reese,Colorado Rockies,Cincinnati Reds,0,,,,
2001-12-18,Dennys Reyes,Colorado Rockies,Cincinnati Reds,0.51,,,,
2001-12-18,Gabe White,Cincinnati Reds,Colorado Rockies,1.01,,,,
2001-12-18,Luke Hudson,Cincinnati Reds,Colorado Rockies,0.97,,,,
2001-12-19,Michael Tucker,Kansas City Royals,Chicago Cubs,0.26,,,,
2001-12-19,Scott Hatteberg,Colorado Rockies,Boston Red Sox,0,,,,
2001-12-19,Pokey Reese,Boston Red Sox,Colorado Rockies,1.26,,,,
2001-12-20,Jose Silva,Cincinnati Reds,Pittsburgh Pirates,0.22,,,,
2001-12-22,Dave Roberts,Los Angeles Dodgers,Cleveland Guardians,4.68,,,,
2001-12-27,Mo Vaughn,New York Mets,Los Angeles Angels,-1.24,,,,
2001-12-27,Kevin Appier,Los Angeles Angels,New York Mets,1.49,,,,
2002-01-02,Tom Wilson,Toronto Blue Jays,Oakland Athletics,0.2,,,,
2002-01-07,Mike Myers,Arizona Diamondbacks,Colorado Rockies,0.78,,,,
2002-01-07,Jack Cust,Colorado Rockies,Arizona Diamondbacks,-0.45,,,,
2002-01-07,JD Closser,Colorado Rockies,Arizona Diamondbacks,-0.26,,,,
2002-01-14,Jason Hart,Texas Rangers,Oakland Athletics,0.08,,,,
2002-01-14,Gerald Laird,Texas Rangers,Oakland Athletics,5.77,,,,
2002-01-14,Ryan Ludwick,Texas Rangers,Oakland Athletics,-0.75,,,,
2002-01-14,Mario Ramos,Texas Rangers,Oakland Athletics,-0.03,,,,
2002-01-14,Carlos Pena,Oakland Athletics,Texas Rangers,0.57,,,,
2002-01-14,Mike Venafro,Oakland Athletics,Texas Rangers,0,,,,
2002-01-15,Gary Sheffield,Atlanta Braves,Los Angeles Dodgers,11.23,,,,
2002-01-15,Brian Jordan,Los Angeles Dodgers,Atlanta Braves,4.28,,,,
2002-01-15,Odalis Perez,Los Angeles Dodgers,Atlanta Braves,8.29,,,,
2002-01-15,Andrew Brown,Los Angeles Dodgers,Atlanta Braves,0,,,,
2002-01-17,Brian Cooper,Toronto Blue Jays,Los Angeles Angels,-0.5,,,,
2002-01-17,Brad Fullmer,Los Angeles Angels,Toronto Blue Jays,4.23,,,,
2002-01-18,Kevin Gryboski,Atlanta Braves,Seattle Mariners,1.23,,,,
2002-01-21,Jeromy Burnitz,New York Mets,Milwaukee Brewers,0.94,,,,
2002-01-21,Alex Ochoa,Milwaukee Brewers,Colorado Rockies,1.08,,,,
2002-01-21,Craig House,New York Mets,Colorado Rockies,0,,,,
2002-01-21,Ross Gload,New York Mets,Colorado Rockies,0,,,,
2002-01-21,Benny Agbayani,Colorado Rockies,New York Mets,-0.65,,,,
2002-01-21,Lenny Harris,Milwaukee Brewers,New York Mets,0.86,,,,
2002-01-21,Todd Zeile,Colorado Rockies,New York Mets,0.75,,,,
2002-01-21,Glendon Rusch,Milwaukee Brewers,New York Mets,0.36,,,,
2002-01-21,Jeff D'Amico,New York Mets,Milwaukee Brewers,-0.04,,,,
2002-01-21,Lou Collier,New York Mets,Milwaukee Brewers,0,,,,
2002-01-21,Mark Sweeney,New York Mets,Milwaukee Brewers,0,,,,
2002-01-25,David Bell,San Francisco Giants,Seattle Mariners,3.15,,,,
2002-01-25,Desi Relaford,Seattle Mariners,San Francisco Giants,1.16,,,,
2002-01-29,Willie Harris,Chicago White Sox,Baltimore Orioles,1.61,,,,
2002-01-29,Chris Singleton,Baltimore Orioles,Chicago White Sox,1.83,,,,
2002-02-21,Kane Davis,New York Mets,Colorado Rockies,-0.32,,,,
2002-03-12,Chris Truby,Washington Nationals,Houston Astros,-0.15,,,,
2002-03-12,Geoff Blum,Houston Astros,Washington Nationals,2.55,,,,
2002-03-18,Justin Duchscherer,Boston Red Sox,Texas Rangers,0,,,,
2002-03-19,Justin Duchscherer,Oakland Athletics,Texas Rangers,10.58,,,,
2002-03-19,Luis Vizcaino,Texas Rangers,Oakland Athletics,0,,,,
2002-03-19,Winston Abreu,Chicago Cubs,San Diego Padres,0,,,,
2002-03-20,Paul Bako,Milwaukee Brewers,Atlanta Braves,-0.64,,,,
2002-03-20,Jose Cabrera,Milwaukee Brewers,Atlanta Braves,-2.56,,,,
2002-03-20,Henry Blanco,Atlanta Braves,Milwaukee Brewers,-1.6,,,,
2002-03-23,Matt Herges,Washington Nationals,Los Angeles Dodgers,0.2,,,,
2002-03-23,Guillermo Mota,Los Angeles Dodgers,Washington Nationals,5.9,,,,
2002-03-23,Wilkin Ruan,Los Angeles Dodgers,Washington Nationals,0.14,,,,
2002-03-24,Ernie Young,Arizona Diamondbacks,St. Louis Cardinals,0,,,,
2002-03-24,Jesus Pena,Texas Rangers,Milwaukee Brewers,0,,,,
2002-03-24,Luis Vizcaino,Milwaukee Brewers,Texas Rangers,1.66,,,,
2002-03-24,Dusty Wathan,Milwaukee Brewers,San Diego Padres,0,,,,
2002-03-24,Kevin Barker,San Diego Padres,Milwaukee Brewers,-0.11,,,,
2002-03-24,Lou Collier,Washington Nationals,New York Mets,-0.23,,,,
2002-03-24,Jason Bay,New York Mets,Washington Nationals,1.77,,,,
2002-03-24,Jimmy Serrano,New York Mets,Washington Nationals,0,,,,
2002-03-24,Javier Cardona,San Diego Padres,Detroit Tigers,-0.46,,,,
2002-03-24,Damian Jackson,Detroit Tigers,San Diego Padres,1.2,,,,
2002-03-24,Matt Walbeck,Detroit Tigers,San Diego Padres,-1.46,,,,
2002-03-25,Rich Rodriguez,Texas Rangers,Atlanta Braves,0.06,,,,
2002-03-25,Victor Santos,Colorado Rockies,Detroit Tigers,-1.27,,,,
2002-03-25,Jose Paniagua,Detroit Tigers,Colorado Rockies,-0.52,,,,
2002-03-26,Trace Coquillette,Pittsburgh Pirates,Washington Nationals,0,,,,
2002-03-27,Antonio Alfonseca,Chicago Cubs,Miami Marlins,0.49,,,,
2002-03-27,Matt Clement,Chicago Cubs,Miami Marlins,10.43,,,,
2002-03-27,Julian Tavarez,Miami Marlins,Chicago Cubs,-0.93,,,,
2002-03-27,Ryan Jorgensen,Miami Marlins,Chicago Cubs,-0.1,,,,
2002-03-27,Dontrelle Willis,Miami Marlins,Chicago Cubs,20.79,,,,
2002-03-27,Damaso Marte,Chicago White Sox,Pittsburgh Pirates,7.99,,,,
2002-03-27,Matt Guerrier,Pittsburgh Pirates,Chicago White Sox,0,,,,
2002-03-28,Joe Roa,Philadelphia Phillies,Pittsburgh Pirates,0.52,,,,
2002-03-28,Eddie Perez,Cleveland Guardians,Atlanta Braves,-0.36,,,,
2002-03-28,Reggie Taylor,Cincinnati Reds,Philadelphia Phillies,-0.16,,,,
2002-03-30,Hector Mercado,Philadelphia Phillies,Cincinnati Reds,-0.39,,,,
2002-04-03,John Bale,New York Mets,Baltimore Orioles,0,,,,
2002-04-03,Gary Matthews,Baltimore Orioles,New York Mets,1.85,,,,
2002-04-03,Juan Moreno,San Diego Padres,Texas Rangers,-0.14,,,,
2002-04-03,Jeff D'Amico,Philadelphia Phillies,Cleveland Guardians,0,,,,
2002-04-04,Chris Magruder,Cleveland Guardians,Texas Rangers,-0.08,,,,
2002-04-05,Scott Strickland,New York Mets,Washington Nationals,1.23,,,,
2002-04-05,Phil Seibel,New York Mets,Washington Nationals,0,,,,
2002-04-05,Matt Watson,New York Mets,Washington Nationals,-0.11,,,,
2002-04-05,Bruce Chen,Washington Nationals,New York Mets,-0.33,,,,
2002-04-05,Dicky Gonzalez,Washington Nationals,New York Mets,0,,,,
2002-04-05,Luis Figueroa,Washington Nationals,New York Mets,0,,,,
2002-04-09,Ben Kozlowski,Texas Rangers,Atlanta Braves,0.02,,,,
2002-04-09,Andy Pratt,Atlanta Braves,Texas Rangers,-0.03,,,,
2002-05-15,Pedro Borbon,Houston Astros,Toronto Blue Jays,-0.31,,,,
2002-05-15,Anthony Sanders,Chicago White Sox,Cincinnati Reds,0,,,,
2002-05-16,Chris Truby,Detroit Tigers,Washington Nationals,-1.4,,,,
2002-05-16,Jose Macias,Washington Nationals,Detroit Tigers,-0.82,,,,
2002-05-17,Bryan Rekar,Colorado Rockies,Kansas City Royals,0,,,,
2002-05-17,Eduardo Villacis,Kansas City Royals,Colorado Rockies,-0.19,,,,
2002-05-22,Jeremy Giambi,Philadelphia Phillies,Oakland Athletics,1.85,,,,
2002-05-22,John Mabry,Oakland Athletics,Philadelphia Phillies,1.84,,,,
2002-05-26,Dan Plesac,Philadelphia Phillies,Toronto Blue Jays,0.47,,,,
2002-05-26,Cliff Politte,Toronto Blue Jays,Philadelphia Phillies,1.18,,,,
2002-06-06,Craig Dingman,New York Yankees,Cincinnati Reds,0,,,,
2002-06-07,Russell Branyan,Cincinnati Reds,Cleveland Guardians,1.86,,,,
2002-06-07,Ben Broussard,Cleveland Guardians,Cincinnati Reds,6.04,,,,
2002-06-09,Robert Machado,Milwaukee Brewers,Chicago Cubs,0.1,,,,
2002-06-11,Warren Morris,St. Louis Cardinals,Minnesota Twins,0,,,,
2002-06-14,Jim Brower,Washington Nationals,Cincinnati Reds,-0.01,,,,
2002-06-14,Bruce Chen,Cincinnati Reds,Washington Nationals,-0.14,,,,
2002-06-19,Kris Keller,Atlanta Braves,Detroit Tigers,0,,,,
2002-06-19,George Lombard,Detroit Tigers,Atlanta Braves,-0.3,,,,
2002-06-23,Alan Embree,Boston Red Sox,San Diego Padres,1.41,,,,
2002-06-23,Dan Giese,San Diego Padres,Boston Red Sox,0,,,,
2002-06-25,Jeff D'Amico,Cleveland Guardians,Philadelphia Phillies,-0.73,,,,
2002-06-25,Bruce Aven,Philadelphia Phillies,Cleveland Guardians,0,,,,
2002-06-27,Bartolo Colon,Washington Nationals,Cleveland Guardians,2.19,,,,
2002-06-27,Tim Drew,Washington Nationals,Cleveland Guardians,-0.58,,,,
2002-06-27,Lee Stevens,Cleveland Guardians,Washington Nationals,0.33,,,,
2002-06-27,Brandon Phillips,Cleveland Guardians,Washington Nationals,-0.45,,,,
2002-06-27,Cliff Lee,Cleveland Guardians,Washington Nationals,15.9,,,,
2002-06-27,Grady Sizemore,Cleveland Guardians,Washington Nationals,27.7,,,,
2002-07-01,Scott Wiggins,Toronto Blue Jays,New York Yankees,0.04,,,,
2002-07-01,Raul Mondesi,New York Yankees,Toronto Blue Jays,2.07,,,,
2002-07-05,Carlos Pena,Detroit Tigers,Oakland Athletics,4.56,,,,
2002-07-05,Franklyn German,Detroit Tigers,Oakland Athletics,-0.17,,,,
2002-07-05,Ted Lilly,Oakland Athletics,New York Yankees,2.46,,,,
2002-07-05,John-Ford Griffin,Oakland Athletics,New York Yankees,0,,,,
2002-07-05,Jeff Weaver,New York Yankees,Detroit Tigers,1.2,,,,
2002-07-06,Mike Fetters,Arizona Diamondbacks,Pittsburgh Pirates,-1.29,,,,
2002-07-06,Duaner Sanchez,Pittsburgh Pirates,Arizona Diamondbacks,-0.54,,,,
2002-07-11,Cliff Floyd,Washington Nationals,Miami Marlins,0.03,,,,
2002-07-11,Nerio Rodriguez,St. Louis Cardinals,Cleveland Guardians,-0.05,,,,
2002-07-11,Ryan Dempster,Cincinnati Reds,Miami Marlins,-2.8,,,,
2002-07-11,Juan Encarnacion,Miami Marlins,Cincinnati Reds,1.48,,,,
2002-07-11,Wilton Guerrero,Miami Marlins,Cincinnati Reds,0,,,,
2002-07-11,Ryan Snare,Miami Marlins,Cincinnati Reds,0,,,,
2002-07-11,Claudio Vargas,Washington Nationals,Miami Marlins,0.5,,,,
2002-07-11,Graeme Lloyd,Miami Marlins,Washington Nationals,0.05,,,,
2002-07-11,Mike Mordecai,Miami Marlins,Washington Nationals,-0.96,,,,
2002-07-11,Carl Pavano,Miami Marlins,Washington Nationals,8.09,,,,
2002-07-11,Justin Wayne,Miami Marlins,Washington Nationals,-1.48,,,,
2002-07-12,Wilton Guerrero,Washington Nationals,Miami Marlins,-0.45,,,,
2002-07-12,Jason Bartlett,Minnesota Twins,San Diego Padres,8.99,,,,
2002-07-12,Brian Buchanan,San Diego Padres,Minnesota Twins,0.26,,,,
2002-07-12,D'Angelo Jimenez,Chicago White Sox,San Diego Padres,0.89,,,,
2002-07-12,Humberto Quintero,San Diego Padres,Chicago White Sox,0.03,,,,
2002-07-16,Saul Rivera,Washington Nationals,New York Mets,0,,,,
2002-07-19,Chuck Finley,St. Louis Cardinals,Cleveland Guardians,0.46,,,,
2002-07-22,Jolbert Cabrera,Los Angeles Dodgers,Cleveland Guardians,0.54,,,,
2002-07-23,Ben Diggins,Milwaukee Brewers,Los Angeles Dodgers,-0.7,,,,
2002-07-23,Shane Nance,Milwaukee Brewers,Los Angeles Dodgers,-0.06,,,,
2002-07-23,Tyler Houston,Los Angeles Dodgers,Milwaukee Brewers,-0.63,,,,
2002-07-23,Brian Moehler,Cincinnati Reds,Detroit Tigers,-0.66,,,,
2002-07-24,Doug Creek,Seattle Mariners,Tampa Bay Rays,0.08,,,,
2002-07-25,Jon Adkins,Chicago White Sox,Oakland Athletics,0.09,,,,
2002-07-25,Ray Durham,Oakland Athletics,Chicago White Sox,1.21,,,,
2002-07-25,Hiram Bocachica,Detroit Tigers,Los Angeles Dodgers,-0.66,,,,
2002-07-28,Kenny Lofton,San Francisco Giants,Chicago White Sox,1.76,,,,
2002-07-28,Felix Diaz,Chicago White Sox,San Francisco Giants,-0.46,,,,
2002-07-28,Paul Shuey,Los Angeles Dodgers,Cleveland Guardians,0.6,,,,
2002-07-28,Ricardo Rodriguez,Cleveland Guardians,Los Angeles Dodgers,-0.31,,,,
2002-07-28,Terry Mulholland,Cleveland Guardians,Los Angeles Dodgers,0.29,,,,
2002-07-28,Francisco Cruceta,Cleveland Guardians,Los Angeles Dodgers,-0.31,,,,
2002-07-29,Placido Polanco,Philadelphia Phillies,St. Louis Cardinals,15.84,,,,
2002-07-29,Mike Timlin,Philadelphia Phillies,St. Louis Cardinals,0.08,,,,
2002-07-29,Bud Smith,Philadelphia Phillies,St. Louis Cardinals,0,,,,
2002-07-29,Scott Rolen,St. Louis Cardinals,Philadelphia Phillies,25.91,,,,
2002-07-29,Doug Nickle,St. Louis Cardinals,Philadelphia Phillies,0,,,,
2002-07-29,Sandy Alomar,Colorado Rockies,Chicago White Sox,-0.19,,,,
2002-07-30,Cliff Floyd,Boston Red Sox,Washington Nationals,1.55,,,,
2002-07-30,Marshall McDougall,Cleveland Guardians,Oakland Athletics,0,,,,
2002-07-30,Ricardo Rincon,Oakland Athletics,Cleveland Guardians,2.72,,,,
2002-07-30,Sun-Woo Kim,Washington Nationals,Boston Red Sox,1.22,,,,
2002-07-31,Steve Reed,New York Mets,San Diego Padres,0.81,,,,
2002-07-31,Jason Middlebrook,New York Mets,San Diego Padres,0.02,,,,
2002-07-31,Bobby Jones,San Diego Padres,New York Mets,0,,,,
2002-07-31,Jason Bay,San Diego Padres,New York Mets,0.25,,,,
2002-07-31,Gabe Kapler,Colorado Rockies,Texas Rangers,0.7,,,,
2002-07-31,Jason Romano,Colorado Rockies,Texas Rangers,-0.19,,,,
2002-07-31,Dennys Reyes,Texas Rangers,Colorado Rockies,-0.41,,,,
2002-07-31,Todd Hollandsworth,Texas Rangers,Colorado Rockies,0.29,,,,
2002-07-31,Jay Payton,Colorado Rockies,New York Mets,4.69,,,,
2002-07-31,Mark Corey,Colorado Rockies,New York Mets,-0.67,,,,
2002-07-31,Mark Little,New York Mets,Colorado Rockies,-0.16,,,,
2002-07-31,John Thomson,New York Mets,Colorado Rockies,-0.42,,,,
2002-07-31,Jorge Fabregas,Milwaukee Brewers,Los Angeles Angels,-0.48,,,,
2002-07-31,Sal Fasano,Los Angeles Angels,Milwaukee Brewers,0.08,,,,
2002-07-31,Alex Ochoa,Los Angeles Angels,Milwaukee Brewers,0.19,,,,
2002-07-31,Frank Francisco,Chicago White Sox,Boston Red Sox,-0.26,,,,
2002-07-31,Bob Howry,Boston Red Sox,Chicago White Sox,-0.75,,,,
2002-07-31,Chad Hermansen,Chicago Cubs,Pittsburgh Pirates,-0.58,,,,
2002-07-31,Darren Lewis,Pittsburgh Pirates,Chicago Cubs,0,,,,
2002-08-07,Coco Crisp,Cleveland Guardians,St. Louis Cardinals,9.03,,,,
2002-08-08,Jose Offerman,Seattle Mariners,Boston Red Sox,0.18,,,,
2002-08-15,Shawn Estes,Cincinnati Reds,New York Mets,-0.7,,,,
2002-08-15,Pedro Feliciano,New York Mets,Cincinnati Reds,5.74,,,,
2002-08-16,Mark Little,Arizona Diamondbacks,New York Mets,0.02,,,,
2002-08-19,Ismael Valdez,Seattle Mariners,Texas Rangers,0.16,,,,
2002-08-19,Jermaine Clark,Texas Rangers,Seattle Mariners,-0.48,,,,
2002-08-20,Raul Gonzalez,New York Mets,Cincinnati Reds,0.17,,,,
2002-08-22,Jeremy Bonderman,Detroit Tigers,Oakland Athletics,4.97,,,,
2002-08-22,Tom Gordon,Houston Astros,Chicago Cubs,0.4,,,,
2002-08-25,Jeff Fassero,St. Louis Cardinals,Chicago Cubs,-0.52,,,,
2002-08-29,Jamey Wright,St. Louis Cardinals,Milwaukee Brewers,0.01,,,,
2002-08-31,Mark Loretta,Houston Astros,Milwaukee Brewers,2,,,,
2002-09-03,Wayne Franklin,Milwaukee Brewers,Houston Astros,0.95,,,,
2002-09-04,Bill Mueller,San Francisco Giants,Chicago Cubs,-0.13,,,,
2002-09-05,Keith Ginter,Milwaukee Brewers,Houston Astros,2.23,,,,
2002-09-09,Brady Clark,New York Mets,Cincinnati Reds,0.27,,,,
2002-09-11,Mike Matthews,Milwaukee Brewers,St. Louis Cardinals,0.04,,,,
2002-09-18,Jason Frasor,Los Angeles Dodgers,Detroit Tigers,0,,,,
2002-09-20,Pedro Liriano,Milwaukee Brewers,Los Angeles Angels,-0.02,,,,
2002-09-24,Jason Karnuth,Chicago Cubs,St. Louis Cardinals,0,,,,
2002-10-16,Brian Mallette,Los Angeles Dodgers,Milwaukee Brewers,0,,,,
2002-10-28,Antonio Perez,Tampa Bay Rays,Seattle Mariners,0.46,,,,
2002-10-28,Randy Winn,Seattle Mariners,Tampa Bay Rays,8.83,,,,
2002-10-28,Lou Piniella,Tampa Bay Rays,Seattle Mariners,0,,,,
2002-11-13,Damian Miller,Chicago Cubs,Arizona Diamondbacks,0.3,,,,
2002-11-15,Gene Kingsale,Detroit Tigers,San Diego Padres,-0.58,,,,
2002-11-15,Mike Rivera,San Diego Padres,Detroit Tigers,-0.41,,,,
2002-11-15,Matt Kinney,Milwaukee Brewers,Minnesota Twins,-0.32,,,,
2002-11-15,Javier Valentin,Milwaukee Brewers,Minnesota Twins,0,,,,
2002-11-16,Cory Lidle,Toronto Blue Jays,Oakland Athletics,0.58,,,,
2002-11-16,Mike Rouse,Oakland Athletics,Toronto Blue Jays,0.04,,,,
2002-11-16,Juan Pierre,Miami Marlins,Colorado Rockies,7.73,,,,
2002-11-16,Mike Hampton,Miami Marlins,Colorado Rockies,0,,,,
2002-11-16,Charles Johnson,Colorado Rockies,Miami Marlins,2.08,,,,
2002-11-16,Preston Wilson,Colorado Rockies,Miami Marlins,0.76,,,,
2002-11-16,Vic Darensbourg,Colorado Rockies,Miami Marlins,0.03,,,,
2002-11-16,Pablo Ozuna,Colorado Rockies,Miami Marlins,-0.14,,,,
2002-11-18,Mike Hampton,Atlanta Braves,Miami Marlins,5.92,,,,
2002-11-18,Tim Spooneybarger,Miami Marlins,Atlanta Braves,0.15,,,,
2002-11-25,Randall Simon,Pittsburgh Pirates,Detroit Tigers,-1.84,,,,
2002-11-26,Paul Bako,Chicago Cubs,Milwaukee Brewers,0.47,,,,
2002-12-03,Billy Koch,Chicago White Sox,Oakland Athletics,-0.91,,,,
2002-12-03,Keith Foulke,Oakland Athletics,Chicago White Sox,3.65,,,,
2002-12-03,Mark Johnson,Oakland Athletics,Chicago White Sox,-0.24,,,,
2002-12-03,Joe Valentine,Oakland Athletics,Chicago White Sox,0,,,,
2002-12-04,Mark Grudzielanek,Chicago Cubs,Los Angeles Dodgers,3.03,,,,
2002-12-04,Eric Karros,Chicago Cubs,Los Angeles Dodgers,-0.74,,,,
2002-12-04,Todd Hundley,Los Angeles Dodgers,Chicago Cubs,0.02,,,,
2002-12-04,Chad Hermansen,Los Angeles Dodgers,Chicago Cubs,-0.15,,,,
2002-12-06,Einar Diaz,Texas Rangers,Cleveland Guardians,0.19,,,,
2002-12-06,Ryan Drese,Texas Rangers,Cleveland Guardians,3.91,,,,
2002-12-06,Travis Hafner,Cleveland Guardians,Texas Rangers,24.97,,,,
2002-12-06,Aaron Myette,Cleveland Guardians,Texas Rangers,-0.22,,,,
2002-12-12,Todd Walker,Boston Red Sox,Cincinnati Reds,1.1,,,,
2002-12-15,Rey Ordonez,Tampa Bay Rays,New York Mets,0.68,,,,
2002-12-15,Elmer Dessens,Arizona Diamondbacks,Cincinnati Reds,1.54,,,,
2002-12-15,Erubiel Durazo,Oakland Athletics,Arizona Diamondbacks,4.84,,,,
2002-12-15,Felipe Lopez,Cincinnati Reds,Toronto Blue Jays,4.22,,,,
2002-12-15,Jeremy Giambi,Boston Red Sox,Philadelphia Phillies,-0.27,,,,
2002-12-15,Josh Hancock,Philadelphia Phillies,Boston Red Sox,-0.22,,,,
2002-12-15,Brett Tomko,St. Louis Cardinals,San Diego Padres,0.08,,,,
2002-12-15,Luther Hackman,San Diego Padres,St. Louis Cardinals,-1.26,,,,
2002-12-16,Roberto Novoa,Detroit Tigers,Pittsburgh Pirates,-0.26,,,,
2002-12-16,Neal Cotts,Chicago White Sox,Oakland Athletics,1.58,,,,
2002-12-16,Tony Blanco,Cincinnati Reds,Boston Red Sox,0,,,,
2002-12-16,Russ Johnson,New York Mets,Tampa Bay Rays,0,,,,
2002-12-16,Luis Alfonso Cruz,San Diego Padres,Boston Red Sox,0,,,,
2002-12-16,Cesar Crespo,Boston Red Sox,San Diego Padres,-0.39,,,,
2002-12-16,Jose Flores,San Diego Padres,Oakland Athletics,0,,,,
2002-12-16,Nelson Cruz,Colorado Rockies,Houston Astros,-0.43,,,,
2002-12-16,John Foster,Milwaukee Brewers,Atlanta Braves,0.18,,,,
2002-12-16,Wes Helms,Milwaukee Brewers,Atlanta Braves,-0.15,,,,
2002-12-16,Ray King,Atlanta Braves,Milwaukee Brewers,0.13,,,,
2002-12-17,Damian Moss,San Francisco Giants,Atlanta Braves,0.44,,,,
2002-12-17,Merkin Valdez,San Francisco Giants,Atlanta Braves,-0.3,,,,
2002-12-17,Russ Ortiz,Atlanta Braves,San Francisco Giants,4.85,,,,
2002-12-20,Kevin Millwood,Philadelphia Phillies,Atlanta Braves,2.65,,,,
2002-12-20,Johnny Estrada,Atlanta Braves,Philadelphia Phillies,2.07,,,,
2002-12-20,Matt Herges,Pittsburgh Pirates,Washington Nationals,0,,,,
2002-12-20,Chris Young,Washington Nationals,Pittsburgh Pirates,0,,,,
2003-01-02,Jeremy Fikac,Oakland Athletics,San Diego Padres,0.17,,,,
2003-01-11,Gary Knotts,Detroit Tigers,Miami Marlins,-0.09,,,,
2003-01-11,Nate Robertson,Detroit Tigers,Miami Marlins,5.64,,,,
2003-01-11,Mark Redman,Miami Marlins,Detroit Tigers,2.96,,,,
2003-01-15,Antonio Osuna,New York Yankees,Chicago White Sox,0.84,,,,
2003-01-15,Orlando Hernandez,Chicago White Sox,New York Yankees,0.41,,,,
2003-01-15,Rocky Biddle,Washington Nationals,Chicago White Sox,-2.99,,,,
2003-01-15,Jeff Liefer,Washington Nationals,Chicago White Sox,-1.19,,,,
2003-01-15,Bartolo Colon,Chicago White Sox,Washington Nationals,5.15,,,,
2003-01-16,Orlando Hernandez,Washington Nationals,Chicago White Sox,0,,,,
2003-01-25,Daryle Ward,Los Angeles Dodgers,Houston Astros,-1.07,,,,
2003-01-25,Ruddy Lugo,Houston Astros,Los Angeles Dodgers,0,,,,
2003-01-27,Luke Allen,Colorado Rockies,Los Angeles Dodgers,-0.08,,,,
2003-01-27,Jason Romano,Los Angeles Dodgers,Colorado Rockies,-0.75,,,,
2003-01-27,John-Ford Griffin,Toronto Blue Jays,Oakland Athletics,0.24,,,,
2003-03-06,Jeff Austin,Cincinnati Reds,Kansas City Royals,-0.84,,,,
2003-03-06,Brian Shackelford,Cincinnati Reds,Kansas City Royals,0.48,,,,
2003-03-18,Javier Lopez,Colorado Rockies,Boston Red Sox,0.01,,,,
2003-03-19,Bubba Trammell,New York Yankees,San Diego Padres,-0.1,,,,
2003-03-19,Rondell White,San Diego Padres,New York Yankees,1.96,,,,
2003-03-21,Jack Cust,Baltimore Orioles,Colorado Rockies,0.38,,,,
2003-03-21,Chris Richard,Colorado Rockies,Baltimore Orioles,-0.18,,,,
2003-03-24,Jason Conti,Milwaukee Brewers,Tampa Bay Rays,-0.18,,,,
2003-03-24,Javier Valentin,Tampa Bay Rays,Milwaukee Brewers,-0.18,,,,
2003-03-24,Edwards Guzman,Washington Nationals,San Francisco Giants,-1.42,,,,
2003-03-24,Livan Hernandez,Washington Nationals,San Francisco Giants,12.02,,,,
2003-03-24,Jim Brower,San Francisco Giants,Washington Nationals,1.53,,,,
2003-03-25,Chris Spurling,Detroit Tigers,Atlanta Braves,1.26,,,,
2003-03-25,Wendell Magee,Philadelphia Phillies,Cleveland Guardians,0,,,,
2003-03-27,Ross Gload,Chicago White Sox,Colorado Rockies,-0.65,,,,
2003-03-27,Fernando Lunar,Kansas City Royals,Texas Rangers,0,,,,
2003-03-29,Mike Fyhrie,Cleveland Guardians,Philadelphia Phillies,0,,,,
2003-04-30,Matt Blank,San Francisco Giants,Washington Nationals,0,,,,
2003-05-01,Mario Encarnacion,St. Louis Cardinals,Washington Nationals,0,,,,
2003-05-03,Joe Vitiello,Washington Nationals,San Francisco Giants,0.84,,,,
2003-05-09,Alan Benes,Texas Rangers,Chicago Cubs,-0.73,,,,
2003-05-19,Damon Minor,Philadelphia Phillies,San Francisco Giants,0,,,,
2003-05-25,Mike Fyhrie,Kansas City Royals,Cleveland Guardians,0,,,,
2003-05-27,Esteban Yan,St. Louis Cardinals,Texas Rangers,-0.49,,,,
2003-05-27,Alex Sanchez,Detroit Tigers,Milwaukee Brewers,0.33,,,,
2003-05-29,Shea Hillenbrand,Arizona Diamondbacks,Boston Red Sox,0.4,,,,
2003-05-29,Byung-Hyun Kim,Boston Red Sox,Arizona Diamondbacks,1.36,,,,
2003-05-29,Derrin Ebert,Arizona Diamondbacks,Chicago Cubs,0,,,,
2003-05-29,Chris Donnels,Chicago Cubs,Arizona Diamondbacks,0,,,,
2003-06-05,Alan Benes,Chicago Cubs,Texas Rangers,0.34,,,,
2003-06-06,Ruben Sierra,New York Yankees,Texas Rangers,-0.52,,,,
2003-06-06,Marcus Thames,Texas Rangers,New York Yankees,-0.44,,,,
2003-06-06,Matt White,Seattle Mariners,Boston Red Sox,-0.12,,,,
2003-06-20,Mark Bellhorn,Colorado Rockies,Chicago Cubs,-0.16,,,,
2003-06-20,Jose Hernandez,Chicago Cubs,Colorado Rockies,-0.2,,,,
2003-06-22,Angel Santos,Cleveland Guardians,Boston Red Sox,0.2,,,,
2003-06-22,Jamie Brown,Boston Red Sox,Cleveland Guardians,-0.08,,,,
2003-06-23,Ron Wright,Detroit Tigers,Cleveland Guardians,0,,,,
2003-06-23,Jason Perry,Oakland Athletics,Toronto Blue Jays,0,,,,
2003-06-25,Dan Miceli,New York Yankees,Cleveland Guardians,0.01,,,,
2003-06-26,Kevin Joseph,Washington Nationals,St. Louis Cardinals,0,,,,
2003-07-01,Luis Lopez,Baltimore Orioles,Colorado Rockies,-1.18,,,,
2003-07-01,Roberto Alomar,Chicago White Sox,New York Mets,-0.73,,,,
2003-07-01,Edwin Almonte,New York Mets,Chicago White Sox,-0.62,,,,
2003-07-01,Royce Ring,New York Mets,Chicago White Sox,0.38,,,,
2003-07-01,Carl Everett,Chicago White Sox,Texas Rangers,2.19,,,,
2003-07-06,Gookie Dawkins,Kansas City Royals,Los Angeles Dodgers,0,,,,
2003-07-06,Scott Mullen,Los Angeles Dodgers,Kansas City Royals,-0.09,,,,
2003-07-06,D'Angelo Jimenez,Cincinnati Reds,Chicago White Sox,5.6,,,,
2003-07-06,Scott Dunn,Chicago White Sox,Cincinnati Reds,0,,,,
2003-07-08,John Wasdin,Toronto Blue Jays,Pittsburgh Pirates,-0.6,,,,
2003-07-08,Rich Thompson,Pittsburgh Pirates,Toronto Blue Jays,0,,,,
2003-07-09,Aaron Myette,Philadelphia Phillies,Cleveland Guardians,0,,,,
2003-07-09,Lyle Mouton,Cleveland Guardians,Philadelphia Phillies,0,,,,
2003-07-10,Curt Leskanic,Kansas City Royals,Milwaukee Brewers,0.53,,,,
2003-07-10,Wes Obermueller,Milwaukee Brewers,Kansas City Royals,0.42,,,,
2003-07-10,Alejandro Machado,Milwaukee Brewers,Kansas City Royals,0,,,,
2003-07-11,Ugueth Urbina,Miami Marlins,Texas Rangers,2.14,,,,
2003-07-11,Adrian Gonzalez,Texas Rangers,Miami Marlins,-0.72,,,,
2003-07-11,Ryan Snare,Texas Rangers,Miami Marlins,-0.16,,,,
2003-07-13,Adam Bernero,Colorado Rockies,Detroit Tigers,0.08,,,,
2003-07-13,Ben Petrick,Detroit Tigers,Colorado Rockies,0.19,,,,
2003-07-13,Clay Hensley,San Diego Padres,San Francisco Giants,2.04,,,,
2003-07-13,Matt Herges,San Francisco Giants,San Diego Padres,0.05,,,,
2003-07-14,Jeromy Burnitz,Los Angeles Dodgers,New York Mets,0.2,,,,
2003-07-14,Victor Diaz,New York Mets,Los Angeles Dodgers,0.4,,,,
2003-07-14,Joselo Diaz,New York Mets,Los Angeles Dodgers,0,,,,
2003-07-16,Bobby Kielty,Toronto Blue Jays,Minnesota Twins,-0.21,,,,
2003-07-16,Shannon Stewart,Minnesota Twins,Toronto Blue Jays,4.87,,,,
2003-07-16,Jason Anderson,New York Mets,New York Yankees,0.03,,,,
2003-07-16,Anderson Garcia,New York Mets,New York Yankees,0,,,,
2003-07-16,Armando Benitez,New York Yankees,New York Mets,0.18,,,,
2003-07-18,Tony Womack,Colorado Rockies,Arizona Diamondbacks,-0.63,,,,
2003-07-18,Ryan Ludwick,Cleveland Guardians,Texas Rangers,1.1,,,,
2003-07-18,Ricardo Rodriguez,Texas Rangers,Cleveland Guardians,1.05,,,,
2003-07-18,Shane Spencer,Texas Rangers,Cleveland Guardians,-0.18,,,,
2003-07-21,Mike Williams,Philadelphia Phillies,Pittsburgh Pirates,-0.52,,,,
2003-07-21,Frank Brooks,Pittsburgh Pirates,Philadelphia Phillies,0.01,,,,
2003-07-22,Brandon Lyon,Pittsburgh Pirates,Boston Red Sox,0,,,,
2003-07-22,Jesse Orosco,New York Yankees,San Diego Padres,-0.37,,,,
2003-07-22,Michael Gonzalez,Boston Red Sox,Pittsburgh Pirates,0,,,,
2003-07-22,Scott Sauerbeck,Boston Red Sox,Pittsburgh Pirates,-0.28,,,,
2003-07-22,Anastacio Martinez,Pittsburgh Pirates,Boston Red Sox,0,,,,
2003-07-23,Aramis Ramirez,Chicago Cubs,Pittsburgh Pirates,24.06,,,,
2003-07-23,Kenny Lofton,Chicago Cubs,Pittsburgh Pirates,1.8,,,,
2003-07-23,Jose Hernandez,Pittsburgh Pirates,Chicago Cubs,-0.1,,,,
2003-07-25,Frank Francisco,Texas Rangers,Chicago White Sox,4.88,,,,
2003-07-25,Josh Rupe,Texas Rangers,Chicago White Sox,0.66,,,,
2003-07-28,Jeremy Hill,New York Mets,Kansas City Royals,0,,,,
2003-07-28,Graeme Lloyd,Kansas City Royals,New York Mets,-0.68,,,,
2003-07-29,Dan Miceli,Houston Astros,New York Yankees,1.56,,,,
2003-07-29,Chris Michalak,Cincinnati Reds,Colorado Rockies,0.46,,,,
2003-07-29,Rey Sanchez,Seattle Mariners,New York Mets,1.06,,,,
2003-07-29,Kenny Kelly,New York Mets,Seattle Mariners,0,,,,
2003-07-29,Raul Mondesi,Arizona Diamondbacks,New York Yankees,0.48,,,,
2003-07-29,David Dellucci,New York Yankees,Arizona Diamondbacks,-0.14,,,,
2003-07-29,Bret Prinz,New York Yankees,Arizona Diamondbacks,-0.06,,,,
2003-07-30,Doug Glanville,Chicago Cubs,Texas Rangers,-0.37,,,,
2003-07-30,Scott Schoeneweis,Chicago White Sox,Los Angeles Angels,0.32,,,,
2003-07-30,Doug Nickle,Chicago White Sox,Los Angeles Angels,0,,,,
2003-07-30,Gary Glover,Los Angeles Angels,Chicago White Sox,0.09,,,,
2003-07-30,Scott Dunn,Los Angeles Angels,Chicago White Sox,-0.05,,,,
2003-07-30,Jose Guillen,Oakland Athletics,Cincinnati Reds,0.2,,,,
2003-07-30,Aaron Harang,Cincinnati Reds,Oakland Athletics,15.49,,,,
2003-07-30,Joe Valentine,Cincinnati Reds,Oakland Athletics,-0.98,,,,
2003-07-30,Scott Williamson,Boston Red Sox,Cincinnati Reds,0.92,,,,
2003-07-30,Phil Dumatrait,Cincinnati Reds,Boston Red Sox,-1.4,,,,
2003-07-31,Brandon Lyon,Boston Red Sox,Pittsburgh Pirates,0.38,,,,
2003-07-31,Gabe White,New York Yankees,Cincinnati Reds,-0.51,,,,
2003-07-31,Kurt Ainsworth,Baltimore Orioles,San Francisco Giants,-1.14,,,,
2003-07-31,Damian Moss,Baltimore Orioles,San Francisco Giants,-0.4,,,,
2003-07-31,Sidney Ponson,San Francisco Giants,Baltimore Orioles,0.88,,,,
2003-07-31,Brandon Claussen,Cincinnati Reds,New York Yankees,0.09,,,,
2003-07-31,Charlie Manning,Cincinnati Reds,New York Yankees,0,,,,
2003-07-31,Aaron Boone,New York Yankees,Cincinnati Reds,1.41,,,,
2003-07-31,Robin Ventura,Los Angeles Dodgers,New York Yankees,0.19,,,,
2003-07-31,Bubba Crosby,New York Yankees,Los Angeles Dodgers,-1.48,,,,
2003-07-31,Scott Proctor,New York Yankees,Los Angeles Dodgers,2.13,,,,
2003-07-31,Michael Gonzalez,Pittsburgh Pirates,Boston Red Sox,0,,,,
2003-07-31,Freddy Sanchez,Pittsburgh Pirates,Boston Red Sox,12.89,,,,
2003-07-31,Jeff Suppan,Boston Red Sox,Pittsburgh Pirates,0.22,,,,
2003-07-31,Anastacio Martinez,Boston Red Sox,Pittsburgh Pirates,-0.32,,,,
2003-08-06,Armando Benitez,Seattle Mariners,New York Yankees,0.32,,,,
2003-08-06,Jeff Nelson,New York Yankees,Seattle Mariners,0.18,,,,
2003-08-08,Paul Abbott,Kansas City Royals,Arizona Diamondbacks,0.4,,,,
2003-08-12,Kent Mercker,Atlanta Braves,Cincinnati Reds,0.54,,,,
2003-08-14,Matt Belisle,Cincinnati Reds,Atlanta Braves,0.56,,,,
2003-08-15,Bobby Hill,Pittsburgh Pirates,Chicago Cubs,0.14,,,,
2003-08-17,Randall Simon,Chicago Cubs,Pittsburgh Pirates,0.44,,,,
2003-08-17,Ray Sadler,Pittsburgh Pirates,Chicago Cubs,-0.06,,,,
2003-08-19,Tony Womack,Chicago Cubs,Colorado Rockies,0.24,,,,
2003-08-19,Eric Young,San Francisco Giants,Milwaukee Brewers,-0.78,,,,
2003-08-21,Tim Hummel,Cincinnati Reds,Chicago White Sox,-1.28,,,,
2003-08-21,Scott Sullivan,Chicago White Sox,Cincinnati Reds,0.3,,,,
2003-08-22,Sterling Hitchcock,St. Louis Cardinals,New York Yankees,0.34,,,,
2003-08-25,Phil Norton,Cincinnati Reds,Chicago Cubs,-0.01,,,,
2003-08-25,John Koronka,Chicago Cubs,Cincinnati Reds,-0.3,,,,
2003-08-25,Brian Anderson,Kansas City Royals,Cleveland Guardians,0.71,,,,
2003-08-26,Jason Bay,Pittsburgh Pirates,San Diego Padres,15.07,,,,
2003-08-26,Oliver Perez,Pittsburgh Pirates,San Diego Padres,4.1,,,,
2003-08-26,Brian Giles,San Diego Padres,Pittsburgh Pirates,17.36,,,,
2003-08-26,Rondell White,Kansas City Royals,San Diego Padres,0.89,,,,
2003-08-26,Brian Sanches,San Diego Padres,Kansas City Royals,0,,,,
2003-08-27,Mike DeJean,St. Louis Cardinals,Milwaukee Brewers,0.18,,,,
2003-08-28,Lou Merloni,Boston Red Sox,San Diego Padres,0.05,,,,
2003-08-31,Jeff Conine,Miami Marlins,Baltimore Orioles,2.59,,,,
2003-08-31,Denny Bautista,Baltimore Orioles,Miami Marlins,-0.35,,,,
2003-08-31,Jesse Orosco,Minnesota Twins,New York Yankees,-0.03,,,,
2003-08-31,Kelly Stinnett,Philadelphia Phillies,Cincinnati Reds,0.08,,,,
2003-08-31,Eric Valent,Cincinnati Reds,Philadelphia Phillies,-0.3,,,,
2003-09-02,Juan Padilla,New York Yankees,Minnesota Twins,0.23,,,,
2003-09-06,David Lee,Cleveland Guardians,Los Angeles Dodgers,-0.13,,,,
2003-09-09,Todd Sears,San Diego Padres,Minnesota Twins,0.04,,,,
2003-09-10,Mike Crudale,Milwaukee Brewers,St. Louis Cardinals,0.23,,,,
2003-11-03,Ezequiel Astacio,Houston Astros,Philadelphia Phillies,-1.31,,,,
2003-11-03,Billy Wagner,Philadelphia Phillies,Houston Astros,3.94,,,,
2003-11-03,Brandon Duckworth,Houston Astros,Philadelphia Phillies,-1.14,,,,
2003-11-03,Taylor Buchholz,Houston Astros,Philadelphia Phillies,-1.27,,,,
2003-11-14,Joe Nathan,Minnesota Twins,San Francisco Giants,18.42,,,,
2003-11-14,A.J. Pierzynski,San Francisco Giants,Minnesota Twins,1.8,,,,
2003-11-14,Francisco Liriano,Minnesota Twins,San Francisco Giants,9.35,,,,
2003-11-14,Boof Bonser,Minnesota Twins,San Francisco Giants,-0.26,,,,
2003-11-18,Ted Lilly,Toronto Blue Jays,Oakland Athletics,5.93,,,,
2003-11-18,Bobby Kielty,Oakland Athletics,Toronto Blue Jays,2.48,,,,
2003-11-21,Tino Martinez,Tampa Bay Rays,St. Louis Cardinals,2.35,,,,
2003-11-25,Derrek Lee,Chicago Cubs,Miami Marlins,22.62,,,,
2003-11-25,Hee-Seop Choi,Miami Marlins,Chicago Cubs,1.45,,,,
2003-11-26,Terrence Long,San Diego Padres,Oakland Athletics,0.87,,,,
2003-11-26,Ramon Hernandez,San Diego Padres,Oakland Athletics,5.63,,,,
2003-11-26,Mark Kotsay,Oakland Athletics,San Diego Padres,7.49,,,,
2003-11-28,Brandon Lyon,Arizona Diamondbacks,Boston Red Sox,2.13,,,,
2003-11-28,Casey Fossum,Arizona Diamondbacks,Boston Red Sox,-1.68,,,,
2003-11-28,Jorge De La Rosa,Arizona Diamondbacks,Boston Red Sox,0.38,,,,
2003-11-28,Curt Schilling,Boston Red Sox,Arizona Diamondbacks,17.72,,,,
2003-12-01,Junior Spivey,Milwaukee Brewers,Arizona Diamondbacks,2.62,,,,
2003-12-01,Craig Counsell,Milwaukee Brewers,Arizona Diamondbacks,6.78,,,,
2003-12-01,Lyle Overbay,Milwaukee Brewers,Arizona Diamondbacks,3.69,,,,
2003-12-01,Chad Moeller,Milwaukee Brewers,Arizona Diamondbacks,-3.52,,,,
2003-12-01,Chris Capuano,Milwaukee Brewers,Arizona Diamondbacks,7.87,,,,
2003-12-01,Jorge De La Rosa,Milwaukee Brewers,Arizona Diamondbacks,-1.64,,,,
2003-12-01,Richie Sexson,Arizona Diamondbacks,Milwaukee Brewers,0.3,,,,
2003-12-01,Shane Nance,Arizona Diamondbacks,Milwaukee Brewers,-0.42,,,,
2003-12-02,Juan Uribe,Chicago White Sox,Colorado Rockies,7.33,,,,
2003-12-02,Aaron Miles,Colorado Rockies,Chicago White Sox,0.27,,,,
2003-12-03,Eric Milton,Philadelphia Phillies,Minnesota Twins,1.44,,,,
2003-12-03,Carlos Silva,Minnesota Twins,Philadelphia Phillies,8.87,,,,
2003-12-03,Nick Punto,Minnesota Twins,Philadelphia Phillies,10.27,,,,
2003-12-13,Eli Marrero,Atlanta Braves,St. Louis Cardinals,2.25,,,,
2003-12-13,Juan Encarnacion,Los Angeles Dodgers,Miami Marlins,-0.06,,,,
2003-12-13,Jeff Weaver,Los Angeles Dodgers,New York Yankees,4.95,,,,
2003-12-13,Yhency Brazoban,Los Angeles Dodgers,New York Yankees,-0.7,,,,
2003-12-13,Kevin Brown,New York Yankees,Los Angeles Dodgers,2.4,,,,
2003-12-13,J.D. Drew,Atlanta Braves,St. Louis Cardinals,8.3,,,,
2003-12-13,Jason Marquis,St. Louis Cardinals,Atlanta Braves,3.4,,,,
2003-12-13,Ray King,St. Louis Cardinals,Atlanta Braves,1.87,,,,
2003-12-13,Adam Wainwright,St. Louis Cardinals,Atlanta Braves,45.31,,,,
2003-12-14,Joe Kennedy,Colorado Rockies,Tampa Bay Rays,3.81,,,,
2003-12-14,Justin Speier,Toronto Blue Jays,Colorado Rockies,3.79,,,,
2003-12-14,Mark Hendrickson,Tampa Bay Rays,Toronto Blue Jays,2.32,,,,
2003-12-14,Geoff Blum,Tampa Bay Rays,Houston Astros,-0.65,,,,
2003-12-14,Brandon Backe,Houston Astros,Tampa Bay Rays,2.75,,,,
2003-12-15,Dave Gassner,Minnesota Twins,Toronto Blue Jays,-0.19,,,,
2003-12-15,Allan Simpson,Colorado Rockies,Seattle Mariners,-0.39,,,,
2003-12-15,Greg Colbrunn,Arizona Diamondbacks,Seattle Mariners,-0.58,,,,
2003-12-15,Quinton McCracken,Seattle Mariners,Arizona Diamondbacks,-0.37,,,,
2003-12-15,Dustan Mohr,San Francisco Giants,Minnesota Twins,0.3,,,,
2003-12-15,Michael Barrett,Oakland Athletics,Washington Nationals,0,,,,
2003-12-15,Damian Miller,Oakland Athletics,Chicago Cubs,1.37,,,,
2003-12-16,Mark Bellhorn,Boston Red Sox,Colorado Rockies,4.13,,,,
2003-12-16,Frank Brooks,Oakland Athletics,New York Mets,0,,,,
2003-12-16,Jason Szuminski,San Diego Padres,Kansas City Royals,-0.25,,,,
2003-12-16,Rich Thompson,Kansas City Royals,San Diego Padres,0.05,,,,
2003-12-16,Michael Barrett,Chicago Cubs,Oakland Athletics,5.98,,,,
2003-12-16,Javier Vazquez,New York Yankees,Washington Nationals,2.16,,,,
2003-12-16,Nick Johnson,Washington Nationals,New York Yankees,0.28,,,,
2003-12-16,Juan Rivera,Washington Nationals,New York Yankees,2,,,,
2003-12-16,Randy Choate,Washington Nationals,New York Yankees,0,,,,
2003-12-16,Mark Redman,Oakland Athletics,Miami Marlins,1.66,,,,
2003-12-16,Mike Neu,Miami Marlins,Oakland Athletics,0,,,,
2003-12-17,Bobby Korecky,Minnesota Twins,Philadelphia Phillies,0.2,,,,
2003-12-18,Chris Hammond,Oakland Athletics,New York Yankees,1.02,,,,
2003-12-19,Jose Macias,Chicago Cubs,Washington Nationals,-0.64,,,,
2003-12-23,Bill Murphy,Miami Marlins,Oakland Athletics,0,,,,
2004-01-05,Melvin Dorta,Washington Nationals,Boston Red Sox,0,,,,
2004-01-05,Ryan Church,Washington Nationals,Cleveland Guardians,-0.14,,,,
2004-01-05,Maicer Izturis,Washington Nationals,Cleveland Guardians,-0.48,,,,
2004-01-05,Scott Stewart,Cleveland Guardians,Washington Nationals,-0.76,,,,
2004-01-06,Jeff Cirillo,San Diego Padres,Seattle Mariners,-0.35,,,,
2004-01-06,Brian Sweeney,San Diego Padres,Seattle Mariners,0.41,,,,
2004-01-06,Kevin Jarvis,Seattle Mariners,San Diego Padres,-0.3,,,,
2004-01-06,Wiki Gonzalez,Seattle Mariners,San Diego Padres,0.35,,,,
2004-01-06,Dave Hansen,Seattle Mariners,San Diego Padres,0.58,,,,
2004-01-08,Carlos Guillen,Detroit Tigers,Seattle Mariners,18.63,,,,
2004-01-08,Ramon Santiago,Seattle Mariners,Detroit Tigers,-0.28,,,,
2004-01-26,Jaime Cerda,Kansas City Royals,New York Mets,0.63,,,,
2004-01-26,Shawn Sedlacek,New York Mets,Kansas City Royals,0,,,,
2004-02-05,Mike Lamb,New York Yankees,Texas Rangers,0,,,,
2004-02-16,Alex Rodriguez,New York Yankees,Texas Rangers,53.82,,,,
2004-02-16,Alfonso Soriano,Texas Rangers,New York Yankees,3.66,,,,
2004-03-21,Tony Womack,St. Louis Cardinals,Boston Red Sox,3.26,,,,
2004-03-21,Matt Duff,Boston Red Sox,St. Louis Cardinals,0,,,,
2004-03-25,Andy Pratt,Chicago Cubs,Atlanta Braves,-0.3,,,,
2004-03-25,Juan Cruz,Atlanta Braves,Chicago Cubs,1.21,,,,
2004-03-25,Steve Smyth,Atlanta Braves,Chicago Cubs,0,,,,
2004-03-25,Mike Lamb,Houston Astros,New York Yankees,4.32,,,,
2004-03-26,Jung Keun Bong,Cincinnati Reds,Atlanta Braves,0,,,,
2004-03-26,Chris Reitsma,Atlanta Braves,Cincinnati Reds,-0.6,,,,
2004-03-27,Randy Choate,Arizona Diamondbacks,Washington Nationals,0.27,,,,
2004-03-27,John Patterson,Washington Nationals,Arizona Diamondbacks,-0.13,,,,
2004-03-27,Matt Ginter,New York Mets,Chicago White Sox,0.76,,,,
2004-03-27,Timo Perez,Chicago White Sox,New York Mets,-1.32,,,,
2004-03-28,Clay Condrey,Philadelphia Phillies,San Diego Padres,1.8,,,,
2004-03-29,Ricky Gutierrez,New York Mets,Cleveland Guardians,-0.43,,,,
2004-03-29,Alejandro Machado,Washington Nationals,Milwaukee Brewers,0,,,,
2004-03-29,Kerry Robinson,San Diego Padres,St. Louis Cardinals,-0.31,,,,
2004-03-29,Brian L. Hunter,St. Louis Cardinals,San Diego Padres,0,,,,
2004-03-29,Jason Frasor,Toronto Blue Jays,Los Angeles Dodgers,6.54,,,,
2004-03-29,Jayson Werth,Los Angeles Dodgers,Toronto Blue Jays,4.3,,,,
2004-03-30,Carlos Villanueva,Milwaukee Brewers,San Francisco Giants,2.11,,,,
2004-03-30,J.J. Trujillo,Kansas City Royals,San Diego Padres,0,,,,
2004-03-30,Leo Estrella,San Francisco Giants,Milwaukee Brewers,-0.19,,,,
2004-03-30,Wayne Franklin,San Francisco Giants,Milwaukee Brewers,-0.6,,,,
2004-03-31,Willy Taveras,Houston Astros,Cleveland Guardians,4.38,,,,
2004-03-31,Jeriome Robertson,Cleveland Guardians,Houston Astros,-1.31,,,,
2004-03-31,Luke Scott,Houston Astros,Cleveland Guardians,3.53,,,,
2004-04-01,Santiago Perez,Texas Rangers,Chicago Cubs,0,,,,
2004-04-01,Kevin Tolar,Chicago Cubs,Minnesota Twins,0,,,,
2004-04-01,Steve Colyer,Detroit Tigers,Los Angeles Dodgers,-0.39,,,,
2004-04-01,Cody Ross,Los Angeles Dodgers,Detroit Tigers,0.28,,,,
2004-04-01,Brian Sanches,Philadelphia Phillies,San Diego Padres,-0.58,,,,
2004-04-02,Rigo Beltran,Washington Nationals,Cincinnati Reds,-0.08,,,,
2004-04-03,Todd Dunwoody,Cleveland Guardians,Chicago Cubs,0,,,,
2004-04-03,Antonio Perez,Los Angeles Dodgers,Tampa Bay Rays,1.25,,,,
2004-04-03,Jason Romano,Tampa Bay Rays,Los Angeles Dodgers,-0.03,,,,
2004-04-03,Ben Howard,Miami Marlins,San Diego Padres,-0.35,,,,
2004-04-03,Blaine Neal,San Diego Padres,Miami Marlins,0.26,,,,
2004-04-03,Aaron Looper,Los Angeles Dodgers,Seattle Mariners,0,,,,
2004-04-03,Jolbert Cabrera,Seattle Mariners,Los Angeles Dodgers,0.37,,,,
2004-04-03,Milton Bradley,Los Angeles Dodgers,Cleveland Guardians,4.45,,,,
2004-04-03,Franklin Gutierrez,Cleveland Guardians,Los Angeles Dodgers,5.46,,,,
2004-04-03,Chris Young,Texas Rangers,Washington Nationals,3.6,,,,
2004-04-03,Einar Diaz,Washington Nationals,Texas Rangers,-0.83,,,,
2004-04-04,Wilson Delgado,New York Mets,St. Louis Cardinals,0.72,,,,
2004-04-04,Roger Cedeno,St. Louis Cardinals,New York Mets,-1.41,,,,
2004-04-08,Sandy Martinez,Cleveland Guardians,Pittsburgh Pirates,-0.04,,,,
2004-04-08,Zach McClellan,Colorado Rockies,Kansas City Royals,-0.1,,,,
2004-04-08,Justin Huisman,Kansas City Royals,Colorado Rockies,-0.25,,,,
2004-04-08,Marty McLeary,San Diego Padres,Miami Marlins,-0.18,,,,
2004-04-13,Aaron Looper,Seattle Mariners,Los Angeles Dodgers,0,,,,
2004-04-14,Napoleon Calzado,Atlanta Braves,Baltimore Orioles,0,,,,
2004-04-17,Chad Harville,Houston Astros,Oakland Athletics,-0.76,,,,
2004-04-17,Kirk Saarloos,Oakland Athletics,Houston Astros,3.13,,,,
2004-04-18,Scott Cassidy,Boston Red Sox,Toronto Blue Jays,-0.11,,,,
2004-04-19,Ed Yarnall,Philadelphia Phillies,Boston Red Sox,0,,,,
2004-04-23,Joaquin Arias,Texas Rangers,New York Yankees,-0.14,,,,
2004-04-25,Rick White,Cleveland Guardians,Los Angeles Dodgers,-0.61,,,,
2004-04-25,Russell Branyan,Cleveland Guardians,Atlanta Braves,1.1,,,,
2004-04-28,Andrew Lorraine,Baltimore Orioles,Pittsburgh Pirates,0,,,,
2004-04-29,Felix Sanchez,Detroit Tigers,Chicago Cubs,0,,,,
2004-05-01,Bruce Chen,Baltimore Orioles,Toronto Blue Jays,3.22,,,,
2004-05-03,Stubby Clapp,Toronto Blue Jays,Cleveland Guardians,0,,,,
2004-05-07,Joe Horgan,Washington Nationals,St. Louis Cardinals,0.51,,,,
2004-05-12,Frank Menechino,Toronto Blue Jays,Oakland Athletics,2.29,,,,
2004-05-15,Tanyon Sturtze,New York Yankees,Los Angeles Dodgers,0.61,,,,
2004-05-15,Brian Myrow,Los Angeles Dodgers,New York Yankees,0.01,,,,
2004-05-19,Andrew Brown,Cleveland Guardians,Los Angeles Dodgers,0.16,,,,
2004-05-31,Damian Jackson,Kansas City Royals,Chicago Cubs,-0.15,,,,
2004-05-31,Gookie Dawkins,Chicago Cubs,Kansas City Royals,0,,,,
2004-06-03,Robert Ellis,Philadelphia Phillies,Cleveland Guardians,0,,,,
2004-06-04,Matt White,Kansas City Royals,Cleveland Guardians,0,,,,
2004-06-07,Peter Bergeron,Milwaukee Brewers,Washington Nationals,0,,,,
2004-06-07,Saul Rivera,Milwaukee Brewers,Washington Nationals,0,,,,
2004-06-07,Jason Childers,Washington Nationals,Milwaukee Brewers,0,,,,
2004-06-15,Nerio Rodriguez,St. Louis Cardinals,New York Yankees,0,,,,
2004-06-16,Julius Matos,Toronto Blue Jays,Washington Nationals,0,,,,
2004-06-17,Billy Koch,Miami Marlins,Chicago White Sox,0.26,,,,
2004-06-17,Wilson Valdez,Chicago White Sox,Miami Marlins,0.33,,,,
2004-06-17,Jeremy Griffiths,Houston Astros,New York Mets,-0.15,,,,
2004-06-17,David Weathers,Houston Astros,New York Mets,-0.35,,,,
2004-06-17,Richard Hidalgo,New York Mets,Houston Astros,0.91,,,,
2004-06-18,Charlie Manning,New York Yankees,Cincinnati Reds,0,,,,
2004-06-18,Gabe White,Cincinnati Reds,New York Yankees,-0.62,,,,
2004-06-21,Denny Bautista,Kansas City Royals,Baltimore Orioles,0.22,,,,
2004-06-21,Jason Grimsley,Baltimore Orioles,Kansas City Royals,-0.61,,,,
2004-06-22,Tim Byrdak,Baltimore Orioles,San Diego Padres,-0.43,,,,
2004-06-23,Anthony Sanders,Toronto Blue Jays,Colorado Rockies,0,,,,
2004-06-24,Raul Casanova,Kansas City Royals,Boston Red Sox,0,,,,
2004-06-24,John Buck,Kansas City Royals,Houston Astros,2.03,,,,
2004-06-24,Mike Wood,Kansas City Royals,Oakland Athletics,0.67,,,,
2004-06-24,Mark Teahen,Kansas City Royals,Oakland Athletics,3.97,,,,
2004-06-24,Carlos Beltran,Houston Astros,Kansas City Royals,3.66,,,,
2004-06-24,Octavio Dotel,Oakland Athletics,Houston Astros,1.22,,,,
2004-06-27,Jeremy Reed,Seattle Mariners,Chicago White Sox,2.89,,,,
2004-06-27,Miguel Olivo,Seattle Mariners,Chicago White Sox,-0.35,,,,
2004-06-27,Michael Morse,Seattle Mariners,Chicago White Sox,0,,,,
2004-06-27,Freddy Garcia,Chicago White Sox,Seattle Mariners,12.25,,,,
2004-06-27,Ben Davis,Chicago White Sox,Seattle Mariners,-0.03,,,,
2004-07-02,Jimmy Anderson,Boston Red Sox,Chicago Cubs,0.01,,,,
2004-07-11,Chris Michalak,Miami Marlins,Milwaukee Brewers,0,,,,
2004-07-18,Carl Everett,Chicago White Sox,Washington Nationals,0.15,,,,
2004-07-18,Gary Majewski,Washington Nationals,Chicago White Sox,-0.31,,,,
2004-07-18,Jon Rauch,Washington Nationals,Chicago White Sox,1.06,,,,
2004-07-19,Rich Aurilia,San Diego Padres,Seattle Mariners,0.11,,,,
2004-07-19,Karim Garcia,Baltimore Orioles,New York Mets,-0.73,,,,
2004-07-19,Mike DeJean,New York Mets,Baltimore Orioles,0.3,,,,
2004-07-21,Ricky Gutierrez,Boston Red Sox,Chicago Cubs,-0.41,,,,
2004-07-21,Jason Ryan,Kansas City Royals,St. Louis Cardinals,0,,,,
2004-07-23,Rick Short,Washington Nationals,Kansas City Royals,0,,,,
2004-07-23,Scott Randall,Kansas City Royals,Washington Nationals,0,,,,
2004-07-24,Terry Adams,Boston Red Sox,Toronto Blue Jays,-0.09,,,,
2004-07-24,John Hattig,Toronto Blue Jays,Boston Red Sox,0.29,,,,
2004-07-26,Russell Branyan,Milwaukee Brewers,Cleveland Guardians,2.51,,,,
2004-07-27,Armando Rios,St. Louis Cardinals,Baltimore Orioles,0,,,,
2004-07-30,Jose Bautista,New York Mets,Kansas City Royals,1.19,,,,
2004-07-30,Justin Huber,Kansas City Royals,New York Mets,-1.32,,,,
2004-07-30,Ricky Ledee,San Francisco Giants,Philadelphia Phillies,-0.41,,,,
2004-07-30,Alfredo Simon,San Francisco Giants,Philadelphia Phillies,0,,,,
2004-07-30,Felix Rodriguez,Philadelphia Phillies,San Francisco Giants,0.54,,,,
2004-07-30,Dave Hansen,San Diego Padres,Seattle Mariners,-0.59,,,,
2004-07-30,Jon Huber,Seattle Mariners,San Diego Padres,0.86,,,,
2004-07-30,Josh Hancock,Cincinnati Reds,Philadelphia Phillies,0.33,,,,
2004-07-30,Anderson Machado,Cincinnati Reds,Philadelphia Phillies,0.08,,,,
2004-07-30,Todd Jones,Philadelphia Phillies,Cincinnati Reds,-0.03,,,,
2004-07-30,Paul Lo Duca,Miami Marlins,Los Angeles Dodgers,2.51,,,,
2004-07-30,Guillermo Mota,Miami Marlins,Los Angeles Dodgers,-0.22,,,,
2004-07-30,Juan Encarnacion,Miami Marlins,Los Angeles Dodgers,0.87,,,,
2004-07-30,Hee-Seop Choi,Los Angeles Dodgers,Miami Marlins,0.51,,,,
2004-07-30,Brad Penny,Los Angeles Dodgers,Miami Marlins,11.19,,,,
2004-07-30,Bill Murphy,Los Angeles Dodgers,Miami Marlins,0,,,,
2004-07-30,Bartolome Fortunato,New York Mets,Tampa Bay Rays,-0.27,,,,
2004-07-30,Victor Zambrano,New York Mets,Tampa Bay Rays,1.14,,,,
2004-07-30,Scott Kazmir,Tampa Bay Rays,New York Mets,13.45,,,,
2004-07-30,Joselo Diaz,Tampa Bay Rays,New York Mets,0,,,,
2004-07-30,Ty Wigginton,Pittsburgh Pirates,New York Mets,-1.32,,,,
2004-07-30,Kris Benson,New York Mets,Pittsburgh Pirates,2.78,,,,
2004-07-30,Jeff Keppinger,New York Mets,Pittsburgh Pirates,-0.15,,,,
2004-07-31,Reggie Abercrombie,Arizona Diamondbacks,Los Angeles Dodgers,0,,,,
2004-07-31,Jose Bautista,Pittsburgh Pirates,New York Mets,-2.23,,,,
2004-07-31,Jose Contreras,Chicago White Sox,New York Yankees,9.88,,,,
2004-07-31,Esteban Loaiza,New York Yankees,Chicago White Sox,-1.02,,,,
2004-07-31,Tom Martin,Atlanta Braves,Los Angeles Dodgers,-0.11,,,,
2004-07-31,Abraham M. Nunez,Kansas City Royals,Miami Marlins,0,,,,
2004-07-31,Rudy Seanez,Miami Marlins,Kansas City Royals,0.52,,,,
2004-07-31,Dave Roberts,Boston Red Sox,Los Angeles Dodgers,0.31,,,,
2004-07-31,Ismael Valdez,Miami Marlins,San Diego Padres,0.38,,,,
2004-07-31,Travis Chick,San Diego Padres,Miami Marlins,0,,,,
2004-07-31,Scott Erickson,Texas Rangers,New York Mets,0.2,,,,
2004-07-31,Steve Finley,Los Angeles Dodgers,Arizona Diamondbacks,1.43,,,,
2004-07-31,Brent Mayne,Los Angeles Dodgers,Arizona Diamondbacks,-0.41,,,,
2004-07-31,Koyie Hill,Arizona Diamondbacks,Los Angeles Dodgers,-0.45,,,,
2004-07-31,Bill Murphy,Arizona Diamondbacks,Los Angeles Dodgers,0,,,,
2004-07-31,Nomar Garciaparra,Chicago Cubs,Boston Red Sox,1.46,,,,
2004-07-31,Matt Murton,Chicago Cubs,Boston Red Sox,3.74,,,,
2004-07-31,Brendan Harris,Washington Nationals,Chicago Cubs,-0.51,,,,
2004-07-31,Alex Gonzalez,Washington Nationals,Chicago Cubs,-0.72,,,,
2004-07-31,Francis Beltran,Washington Nationals,Chicago Cubs,-0.29,,,,
2004-07-31,Orlando Cabrera,Boston Red Sox,Washington Nationals,1.77,,,,
2004-07-31,Doug Mientkiewicz,Boston Red Sox,Minnesota Twins,-0.34,,,,
2004-08-03,Jeriome Robertson,Washington Nationals,Cleveland Guardians,0,,,,
2004-08-04,Eric Crozier,Toronto Blue Jays,Cleveland Guardians,0.08,,,,
2004-08-04,Josh Phelps,Cleveland Guardians,Toronto Blue Jays,0.37,,,,
2004-08-05,Roberto Alomar,Chicago White Sox,Arizona Diamondbacks,-0.8,,,,
2004-08-06,Larry Walker,St. Louis Cardinals,Colorado Rockies,3.28,,,,
2004-08-09,Cory Lidle,Philadelphia Phillies,Cincinnati Reds,1.97,,,,
2004-08-10,Mike Venafro,Los Angeles Dodgers,Kansas City Royals,0.03,,,,
2004-08-11,Luis Martinez,Colorado Rockies,St. Louis Cardinals,0,,,,
2004-08-11,Chris Narveson,Colorado Rockies,St. Louis Cardinals,0,,,,
2004-08-11,Elizardo Ramirez,Cincinnati Reds,Philadelphia Phillies,-0.68,,,,
2004-08-13,Eric Eckenstahler,Chicago Cubs,Detroit Tigers,0,,,,
2004-08-17,Tom Wilson,Los Angeles Dodgers,New York Mets,-0.14,,,,
2004-08-18,Scott Stewart,Los Angeles Dodgers,Cleveland Guardians,-0.11,,,,
2004-08-19,Elmer Dessens,Los Angeles Dodgers,Arizona Diamondbacks,0.84,,,,
2004-08-27,Dan Wheeler,Houston Astros,New York Mets,4.64,,,,
2004-08-31,Mike DiFelice,Chicago Cubs,Detroit Tigers,-0.08,,,,
2004-08-31,Pat Borders,Minnesota Twins,Seattle Mariners,0.24,,,,
2004-08-31,Ben Grieve,Chicago Cubs,Milwaukee Brewers,0.08,,,,
2004-09-02,Dave Burba,San Francisco Giants,Milwaukee Brewers,0.01,,,,
2004-09-03,Andy Pratt,Milwaukee Brewers,Chicago Cubs,0,,,,
2004-09-16,Alex Gonzalez,San Diego Padres,Washington Nationals,-0.19,,,,
2004-11-08,Terrence Long,Kansas City Royals,San Diego Padres,0.13,,,,
2004-11-08,Dennis Tankersley,Kansas City Royals,San Diego Padres,0,,,,
2004-11-08,Ryan Bukvich,San Diego Padres,Kansas City Royals,0,,,,
2004-11-08,Darrell May,San Diego Padres,Kansas City Royals,-0.35,,,,
2004-11-19,Maicer Izturis,Los Angeles Angels,Washington Nationals,0,,,,
2004-11-19,Juan Rivera,Los Angeles Angels,Washington Nationals,0,,,,
2004-11-19,Randy Williams,San Diego Padres,Seattle Mariners,-0.27,,,,
2004-11-27,Jason Kendall,Oakland Athletics,Pittsburgh Pirates,7.73,,,,
2004-11-27,Mark Redman,Pittsburgh Pirates,Oakland Athletics,0.29,,,,
2004-11-27,Arthur Rhodes,Pittsburgh Pirates,Oakland Athletics,0,,,,
2004-12-02,John McDonald,Toronto Blue Jays,Cleveland Guardians,5.2,,,,
2004-12-03,Mike Stanton,New York Yankees,New York Mets,-0.09,,,,
2004-12-03,Felix Heredia,New York Mets,New York Yankees,0.11,,,,
2004-12-03,Felix Rodriguez,New York Yankees,Philadelphia Phillies,0.31,,,,
2004-12-03,Kenny Lofton,Philadelphia Phillies,New York Yankees,3.55,,,,
2004-12-11,Arthur Rhodes,Cleveland Guardians,Pittsburgh Pirates,1.02,,,,
2004-12-11,Matt Lawton,Pittsburgh Pirates,Cleveland Guardians,0.79,,,,
2004-12-11,Dan Kolb,Atlanta Braves,Milwaukee Brewers,0,,,,
2004-12-11,Jose Capellan,Milwaukee Brewers,Atlanta Braves,0.62,,,,
2004-12-12,Chad Gaudin,Toronto Blue Jays,Tampa Bay Rays,-0.87,,,,
2004-12-12,Kevin Cash,Tampa Bay Rays,Toronto Blue Jays,0.04,,,,
2004-12-13,Scott Podsednik,Chicago White Sox,Milwaukee Brewers,3.05,,,,
2004-12-13,Luis Vizcaino,Chicago White Sox,Milwaukee Brewers,0.87,,,,
2004-12-13,Carlos Lee,Milwaukee Brewers,Chicago White Sox,3.18,,,,
2004-12-14,Tom Mastny,Cleveland Guardians,Toronto Blue Jays,-0.67,,,,
2004-12-14,Dustin Moseley,Los Angeles Angels,Cincinnati Reds,0,,,,
2004-12-14,Ramon Ortiz,Cincinnati Reds,Los Angeles Angels,-0.5,,,,
2004-12-16,Eli Marrero,Kansas City Royals,Atlanta Braves,-1.05,,,,
2004-12-16,Keith Ginter,Oakland Athletics,Milwaukee Brewers,-0.87,,,,
2004-12-16,Justin Lehr,Milwaukee Brewers,Oakland Athletics,-0.56,,,,
2004-12-16,Nelson Cruz,Milwaukee Brewers,Oakland Athletics,0.01,,,,
2004-12-16,Benito Santiago,Pittsburgh Pirates,Kansas City Royals,-0.14,,,,
2004-12-16,Juan Carlos Oviedo,Kansas City Royals,Pittsburgh Pirates,1.16,,,,
2004-12-16,Jorge Vasquez,Atlanta Braves,Kansas City Royals,0.08,,,,
2004-12-16,Juan Cruz,Oakland Athletics,Atlanta Braves,-0.99,,,,
2004-12-16,Dan Meyer,Oakland Athletics,Atlanta Braves,-1.57,,,,
2004-12-16,Charles Thomas,Oakland Athletics,Atlanta Braves,-0.44,,,,
2004-12-16,Tim Hudson,Atlanta Braves,Oakland Athletics,25.62,,,,
2004-12-18,Dan Haren,Oakland Athletics,St. Louis Cardinals,11.39,,,,
2004-12-18,Kiko Calero,Oakland Athletics,St. Louis Cardinals,1.74,,,,
2004-12-18,Daric Barton,Oakland Athletics,St. Louis Cardinals,8.9,,,,
2004-12-18,Mark Mulder,St. Louis Cardinals,Oakland Athletics,0.48,,,,
2004-12-20,Jay Payton,Boston Red Sox,San Diego Padres,0.61,,,,
2004-12-20,Ramon Vazquez,Boston Red Sox,San Diego Padres,-0.99,,,,
2004-12-20,David Pauley,Boston Red Sox,San Diego Padres,-0.73,,,,
2004-12-20,Dave Roberts,San Diego Padres,Boston Red Sox,5.11,,,,
2004-12-20,Sean Green,Seattle Mariners,Colorado Rockies,0.62,,,,
2004-12-20,Aaron Taylor,Colorado Rockies,Seattle Mariners,0,,,,
2005-01-05,Vance Wilson,Detroit Tigers,New York Mets,1.11,,,,
2005-01-05,Anderson Hernandez,New York Mets,Detroit Tigers,-0.88,,,,
2005-01-10,Dioner Navarro,Arizona Diamondbacks,New York Yankees,0,,,,
2005-01-10,Stephen Randolph,Chicago Cubs,Arizona Diamondbacks,0,,,,
2005-01-11,Dioner Navarro,Los Angeles Dodgers,Arizona Diamondbacks,0.73,,,,
2005-01-11,Javier Vazquez,Arizona Diamondbacks,New York Yankees,2.47,,,,
2005-01-11,Brad Halsey,Arizona Diamondbacks,New York Yankees,-0.25,,,,
2005-01-11,Randy Johnson,New York Yankees,Arizona Diamondbacks,7.36,,,,
2005-01-11,Shawn Green,Arizona Diamondbacks,Los Angeles Dodgers,0.24,,,,
2005-01-11,Beltran Perez,Los Angeles Dodgers,Arizona Diamondbacks,0,,,,
2005-01-12,Adam Peterson,Arizona Diamondbacks,Toronto Blue Jays,0,,,,
2005-01-12,Shea Hillenbrand,Toronto Blue Jays,Arizona Diamondbacks,2.57,,,,
2005-01-27,Doug Mientkiewicz,New York Mets,Boston Red Sox,1.08,,,,
2005-02-02,Sammy Sosa,Baltimore Orioles,Chicago Cubs,-1.01,,,,
2005-02-02,Jerry Hairston,Chicago Cubs,Baltimore Orioles,0.52,,,,
2005-02-02,Mike Fontenot,Chicago Cubs,Baltimore Orioles,3.77,,,,
2005-02-06,Jose Cruz,Arizona Diamondbacks,Tampa Bay Rays,-1.33,,,,
2005-02-06,Casey Fossum,Tampa Bay Rays,Arizona Diamondbacks,-0.8,,,,
2005-02-09,Roberto Novoa,Chicago Cubs,Detroit Tigers,0.23,,,,
2005-02-09,Scott Moore,Chicago Cubs,Detroit Tigers,-0.23,,,,
2005-02-09,Kyle Farnsworth,Detroit Tigers,Chicago Cubs,0.67,,,,
2005-02-13,Jerry Owens,Chicago White Sox,Washington Nationals,0.79,,,,
2005-02-13,Alex Escobar,Washington Nationals,Chicago White Sox,0.37,,,,
2005-02-15,Alejandro Machado,Boston Red Sox,Washington Nationals,0.23,,,,
2005-03-20,Kaz Ishii,New York Mets,Los Angeles Dodgers,0,,,,
2005-03-20,Jason Phillips,Los Angeles Dodgers,New York Mets,-1.38,,,,
2005-03-22,Adam Hyzdu,San Diego Padres,Boston Red Sox,-0.38,,,,
2005-03-22,Blaine Neal,Boston Red Sox,San Diego Padres,-0.24,,,,
2005-03-23,Tyrell Godwin,Washington Nationals,Toronto Blue Jays,-0.08,,,,
2005-03-24,Seth Greisinger,Atlanta Braves,Washington Nationals,0.03,,,,
2005-03-26,Mark Johnson,Chicago Cubs,Milwaukee Brewers,0,,,,
2005-03-27,Mickey Lopez,San Francisco Giants,Seattle Mariners,0,,,,
2005-03-28,Tim Redding,San Diego Padres,Houston Astros,-1.66,,,,
2005-03-28,Humberto Quintero,Houston Astros,San Diego Padres,0.95,,,,
2005-03-29,Wil Nieves,New York Yankees,Los Angeles Angels,-0.56,,,,
2005-03-29,Mike Myers,Boston Red Sox,St. Louis Cardinals,1.03,,,,
2005-03-29,Bret Prinz,Los Angeles Angels,New York Yankees,0.04,,,,
2005-03-29,Cliff Bartosh,Chicago Cubs,Cleveland Guardians,-0.01,,,,
2005-03-30,Keith McDonald,Texas Rangers,Baltimore Orioles,0,,,,
2005-03-30,Matt Riley,Texas Rangers,Baltimore Orioles,-0.55,,,,
2005-03-30,Ramon Nivar,Baltimore Orioles,Texas Rangers,0.16,,,,
2005-03-30,Byung-Hyun Kim,Colorado Rockies,Boston Red Sox,1.04,,,,
2005-03-30,Charles Johnson,Boston Red Sox,Colorado Rockies,0,,,,
2005-03-30,Chris Narveson,Boston Red Sox,Colorado Rockies,0,,,,
2005-03-31,Pat Mahomes,Los Angeles Dodgers,New York Mets,0,,,,
2005-03-31,Jorge Sosa,Atlanta Braves,Tampa Bay Rays,3.13,,,,
2005-03-31,Nick Green,Tampa Bay Rays,Atlanta Braves,0.19,,,,
2005-04-01,Danny Klassen,Houston Astros,Chicago Cubs,0,,,,
2005-04-02,Steve Colyer,New York Mets,Detroit Tigers,0,,,,
2005-04-02,Matt Ginter,Detroit Tigers,New York Mets,-0.39,,,,
2005-04-08,Bobby Seay,Colorado Rockies,Tampa Bay Rays,-0.31,,,,
2005-04-08,Reggie Taylor,Tampa Bay Rays,Colorado Rockies,-0.04,,,,
2005-04-09,Jose Acevedo,Colorado Rockies,Cincinnati Reds,-0.77,,,,
2005-04-09,Allan Simpson,Cincinnati Reds,Colorado Rockies,-0.07,,,,
2005-04-17,Shawn Sedlacek,St. Louis Cardinals,Colorado Rockies,0,,,,
2005-04-25,Alex Prieto,Kansas City Royals,Philadelphia Phillies,0,,,,
2005-05-05,Simon Pond,Baltimore Orioles,Boston Red Sox,0,,,,
2005-05-06,Javier Cardona,St. Louis Cardinals,Colorado Rockies,0,,,,
2005-05-11,Michael Restovich,Pittsburgh Pirates,Colorado Rockies,-0.27,,,,
2005-05-14,Marlon Byrd,Washington Nationals,Philadelphia Phillies,1.06,,,,
2005-05-14,Endy Chavez,Philadelphia Phillies,Washington Nationals,-0.42,,,,
2005-05-16,Mike Moriarty,Baltimore Orioles,Chicago Cubs,0,,,,
2005-05-19,Jason Kershner,San Diego Padres,Boston Red Sox,0,,,,
2005-05-20,Tom Gregorio,Los Angeles Angels,Oakland Athletics,0,,,,
2005-05-23,Vladimir Nunez,St. Louis Cardinals,Texas Rangers,0,,,,
2005-05-28,LaTroy Hawkins,San Francisco Giants,Chicago Cubs,0.4,,,,
2005-05-28,Jerome Williams,Chicago Cubs,San Francisco Giants,1.2,,,,
2005-05-28,David Aardsma,Chicago Cubs,San Francisco Giants,0.57,,,,
2005-06-03,Matt Herges,Arizona Diamondbacks,San Francisco Giants,-0.47,,,,
2005-06-03,Doug DeVore,San Francisco Giants,Arizona Diamondbacks,0,,,,
2005-06-04,Javier Cardona,Cleveland Guardians,St. Louis Cardinals,0,,,,
2005-06-08,Eli Marrero,Baltimore Orioles,Kansas City Royals,0.23,,,,
2005-06-08,Ugueth Urbina,Philadelphia Phillies,Detroit Tigers,0.06,,,,
2005-06-08,Ramon Martinez,Philadelphia Phillies,Detroit Tigers,-0.24,,,,
2005-06-08,Placido Polanco,Detroit Tigers,Philadelphia Phillies,19.15,,,,
2005-06-09,Wilson Valdez,San Diego Padres,Seattle Mariners,0.14,,,,
2005-06-10,John Rodriguez,St. Louis Cardinals,Cleveland Guardians,0.63,,,,
2005-06-10,Junior Spivey,Washington Nationals,Milwaukee Brewers,0.61,,,,
2005-06-10,Tomo Ohka,Milwaukee Brewers,Washington Nationals,1.34,,,,
2005-06-22,Tim Hummel,St. Louis Cardinals,Boston Red Sox,0,,,,
2005-06-30,Tom Gregorio,Oakland Athletics,Los Angeles Angels,0,,,,
2005-07-01,Steve Green,Detroit Tigers,Cleveland Guardians,0,,,,
2005-07-02,Darrell May,New York Yankees,San Diego Padres,-0.5,,,,
2005-07-02,Tim Redding,New York Yankees,San Diego Padres,-0.32,,,,
2005-07-02,Paul Quantrill,San Diego Padres,New York Yankees,0.3,,,,
2005-07-07,Ramon Vazquez,Cleveland Guardians,Boston Red Sox,-1.15,,,,
2005-07-07,Alex Cora,Boston Red Sox,Cleveland Guardians,2.32,,,,
2005-07-11,Bret Boone,Minnesota Twins,Seattle Mariners,-1.08,,,,
2005-07-13,Zach Day,Colorado Rockies,Washington Nationals,-0.93,,,,
2005-07-13,J.J. Davis,Colorado Rockies,Washington Nationals,0,,,,
2005-07-13,Preston Wilson,Washington Nationals,Colorado Rockies,0.4,,,,
2005-07-13,Jay Payton,Oakland Athletics,Boston Red Sox,3.53,,,,
2005-07-13,Chad Bradford,Boston Red Sox,Oakland Athletics,0.44,,,,
2005-07-13,Joe Kennedy,Oakland Athletics,Colorado Rockies,2.28,,,,
2005-07-13,Jay Witasick,Oakland Athletics,Colorado Rockies,0.03,,,,
2005-07-13,Eric Byrnes,Colorado Rockies,Oakland Athletics,-0.02,,,,
2005-07-13,Omar Quintanilla,Colorado Rockies,Oakland Athletics,0.31,,,,
2005-07-16,Al Leiter,New York Yankees,Miami Marlins,0.17,,,,
2005-07-18,Jason Dubois,Cleveland Guardians,Chicago Cubs,-0.12,,,,
2005-07-18,Jody Gerut,Chicago Cubs,Cleveland Guardians,-0.05,,,,
2005-07-19,Scott Cassidy,San Diego Padres,Boston Red Sox,0.03,,,,
2005-07-19,Adam Hyzdu,Boston Red Sox,San Diego Padres,0.24,,,,
2005-07-19,Tony Graffanino,Boston Red Sox,Kansas City Royals,1.26,,,,
2005-07-19,Chip Ambres,Kansas City Royals,Boston Red Sox,-0.16,,,,
2005-07-21,Kevin Gryboski,Texas Rangers,Atlanta Braves,-0.94,,,,
2005-07-21,Tim Worrell,Arizona Diamondbacks,Philadelphia Phillies,0.45,,,,
2005-07-21,Matt Kata,Philadelphia Phillies,Arizona Diamondbacks,-0.09,,,,
2005-07-22,John McDonald,Detroit Tigers,Toronto Blue Jays,-0.06,,,,
2005-07-23,Joe Randa,San Diego Padres,Cincinnati Reds,0.54,,,,
2005-07-23,Justin Germano,Cincinnati Reds,San Diego Padres,-0.01,,,,
2005-07-23,Travis Chick,Cincinnati Reds,San Diego Padres,0,,,,
2005-07-28,David Ross,San Diego Padres,Pittsburgh Pirates,0.15,,,,
2005-07-28,J.J. Furmaniak,Pittsburgh Pirates,San Diego Padres,0,,,,
2005-07-28,Shawn Chacon,New York Yankees,Colorado Rockies,2.2,,,,
2005-07-28,Ramon Ramirez,Colorado Rockies,New York Yankees,0.88,,,,
2005-07-29,Joe Thurston,New York Yankees,Los Angeles Dodgers,0,,,,
2005-07-30,Chan Ho Park,San Diego Padres,Texas Rangers,-0.78,,,,
2005-07-30,Phil Nevin,Texas Rangers,San Diego Padres,-0.87,,,,
2005-07-30,Randy Winn,San Francisco Giants,Seattle Mariners,12.29,,,,
2005-07-30,Yorvit Torrealba,Seattle Mariners,San Francisco Giants,0.09,,,,
2005-07-30,Jesse Foppert,Seattle Mariners,San Francisco Giants,0,,,,
2005-07-30,Larry Bigbie,Colorado Rockies,Baltimore Orioles,-0.58,,,,
2005-07-30,Eric Byrnes,Baltimore Orioles,Colorado Rockies,-0.09,,,,
2005-07-30,Jose Cruz,Boston Red Sox,Arizona Diamondbacks,-0.2,,,,
2005-07-31,Buddy Groom,Arizona Diamondbacks,New York Yankees,0.08,,,,
2005-07-31,Miguel Olivo,San Diego Padres,Seattle Mariners,0.91,,,,
2005-07-31,Miguel Ojeda,Seattle Mariners,San Diego Padres,0.04,,,,
2005-07-31,Ron Villone,Miami Marlins,Seattle Mariners,-0.67,,,,
2005-07-31,Yorman Bazardo,Seattle Mariners,Miami Marlins,0,,,,
2005-07-31,Jody Gerut,Pittsburgh Pirates,Chicago Cubs,-0.11,,,,
2005-07-31,Matt Lawton,Chicago Cubs,Pittsburgh Pirates,-0.49,,,,
2005-07-31,Kyle Farnsworth,Atlanta Braves,Detroit Tigers,0.78,,,,
2005-07-31,Roman Colon,Detroit Tigers,Atlanta Braves,-0.1,,,,
2005-07-31,Zach Miner,Detroit Tigers,Atlanta Braves,3.4,,,,
2005-07-31,Geoff Blum,Chicago White Sox,San Diego Padres,-0.7,,,,
2005-08-06,Stephen Randolph,San Francisco Giants,Washington Nationals,0,,,,
2005-08-09,Mike Remlinger,Boston Red Sox,Chicago Cubs,-0.55,,,,
2005-08-27,Michael Tucker,Philadelphia Phillies,San Francisco Giants,-0.05,,,,
2005-08-27,Justin Berg,Chicago Cubs,New York Yankees,0.28,,,,
2005-08-27,Matt Lawton,New York Yankees,Chicago Cubs,-0.42,,,,
2005-08-29,Todd Hollandsworth,Atlanta Braves,Chicago Cubs,-0.14,,,,
2005-08-30,Deivi Cruz,Washington Nationals,San Francisco Giants,-0.11,,,,
2005-08-30,Jason Christiansen,Los Angeles Angels,San Francisco Giants,0.15,,,,
2005-08-30,Dusty Bergman,San Francisco Giants,Los Angeles Angels,0,,,,
2005-08-31,Manny Alexander,San Diego Padres,Texas Rangers,-0.38,,,,
2005-09-29,Mike Stanton,Boston Red Sox,Washington Nationals,0.05,,,,
2005-11-04,Brian Lawrence,Washington Nationals,San Diego Padres,0,,,,
2005-11-04,Vinny Castilla,San Diego Padres,Washington Nationals,-0.84,,,,
2005-11-16,Jon Leicester,Texas Rangers,Chicago Cubs,0,,,,
2005-11-16,Ron Villone,New York Yankees,Miami Marlins,0.68,,,,
2005-11-18,Mike Cameron,San Diego Padres,New York Mets,7.59,,,,
2005-11-18,Xavier Nady,New York Mets,San Diego Padres,0.62,,,,
2005-11-21,Bobby Hill,San Diego Padres,Pittsburgh Pirates,0,,,,
2005-11-24,Carlos Delgado,New York Mets,Miami Marlins,4.84,,,,
2005-11-24,Mike Jacobs,Miami Marlins,New York Mets,-2.93,,,,
2005-11-24,Yusmeiro Petit,Miami Marlins,New York Mets,-0.79,,,,
2005-11-24,Josh Beckett,Boston Red Sox,Miami Marlins,22.43,,,,
2005-11-24,Mike Lowell,Boston Red Sox,Miami Marlins,10.6,,,,
2005-11-24,Guillermo Mota,Boston Red Sox,Miami Marlins,0,,,,
2005-11-24,Hanley Ramirez,Miami Marlins,Boston Red Sox,26.35,,,,
2005-11-24,Anibal Sanchez,Miami Marlins,Boston Red Sox,11.37,,,,
2005-11-24,Harvey Garcia,Miami Marlins,Boston Red Sox,0.13,,,,
2005-11-24,Jesus Delgado,Miami Marlins,Boston Red Sox,0.01,,,,
2005-11-25,Jim Thome,Chicago White Sox,Philadelphia Phillies,12.06,,,,
2005-11-25,Daniel Haigwood,Philadelphia Phillies,Chicago White Sox,0,,,,
2005-11-25,Aaron Rowand,Philadelphia Phillies,Chicago White Sox,5.6,,,,
2005-12-02,Luis Castillo,Minnesota Twins,Miami Marlins,3.69,,,,
2005-12-02,Travis Bowyer,Miami Marlins,Minnesota Twins,0,,,,
2005-12-02,Chad Gaudin,Oakland Athletics,Toronto Blue Jays,2.39,,,,
2005-12-05,Paul Lo Duca,New York Mets,Miami Marlins,2.54,,,,
2005-12-06,Steve Kline,San Francisco Giants,Baltimore Orioles,0.71,,,,
2005-12-06,LaTroy Hawkins,Baltimore Orioles,San Francisco Giants,0.59,,,,
2005-12-07,Dave Bush,Milwaukee Brewers,Toronto Blue Jays,1.36,,,,
2005-12-07,Gabe Gross,Milwaukee Brewers,Toronto Blue Jays,2.99,,,,
2005-12-07,Zach Jackson,Milwaukee Brewers,Toronto Blue Jays,-0.2,,,,
2005-12-07,Lyle Overbay,Toronto Blue Jays,Milwaukee Brewers,12.37,,,,
2005-12-07,Ty Taubenheim,Toronto Blue Jays,Milwaukee Brewers,-0.13,,,,
2005-12-07,Dewon Brazelton,San Diego Padres,Tampa Bay Rays,-0.89,,,,
2005-12-07,Sean Burroughs,Tampa Bay Rays,San Diego Padres,-0.03,,,,
2005-12-07,Larry Bigbie,St. Louis Cardinals,Colorado Rockies,-0.12,,,,
2005-12-07,Aaron Miles,St. Louis Cardinals,Colorado Rockies,1.9,,,,
2005-12-07,Ray King,Colorado Rockies,St. Louis Cardinals,0.15,,,,
2005-12-07,Doug Mirabelli,San Diego Padres,Boston Red Sox,-0.24,,,,
2005-12-07,Mark Loretta,Boston Red Sox,San Diego Padres,0.54,,,,
2005-12-07,Jonah Bayliss,Pittsburgh Pirates,Kansas City Royals,-1.27,,,,
2005-12-07,Mark Redman,Kansas City Royals,Pittsburgh Pirates,0.11,,,,
2005-12-07,Dan Kolb,Milwaukee Brewers,Atlanta Braves,0,,,,
2005-12-07,Wes Obermueller,Atlanta Braves,Milwaukee Brewers,0,,,,
2005-12-07,Juan Pierre,Chicago Cubs,Miami Marlins,1.99,,,,
2005-12-07,Sergio Mitre,Miami Marlins,Chicago Cubs,0.9,,,,
2005-12-07,Ricky Nolasco,Miami Marlins,Chicago Cubs,6.76,,,,
2005-12-07,Renyel Pinto,Miami Marlins,Chicago Cubs,3.3,,,,
2005-12-07,Yorvit Torrealba,Colorado Rockies,Seattle Mariners,0.95,,,,
2005-12-07,Marcos Carvajal,Seattle Mariners,Colorado Rockies,0,,,,
2005-12-07,Johnny Estrada,Arizona Diamondbacks,Atlanta Braves,0.69,,,,
2005-12-07,Lance Cormier,Atlanta Braves,Arizona Diamondbacks,-1.09,,,,
2005-12-07,Oscar Villarreal,Atlanta Braves,Arizona Diamondbacks,1.16,,,,
2005-12-08,Andy Marte,Boston Red Sox,Atlanta Braves,0,,,,
2005-12-08,Gio Gonzalez,Philadelphia Phillies,Chicago White Sox,0,,,,
2005-12-08,Esteban German,Kansas City Royals,Texas Rangers,1.76,,,,
2005-12-08,Sean Casey,Pittsburgh Pirates,Cincinnati Reds,-0.08,,,,
2005-12-08,Dave Williams,Cincinnati Reds,Pittsburgh Pirates,0,,,,
2005-12-08,Tony Womack,Cincinnati Reds,New York Yankees,0.1,,,,
2005-12-08,Edgar Renteria,Atlanta Braves,Boston Red Sox,8.29,,,,
2005-12-08,Alfonso Soriano,Washington Nationals,Texas Rangers,6.08,,,,
2005-12-08,Brad Wilkerson,Texas Rangers,Washington Nationals,0.73,,,,
2005-12-08,Armando Galarraga,Texas Rangers,Washington Nationals,-0.05,,,,
2005-12-08,Terrmel Sledge,Texas Rangers,Washington Nationals,0,,,,
2005-12-09,Fabio Castro,Texas Rangers,Kansas City Royals,-0.01,,,,
2005-12-09,Alexi Casilla,Minnesota Twins,Los Angeles Angels,3.58,,,,
2005-12-09,J.C. Romero,Los Angeles Angels,Minnesota Twins,0,,,,
2005-12-12,Vicente Padilla,Texas Rangers,Philadelphia Phillies,4.08,,,,
2005-12-13,Milton Bradley,Oakland Athletics,Los Angeles Dodgers,2.04,,,,
2005-12-13,Antonio Perez,Oakland Athletics,Los Angeles Dodgers,-1.08,,,,
2005-12-13,Andre Ethier,Los Angeles Dodgers,Oakland Athletics,21.53,,,,
2005-12-13,Damaso Marte,Pittsburgh Pirates,Chicago White Sox,2.67,,,,
2005-12-13,Rob Mackowiak,Chicago White Sox,Pittsburgh Pirates,1.09,,,,
2005-12-15,Mario Ramos,San Diego Padres,Oakland Athletics,0,,,,
2005-12-19,Ricardo Rodriguez,Philadelphia Phillies,Texas Rangers,0,,,,
2005-12-19,Matt Diaz,Atlanta Braves,Kansas City Royals,4.71,,,,
2005-12-19,Josh Paul,Tampa Bay Rays,Los Angeles Angels,0.21,,,,
2005-12-19,Travis Schlichting,Los Angeles Angels,Tampa Bay Rays,0,,,,
2005-12-20,Chris Young,Arizona Diamondbacks,Chicago White Sox,0,,,,
2005-12-20,Orlando Hernandez,Arizona Diamondbacks,Chicago White Sox,0.03,,,,
2005-12-20,Luis Vizcaino,Arizona Diamondbacks,Chicago White Sox,1.44,,,,
2005-12-20,Javier Vazquez,Chicago White Sox,Arizona Diamondbacks,12.03,,,,
2005-12-21,Chris Demaria,Milwaukee Brewers,Kansas City Royals,-0.18,,,,
2005-12-21,Steve Finley,San Francisco Giants,Los Angeles Angels,1.13,,,,
2005-12-21,Edgardo Alfonzo,Los Angeles Angels,San Francisco Giants,-0.63,,,,
2005-12-27,Troy Glaus,Toronto Blue Jays,Arizona Diamondbacks,7.63,,,,
2005-12-27,Sergio Santos,Toronto Blue Jays,Arizona Diamondbacks,-0.71,,,,
2005-12-27,Miguel Batista,Arizona Diamondbacks,Toronto Blue Jays,2.04,,,,
2005-12-27,Orlando Hudson,Arizona Diamondbacks,Toronto Blue Jays,10.5,,,,
2006-01-04,Jae Weong Seo,Los Angeles Dodgers,New York Mets,-0.33,,,,
2006-01-04,Tim Hamulack,Los Angeles Dodgers,New York Mets,-0.75,,,,
2006-01-04,Duaner Sanchez,New York Mets,Los Angeles Dodgers,1.54,,,,
2006-01-04,Steve Schmoll,New York Mets,Los Angeles Dodgers,0,,,,
2006-01-06,Akinori Otsuka,Texas Rangers,San Diego Padres,3.31,,,,
2006-01-06,Josh Wilson,Colorado Rockies,Miami Marlins,0,,,,
2006-01-06,Corey Koskie,Milwaukee Brewers,Toronto Blue Jays,1.11,,,,
2006-01-06,Brian Wolfe,Toronto Blue Jays,Milwaukee Brewers,0.72,,,,
2006-01-06,Adam Eaton,Texas Rangers,San Diego Padres,0.44,,,,
2006-01-06,Adrian Gonzalez,San Diego Padres,Texas Rangers,20.36,,,,
2006-01-06,Terrmel Sledge,San Diego Padres,Texas Rangers,-0.58,,,,
2006-01-06,Chris Young,San Diego Padres,Texas Rangers,8.78,,,,
2006-01-09,Corey Patterson,Baltimore Orioles,Chicago Cubs,7.19,,,,
2006-01-14,Danys Baez,Los Angeles Dodgers,Tampa Bay Rays,-0.05,,,,
2006-01-14,Lance Carter,Los Angeles Dodgers,Tampa Bay Rays,-0.32,,,,
2006-01-14,Edwin Jackson,Tampa Bay Rays,Los Angeles Dodgers,0.04,,,,
2006-01-17,Brian Tallet,Toronto Blue Jays,Cleveland Guardians,0.61,,,,
2006-01-22,Kris Benson,Baltimore Orioles,New York Mets,1.83,,,,
2006-01-22,Jorge Julio,New York Mets,Baltimore Orioles,-0.24,,,,
2006-01-22,John Maine,New York Mets,Baltimore Orioles,4.73,,,,
2006-01-27,Guillermo Mota,Cleveland Guardians,Boston Red Sox,-0.35,,,,
2006-01-27,Andy Marte,Cleveland Guardians,Boston Red Sox,0.41,,,,
2006-01-27,Kelly Shoppach,Cleveland Guardians,Boston Red Sox,6.25,,,,
2006-01-27,Coco Crisp,Boston Red Sox,Cleveland Guardians,4.84,,,,
2006-01-27,David Riske,Boston Red Sox,Cleveland Guardians,0.2,,,,
2006-01-27,Josh Bard,Boston Red Sox,Cleveland Guardians,0.16,,,,
2006-01-27,Arthur Rhodes,Philadelphia Phillies,Cleveland Guardians,0.06,,,,
2006-01-27,Jason Michaels,Cleveland Guardians,Philadelphia Phillies,1.3,,,,
2006-02-18,Andy Tracy,Baltimore Orioles,Cleveland Guardians,0,,,,
2006-02-28,Alberto Callaspo,Arizona Diamondbacks,Los Angeles Angels,-1.33,,,,
2006-02-28,Jason Bulger,Los Angeles Angels,Arizona Diamondbacks,0.7,,,,
2006-03-08,Alex Cintron,Chicago White Sox,Arizona Diamondbacks,-2.54,,,,
2006-03-08,Jeff Bajenaru,Arizona Diamondbacks,Chicago White Sox,-0.3,,,,
2006-03-20,Joe Borchard,Seattle Mariners,Chicago White Sox,-0.06,,,,
2006-03-20,Matt Thornton,Chicago White Sox,Seattle Mariners,10.77,,,,
2006-03-20,Bronson Arroyo,Cincinnati Reds,Boston Red Sox,18.26,,,,
2006-03-20,Wily Mo Pena,Boston Red Sox,Cincinnati Reds,-0.3,,,,
2006-03-21,David Ross,Cincinnati Reds,San Diego Padres,2.33,,,,
2006-03-26,Brad Halsey,Oakland Athletics,Arizona Diamondbacks,0.44,,,,
2006-03-26,Juan Cruz,Arizona Diamondbacks,Oakland Athletics,3.52,,,,
2006-03-28,Aquilino Lopez,San Diego Padres,Philadelphia Phillies,0,,,,
2006-03-28,Todd Wellemeyer,Miami Marlins,Chicago Cubs,-0.02,,,,
2006-03-28,Ryan Jorgensen,Cincinnati Reds,Miami Marlins,0.06,,,,
2006-03-31,John Rheinecker,Texas Rangers,Oakland Athletics,-0.32,,,,
2006-03-31,Freddie Bynum,Chicago Cubs,Oakland Athletics,-0.48,,,,
2006-03-31,Juan Dominguez,Oakland Athletics,Texas Rangers,0,,,,
2006-03-31,John Koronka,Texas Rangers,Chicago Cubs,-0.07,,,,
2006-03-31,Wilson Valdez,Los Angeles Dodgers,Kansas City Royals,0.41,,,,
2006-04-01,David Dellucci,Philadelphia Phillies,Texas Rangers,0.74,,,,
2006-04-01,Robinson Tejeda,Texas Rangers,Philadelphia Phillies,0,,,,
2006-04-04,Kazuhito Tadano,Oakland Athletics,Cleveland Guardians,0,,,,
2006-04-05,Franklin Nunez,Atlanta Braves,Boston Red Sox,0,,,,
2006-04-06,Marcos Carvajal,Tampa Bay Rays,Seattle Mariners,0,,,,
2006-04-07,Brandon Phillips,Cincinnati Reds,Cleveland Guardians,28.55,,,,
2006-04-24,Cody Ross,Cincinnati Reds,Los Angeles Dodgers,-0.15,,,,
2006-04-28,Tyler Walker,Tampa Bay Rays,San Francisco Giants,0.12,,,,
2006-05-01,Cla Meredith,San Diego Padres,Boston Red Sox,2.85,,,,
2006-05-01,Josh Bard,San Diego Padres,Boston Red Sox,3.09,,,,
2006-05-01,Doug Mirabelli,Boston Red Sox,San Diego Padres,-0.85,,,,
2006-05-11,Freddy Guzman,Texas Rangers,San Diego Padres,0.07,,,,
2006-05-12,Justin Huisman,Seattle Mariners,Houston Astros,0,,,,
2006-05-13,Jason Conti,New York Yankees,Pittsburgh Pirates,0,,,,
2006-05-13,Enrique Cruz,Texas Rangers,Milwaukee Brewers,0,,,,
2006-05-13,Brian Shouse,Milwaukee Brewers,Texas Rangers,2.38,,,,
2006-05-24,Juan Melo,San Francisco Giants,Colorado Rockies,0,,,,
2006-05-24,Orlando Hernandez,New York Mets,Arizona Diamondbacks,3.94,,,,
2006-05-24,Jorge Julio,Arizona Diamondbacks,New York Mets,0.73,,,,
2006-05-25,Dave Williams,New York Mets,Cincinnati Reds,0,,,,
2006-05-25,Robert Manuel,Cincinnati Reds,New York Mets,0.15,,,,
2006-05-26,Geremi Gonzalez,Milwaukee Brewers,New York Mets,-0.65,,,,
2006-05-26,Mike Adams,New York Mets,Milwaukee Brewers,0,,,,
2006-05-30,Esteban Yan,Cincinnati Reds,Los Angeles Angels,0.23,,,,
2006-05-31,Phil Nevin,Chicago Cubs,Texas Rangers,0.09,,,,
2006-05-31,Jerry Hairston,Texas Rangers,Chicago Cubs,-0.23,,,,
2006-06-01,Jason Hart,Texas Rangers,Minnesota Twins,0,,,,
2006-06-01,Ben Kozlowski,Los Angeles Dodgers,Cincinnati Reds,0,,,,
2006-06-09,Eli Marrero,New York Mets,Colorado Rockies,0.05,,,,
2006-06-09,Kazuo Matsui,Colorado Rockies,New York Mets,3.93,,,,
2006-06-13,Jeff Stevens,Cleveland Guardians,Cincinnati Reds,0,,,,
2006-06-15,Juan Castro,Cincinnati Reds,Minnesota Twins,-0.18,,,,
2006-06-15,David Riske,Chicago White Sox,Boston Red Sox,0.55,,,,
2006-06-15,Javier Lopez,Boston Red Sox,Chicago White Sox,2.51,,,,
2006-06-15,Brandon Roberts,Minnesota Twins,Cincinnati Reds,0,,,,
2006-06-20,Joey Gathright,Kansas City Royals,Tampa Bay Rays,0.52,,,,
2006-06-20,Fernando Cortez,Kansas City Royals,Tampa Bay Rays,0.13,,,,
2006-06-20,J.P. Howell,Tampa Bay Rays,Kansas City Royals,-0.4,,,,
2006-06-23,Rich Rundles,New York Mets,St. Louis Cardinals,0,,,,
2006-06-26,Mark Watson,Oakland Athletics,Chicago Cubs,0,,,,
2006-06-27,Dioner Navarro,Tampa Bay Rays,Los Angeles Dodgers,0.24,,,,
2006-06-27,Toby Hall,Los Angeles Dodgers,Tampa Bay Rays,-0.14,,,,
2006-06-27,Mark Hendrickson,Los Angeles Dodgers,Tampa Bay Rays,0.07,,,,
2006-06-27,Jae Weong Seo,Tampa Bay Rays,Los Angeles Dodgers,-0.52,,,,
2006-06-29,Daniel Haigwood,Texas Rangers,Philadelphia Phillies,0,,,,
2006-06-29,Fabio Castro,Philadelphia Phillies,Texas Rangers,0.84,,,,
2006-06-30,Eduardo Perez,Seattle Mariners,Cleveland Guardians,-0.89,,,,
2006-06-30,Asdrubal Cabrera,Cleveland Guardians,Seattle Mariners,20.73,,,,
2006-07-01,Tim Olson,Toronto Blue Jays,Texas Rangers,0,,,,
2006-07-05,Jeff Weaver,St. Louis Cardinals,Los Angeles Angels,-0.08,,,,
2006-07-05,Terry Evans,Los Angeles Angels,St. Louis Cardinals,0.02,,,,
2006-07-06,Eddie Guardado,Cincinnati Reds,Seattle Mariners,0.23,,,,
2006-07-06,Travis Chick,Seattle Mariners,Cincinnati Reds,-0.22,,,,
2006-07-12,Aubrey Huff,Houston Astros,Tampa Bay Rays,0.23,,,,
2006-07-12,Ben Zobrist,Tampa Bay Rays,Houston Astros,-1.73,,,,
2006-07-12,Mitch Talbot,Tampa Bay Rays,Houston Astros,0,,,,
2006-07-13,Austin Kearns,Washington Nationals,Cincinnati Reds,2.8,,,,
2006-07-13,Felipe Lopez,Washington Nationals,Cincinnati Reds,-1.95,,,,
2006-07-13,Ryan Wagner,Washington Nationals,Cincinnati Reds,-0.41,,,,
2006-07-13,Gary Majewski,Cincinnati Reds,Washington Nationals,-1.92,,,,
2006-07-13,Royce Clayton,Cincinnati Reds,Washington Nationals,-0.33,,,,
2006-07-13,Bill Bray,Cincinnati Reds,Washington Nationals,2.1,,,,
2006-07-13,Brendan Harris,Cincinnati Reds,Washington Nationals,-0.11,,,,
2006-07-13,Daryl Thompson,Cincinnati Reds,Washington Nationals,-0.35,,,,
2006-07-18,Brian Sikorski,Cleveland Guardians,San Diego Padres,0.16,,,,
2006-07-18,Mike Adams,San Diego Padres,Cleveland Guardians,6.42,,,,
2006-07-19,Justin Ruggiano,Tampa Bay Rays,Los Angeles Dodgers,-0.09,,,,
2006-07-19,Jeff Keppinger,Kansas City Royals,New York Mets,0.13,,,,
2006-07-19,Ruben Gotay,New York Mets,Kansas City Royals,0.08,,,,
2006-07-20,Bob Wickman,Atlanta Braves,Cleveland Guardians,0.94,,,,
2006-07-20,Max Ramirez,Cleveland Guardians,Atlanta Braves,0,,,,
2006-07-21,Luke Allen,San Diego Padres,Boston Red Sox,0,,,,
2006-07-22,Shea Hillenbrand,San Francisco Giants,Toronto Blue Jays,-0.59,,,,
2006-07-22,Vinnie Chulk,San Francisco Giants,Toronto Blue Jays,0.83,,,,
2006-07-22,Jeremy Accardo,Toronto Blue Jays,San Francisco Giants,1.81,,,,
2006-07-22,Scott Williamson,San Diego Padres,Chicago Cubs,-0.26,,,,
2006-07-23,Sandy Alomar,Chicago White Sox,Los Angeles Dodgers,0.01,,,,
2006-07-24,Mike MacDougal,Chicago White Sox,Kansas City Royals,0.32,,,,
2006-07-24,Dan Cortes,Kansas City Royals,Chicago White Sox,0,,,,
2006-07-25,Blake Johnson,Kansas City Royals,Los Angeles Dodgers,0,,,,
2006-07-25,Odalis Perez,Kansas City Royals,Los Angeles Dodgers,-0.05,,,,
2006-07-25,Elmer Dessens,Los Angeles Dodgers,Kansas City Royals,0.09,,,,
2006-07-25,Tony Graffanino,Milwaukee Brewers,Kansas City Royals,2.81,,,,
2006-07-25,Jorge De La Rosa,Kansas City Royals,Milwaukee Brewers,0.15,,,,
2006-07-26,Ben Broussard,Seattle Mariners,Cleveland Guardians,-0.7,,,,
2006-07-26,Shin-Soo Choo,Cleveland Guardians,Seattle Mariners,21.78,,,,
2006-07-26,Sal Fasano,New York Yankees,Philadelphia Phillies,-0.27,,,,
2006-07-28,Mike Stanton,San Francisco Giants,Washington Nationals,0.66,,,,
2006-07-28,Willy Aybar,Atlanta Braves,Los Angeles Dodgers,0.22,,,,
2006-07-28,Shairon Martis,Washington Nationals,San Francisco Giants,0.59,,,,
2006-07-28,Carlos Lee,Texas Rangers,Milwaukee Brewers,0.92,,,,
2006-07-28,Nelson Cruz,Texas Rangers,Milwaukee Brewers,12.05,,,,
2006-07-28,Laynce Nix,Milwaukee Brewers,Texas Rangers,-0.57,,,,
2006-07-28,Kevin Mench,Milwaukee Brewers,Texas Rangers,0.08,,,,
2006-07-28,Francisco Cordero,Milwaukee Brewers,Texas Rangers,3.11,,,,
2006-07-28,David Bell,Milwaukee Brewers,Philadelphia Phillies,1.05,,,,
2006-07-28,Danys Baez,Atlanta Braves,Los Angeles Dodgers,-0.05,,,,
2006-07-28,Wilson Betemit,Los Angeles Dodgers,Atlanta Braves,0.55,,,,
2006-07-30,Bryan Corey,Boston Red Sox,Texas Rangers,0.28,,,,
2006-07-30,Luis Mendoza,Texas Rangers,Boston Red Sox,-2.25,,,,
2006-07-30,Ronnie Belliard,St. Louis Cardinals,Cleveland Guardians,0.14,,,,
2006-07-30,Hector Luna,Cleveland Guardians,St. Louis Cardinals,-0.77,,,,
2006-07-30,Bobby Abreu,New York Yankees,Philadelphia Phillies,6.98,,,,
2006-07-30,Cory Lidle,New York Yankees,Philadelphia Phillies,0.52,,,,
2006-07-30,Matt Smith,Philadelphia Phillies,New York Yankees,0.06,,,,
2006-07-30,Carlos Monasterios,Philadelphia Phillies,New York Yankees,0,,,,
2006-07-31,Jose Ceda,Chicago Cubs,San Diego Padres,0,,,,
2006-07-31,Matt Stairs,Texas Rangers,Kansas City Royals,-0.19,,,,
2006-07-31,Joselo Diaz,Kansas City Royals,Texas Rangers,0,,,,
2006-07-31,Kip Wells,Texas Rangers,Pittsburgh Pirates,-0.07,,,,
2006-07-31,Jesse Chavez,Pittsburgh Pirates,Texas Rangers,-0.2,,,,
2006-07-31,Julio Lugo,Los Angeles Dodgers,Tampa Bay Rays,-0.96,,,,
2006-07-31,Joel Guzman,Tampa Bay Rays,Los Angeles Dodgers,-0.26,,,,
2006-07-31,Jorge Sosa,St. Louis Cardinals,Atlanta Braves,-0.17,,,,
2006-07-31,Todd Walker,San Diego Padres,Chicago Cubs,0.81,,,,
2006-07-31,Sean Casey,Detroit Tigers,Pittsburgh Pirates,-0.09,,,,
2006-07-31,Brian Rogers,Pittsburgh Pirates,Detroit Tigers,-0.33,,,,
2006-07-31,Xavier Nady,Pittsburgh Pirates,New York Mets,2.89,,,,
2006-07-31,Roberto Hernandez,New York Mets,Pittsburgh Pirates,0.32,,,,
2006-07-31,Oliver Perez,New York Mets,Pittsburgh Pirates,1.13,,,,
2006-07-31,Shawn Chacon,Pittsburgh Pirates,New York Yankees,1.4,,,,
2006-07-31,Craig Wilson,New York Yankees,Pittsburgh Pirates,-0.91,,,,
2006-07-31,Rheal Cormier,Cincinnati Reds,Philadelphia Phillies,0.06,,,,
2006-07-31,Justin Germano,Philadelphia Phillies,Cincinnati Reds,0,,,,
2006-07-31,Kyle Lohse,Cincinnati Reds,Minnesota Twins,2.25,,,,
2006-07-31,Greg Maddux,Los Angeles Dodgers,Chicago Cubs,1.68,,,,
2006-07-31,Cesar Izturis,Chicago Cubs,Los Angeles Dodgers,-0.8,,,,
2006-07-31,Ryan Shealy,Kansas City Royals,Colorado Rockies,1.15,,,,
2006-07-31,Scott Dohmann,Kansas City Royals,Colorado Rockies,-0.69,,,,
2006-07-31,Jeremy Affeldt,Colorado Rockies,Kansas City Royals,0.24,,,,
2006-07-31,Denny Bautista,Colorado Rockies,Kansas City Royals,-1.04,,,,
2006-08-01,Matt Blank,San Diego Padres,Miami Marlins,0,,,,
2006-08-01,Jim Brower,Miami Marlins,San Diego Padres,0,,,,
2006-08-04,Javy Lopez,Boston Red Sox,Baltimore Orioles,-0.68,,,,
2006-08-07,Livan Hernandez,Arizona Diamondbacks,Washington Nationals,3.1,,,,
2006-08-07,Garrett Mock,Washington Nationals,Arizona Diamondbacks,-0.65,,,,
2006-08-07,Matt Chico,Washington Nationals,Arizona Diamondbacks,0.62,,,,
2006-08-07,Ryan Franklin,Cincinnati Reds,Philadelphia Phillies,0.14,,,,
2006-08-16,Scott Schoeneweis,Cincinnati Reds,Toronto Blue Jays,0.94,,,,
2006-08-19,Jamie Moyer,Philadelphia Phillies,Seattle Mariners,4.31,,,,
2006-08-20,Neifi Perez,Detroit Tigers,Chicago Cubs,-0.51,,,,
2006-08-20,Chris Robinson,Chicago Cubs,Detroit Tigers,0,,,,
2006-08-22,Shawn Green,New York Mets,Arizona Diamondbacks,0.23,,,,
2006-08-22,Evan MacLane,Arizona Diamondbacks,New York Mets,0,,,,
2006-08-24,Russell Branyan,San Diego Padres,Tampa Bay Rays,0.94,,,,
2006-08-24,Evan Meek,Tampa Bay Rays,San Diego Padres,0,,,,
2006-08-27,Jeff Conine,Philadelphia Phillies,Baltimore Orioles,-0.09,,,,
2006-08-28,Mike Burns,Boston Red Sox,Cincinnati Reds,0.07,,,,
2006-08-30,Angel Chavez,Baltimore Orioles,Philadelphia Phillies,0,,,,
2006-08-30,Victor Diaz,Texas Rangers,New York Mets,0.26,,,,
2006-08-30,Mike Nickeas,New York Mets,Texas Rangers,-0.93,,,,
2006-08-31,Kevin Jarvis,Boston Red Sox,Arizona Diamondbacks,0.05,,,,
2006-08-31,Daryle Ward,Atlanta Braves,Washington Nationals,0.15,,,,
2006-08-31,Luis Atilano,Washington Nationals,Atlanta Braves,-0.89,,,,
2006-08-31,Marlon Anderson,Los Angeles Dodgers,Washington Nationals,0.64,,,,
2006-08-31,Jhonny Nunez,Washington Nationals,Los Angeles Dodgers,0,,,,
2006-08-31,David Wells,San Diego Padres,Boston Red Sox,-0.26,,,,
2006-08-31,Phil Nevin,Minnesota Twins,Chicago Cubs,-0.1,,,,
2006-09-01,Nook Logan,Washington Nationals,Detroit Tigers,0.61,,,,
2006-09-05,Sun-Woo Kim,Cincinnati Reds,Colorado Rockies,0.04,,,,
2006-09-05,George Kottaras,Boston Red Sox,San Diego Padres,-0.21,,,,
2006-09-14,James Adduci,Chicago Cubs,Miami Marlins,0,,,,
2006-09-15,Dale Thayer,Tampa Bay Rays,San Diego Padres,0,,,,
2006-10-03,Bobby Scales,Baltimore Orioles,Philadelphia Phillies,0,,,,
2006-10-03,Adam Stern,Baltimore Orioles,Boston Red Sox,0,,,,
2006-10-13,Jerry Gil,Cincinnati Reds,Arizona Diamondbacks,0,,,,
2006-11-08,Josh Barfield,Cleveland Guardians,San Diego Padres,-0.48,,,,
2006-11-08,Andrew Brown,San Diego Padres,Cleveland Guardians,0,,,,
2006-11-08,Kevin Kouzmanoff,San Diego Padres,Cleveland Guardians,5.4,,,,
2006-11-10,Gary Sheffield,Detroit Tigers,New York Yankees,2.79,,,,
2006-11-10,Anthony Claggett,New York Yankees,Detroit Tigers,-0.33,,,,
2006-11-10,Humberto Sanchez,New York Yankees,Detroit Tigers,0.01,,,,
2006-11-10,Kevin Whelan,New York Yankees,Detroit Tigers,0,,,,
2006-11-12,Jaret Wright,Baltimore Orioles,New York Yankees,-0.34,,,,
2006-11-12,Chris Britton,New York Yankees,Baltimore Orioles,0.34,,,,
2006-11-15,Jon Adkins,New York Mets,San Diego Padres,0.04,,,,
2006-11-15,Ben Johnson,New York Mets,San Diego Padres,-0.21,,,,
2006-11-15,Heath Bell,San Diego Padres,New York Mets,8.6,,,,
2006-11-15,Royce Ring,San Diego Padres,New York Mets,-0.05,,,,
2006-11-16,Neal Cotts,Chicago Cubs,Chicago White Sox,0.17,,,,
2006-11-16,David Aardsma,Chicago White Sox,Chicago Cubs,-0.4,,,,
2006-11-20,Henry Owens,Miami Marlins,New York Mets,0.69,,,,
2006-11-20,Matt Lindstrom,Miami Marlins,New York Mets,1.62,,,,
2006-11-20,Jason Vargas,New York Mets,Miami Marlins,0.08,,,,
2006-11-25,Doug Davis,Arizona Diamondbacks,Milwaukee Brewers,6.13,,,,
2006-11-25,Dana Eveland,Arizona Diamondbacks,Milwaukee Brewers,-0.37,,,,
2006-11-25,Dave Krynzel,Arizona Diamondbacks,Milwaukee Brewers,0,,,,
2006-11-25,Johnny Estrada,Milwaukee Brewers,Arizona Diamondbacks,-1.09,,,,
2006-11-25,Claudio Vargas,Milwaukee Brewers,Arizona Diamondbacks,1.05,,,,
2006-11-25,Greg Aquino,Milwaukee Brewers,Arizona Diamondbacks,-0.14,,,,
2006-12-06,Brian Bannister,Kansas City Royals,New York Mets,4.29,,,,
2006-12-06,Ambiorix Burgos,New York Mets,Kansas City Royals,0.23,,,,
2006-12-06,Gavin Floyd,Chicago White Sox,Philadelphia Phillies,16.42,,,,
2006-12-06,Gio Gonzalez,Chicago White Sox,Philadelphia Phillies,-0.25,,,,
2006-12-06,Freddy Garcia,Philadelphia Phillies,Chicago White Sox,-0.17,,,,
2006-12-06,Freddie Bynum,Baltimore Orioles,Chicago Cubs,-0.84,,,,
2006-12-07,Kevin Hart,Chicago Cubs,Baltimore Orioles,0.76,,,,
2006-12-07,Horacio Ramirez,Seattle Mariners,Atlanta Braves,-1.43,,,,
2006-12-07,Rafael Soriano,Atlanta Braves,Seattle Mariners,3.51,,,,
2006-12-08,Alfredo Simon,Philadelphia Phillies,Baltimore Orioles,0,,,,
2006-12-12,Jason Hirsh,Colorado Rockies,Houston Astros,0.37,,,,
2006-12-12,Jason Jennings,Houston Astros,Colorado Rockies,-0.73,,,,
2006-12-12,Willy Taveras,Colorado Rockies,Houston Astros,1.12,,,,
2006-12-12,Miguel Asencio,Houston Astros,Colorado Rockies,0,,,,
2006-12-12,Taylor Buchholz,Colorado Rockies,Houston Astros,3.1,,,,
2006-12-15,Brendan Donnelly,Boston Red Sox,Los Angeles Angels,0.55,,,,
2006-12-15,Phil Seibel,Los Angeles Angels,Boston Red Sox,0,,,,
2006-12-16,Andrew Sisco,Chicago White Sox,Kansas City Royals,0,,,,
2006-12-16,Ross Gload,Kansas City Royals,Chicago White Sox,0.28,,,,
2006-12-18,Jose Vidro,Seattle Mariners,Washington Nationals,0.87,,,,
2006-12-18,Emiliano Fruto,Washington Nationals,Seattle Mariners,0,,,,
2006-12-18,Chris Snelling,Washington Nationals,Seattle Mariners,-0.42,,,,
2006-12-20,Kevin Gregg,Miami Marlins,Los Angeles Angels,2.63,,,,
2006-12-20,Chris Resop,Los Angeles Angels,Miami Marlins,0.06,,,,
2006-12-21,Jeff Conine,Cincinnati Reds,Philadelphia Phillies,-0.18,,,,
2006-12-23,Nick Masset,Chicago White Sox,Texas Rangers,-0.34,,,,
2006-12-23,John Danks,Chicago White Sox,Texas Rangers,20.19,,,,
2006-12-23,Brandon McCarthy,Texas Rangers,Chicago White Sox,1.7,,,,
2007-01-09,Randy Johnson,Arizona Diamondbacks,New York Yankees,4.28,,,,
2007-01-09,Luis Vizcaino,New York Yankees,Arizona Diamondbacks,0.68,,,,
2007-01-09,Ross Ohlendorf,New York Yankees,Arizona Diamondbacks,-0.53,,,,
2007-01-09,Alberto Gonzalez,New York Yankees,Arizona Diamondbacks,-0.86,,,,
2007-01-09,Steven Jackson,New York Yankees,Arizona Diamondbacks,0,,,,
2007-01-10,Jeff Keppinger,Cincinnati Reds,Kansas City Royals,-0.16,,,,
2007-01-12,Jim Miller,Baltimore Orioles,Colorado Rockies,0.16,,,,
2007-01-12,Rodrigo Lopez,Colorado Rockies,Baltimore Orioles,0.74,,,,
2007-01-12,Chris Stewart,Texas Rangers,Chicago White Sox,-0.29,,,,
2007-01-19,Adam LaRoche,Pittsburgh Pirates,Atlanta Braves,2.96,,,,
2007-01-19,Jamie Romak,Pittsburgh Pirates,Atlanta Braves,0,,,,
2007-01-19,Michael Gonzalez,Atlanta Braves,Pittsburgh Pirates,0,,,,
2007-01-19,Brent Lillibridge,Atlanta Braves,Pittsburgh Pirates,-0.36,,,,
2007-01-23,Kirk Saarloos,Cincinnati Reds,Oakland Athletics,-0.82,,,,
2007-02-07,Jeff Frazier,Seattle Mariners,Detroit Tigers,0,,,,
2007-02-07,Yorman Bazardo,Detroit Tigers,Seattle Mariners,0.37,,,,
2007-02-13,Jae Kuk Ryu,Tampa Bay Rays,Chicago Cubs,-0.26,,,,
2007-03-23,Tony Pena,Kansas City Royals,Atlanta Braves,-1.12,,,,
2007-03-23,Erik Cordier,Atlanta Braves,Kansas City Royals,0,,,,
2007-03-26,Jorge Julio,Miami Marlins,Arizona Diamondbacks,-0.9,,,,
2007-03-26,Yusmeiro Petit,Arizona Diamondbacks,Miami Marlins,0.21,,,,
2007-03-26,Brady Clark,Los Angeles Dodgers,Milwaukee Brewers,-0.33,,,,
2007-03-26,Elmer Dessens,Milwaukee Brewers,Los Angeles Dodgers,-0.51,,,,
2007-03-26,Danny Ardoin,Houston Astros,Washington Nationals,0,,,,
2007-03-27,Max St. Pierre,Milwaukee Brewers,Kansas City Royals,0,,,,
2007-03-27,Ben Hendrickson,Kansas City Royals,Milwaukee Brewers,0,,,,
2007-03-27,Alberto Castillo,Baltimore Orioles,Boston Red Sox,-0.12,,,,
2007-03-28,Russ Johnson,Pittsburgh Pirates,Colorado Rockies,0,,,,
2007-03-29,Tomas Perez,Los Angeles Dodgers,Chicago Cubs,0,,,,
2007-03-30,John Baker,Miami Marlins,Oakland Athletics,1.71,,,,
2007-04-01,Travis Blackley,San Francisco Giants,Seattle Mariners,-0.38,,,,
2007-04-01,Jason Ellison,Seattle Mariners,San Francisco Giants,-0.24,,,,
2007-04-13,Brent Abernathy,Washington Nationals,Philadelphia Phillies,0,,,,
2007-04-19,Daniel Haigwood,Boston Red Sox,Texas Rangers,0,,,,
2007-04-20,Manny Alexander,Washington Nationals,San Diego Padres,0,,,,
2007-04-27,Chris Denorfia,Oakland Athletics,Cincinnati Reds,0.33,,,,
2007-04-28,Marcus McBeth,Cincinnati Reds,Oakland Athletics,-0.06,,,,
2007-04-29,Ryan Langerhans,Oakland Athletics,Atlanta Braves,0.04,,,,
2007-05-02,Chris Snelling,Oakland Athletics,Washington Nationals,0.24,,,,
2007-05-02,Ryan Langerhans,Washington Nationals,Oakland Athletics,-0.21,,,,
2007-05-04,Charles Thomas,Milwaukee Brewers,Oakland Athletics,0,,,,
2007-05-04,JD Closser,Oakland Athletics,Milwaukee Brewers,0,,,,
2007-05-13,Jorge Julio,Colorado Rockies,Miami Marlins,0.73,,,,
2007-05-13,Byung-Hyun Kim,Miami Marlins,Colorado Rockies,-0.15,,,,
2007-05-13,Jason Davis,Seattle Mariners,Cleveland Guardians,-0.42,,,,
2007-05-26,Tomas Perez,Chicago White Sox,Los Angeles Dodgers,0,,,,
2007-05-31,Armando Benitez,Miami Marlins,San Francisco Giants,-0.9,,,,
2007-05-31,Randy Messenger,San Francisco Giants,Miami Marlins,0.01,,,,
2007-06-01,Randy Ruiz,Philadelphia Phillies,Pittsburgh Pirates,0,,,,
2007-06-14,Graham Koonce,Atlanta Braves,Kansas City Royals,0,,,,
2007-06-16,Aaron Cunningham,Arizona Diamondbacks,Chicago White Sox,0,,,,
2007-06-16,Danny Richar,Chicago White Sox,Arizona Diamondbacks,-0.35,,,,
2007-06-18,Nick Green,Seattle Mariners,Pittsburgh Pirates,-0.06,,,,
2007-06-20,Wilfredo Ledezma,Atlanta Braves,Detroit Tigers,0,,,,
2007-06-20,Macay McBride,Detroit Tigers,Atlanta Braves,-0.23,,,,
2007-06-20,Michael Barrett,San Diego Padres,Chicago Cubs,-1.21,,,,
2007-06-20,Rob Bowen,Chicago Cubs,San Diego Padres,-0.62,,,,
2007-06-22,Mike Maroth,St. Louis Cardinals,Detroit Tigers,-2.36,,,,
2007-06-24,Darnell McDonald,Minnesota Twins,Washington Nationals,-0.22,,,,
2007-06-24,Levale Speigner,Washington Nationals,Minnesota Twins,-1.69,,,,
2007-06-26,Jermaine Van Buren,Oakland Athletics,Washington Nationals,0,,,,
2007-06-29,Milton Bradley,San Diego Padres,Oakland Athletics,1.87,,,,
2007-06-29,Andrew Brown,Oakland Athletics,San Diego Padres,0.57,,,,
2007-07-01,Jose Capellan,Detroit Tigers,Milwaukee Brewers,-0.41,,,,
2007-07-04,John Nelson,Chicago Cubs,St. Louis Cardinals,0,,,,
2007-07-13,Julio Manon,Oakland Athletics,Cincinnati Reds,0,,,,
2007-07-13,Roman Colon,Kansas City Royals,Detroit Tigers,0.27,,,,
2007-07-15,Bo Hart,Baltimore Orioles,Chicago Cubs,0,,,,
2007-07-16,Jason Kendall,Chicago Cubs,Oakland Athletics,-0.3,,,,
2007-07-16,Rob Bowen,Oakland Athletics,Chicago Cubs,0.06,,,,
2007-07-16,Jerry Blevins,Oakland Athletics,Chicago Cubs,3.49,,,,
2007-07-21,Jose Molina,New York Yankees,Los Angeles Angels,1.07,,,,
2007-07-25,Scott Linebrink,Milwaukee Brewers,San Diego Padres,0.04,,,,
2007-07-25,Will Inman,San Diego Padres,Milwaukee Brewers,0,,,,
2007-07-25,Joe Thatcher,San Diego Padres,Milwaukee Brewers,2.56,,,,
2007-07-25,Steve Garrison,San Diego Padres,Milwaukee Brewers,0,,,,
2007-07-27,Seth McClung,Milwaukee Brewers,Tampa Bay Rays,1.11,,,,
2007-07-27,Kenny Lofton,Cleveland Guardians,Texas Rangers,0.73,,,,
2007-07-27,Max Ramirez,Texas Rangers,Cleveland Guardians,0.29,,,,
2007-07-27,Scott Hairston,San Diego Padres,Arizona Diamondbacks,6.82,,,,
2007-07-27,Leo Rosales,Arizona Diamondbacks,San Diego Padres,-0.04,,,,
2007-07-27,Tadahito Iguchi,Philadelphia Phillies,Chicago White Sox,0.99,,,,
2007-07-28,Grant Balfour,Tampa Bay Rays,Milwaukee Brewers,-0.04,,,,
2007-07-28,Jorge Cantu,Cincinnati Reds,Tampa Bay Rays,0.07,,,,
2007-07-28,Brian Shackelford,Tampa Bay Rays,Cincinnati Reds,0,,,,
2007-07-28,Ty Wigginton,Houston Astros,Tampa Bay Rays,2.71,,,,
2007-07-28,Dan Wheeler,Tampa Bay Rays,Houston Astros,-0.55,,,,
2007-07-30,Luis Castillo,New York Mets,Minnesota Twins,2.94,,,,
2007-07-30,Drew Butera,Minnesota Twins,New York Mets,-1.44,,,,
2007-07-30,Kyle Lohse,Philadelphia Phillies,Cincinnati Reds,0.65,,,,
2007-07-30,Matt Maloney,Cincinnati Reds,Philadelphia Phillies,0.05,,,,
2007-07-30,Dustin Martin,Minnesota Twins,New York Mets,0,,,,
2007-07-31,Neftali Feliz,Texas Rangers,Atlanta Braves,8.65,,,,
2007-07-31,Elvis Andrus,Texas Rangers,Atlanta Braves,30.14,,,,
2007-07-31,Morgan Ensberg,San Diego Padres,Houston Astros,0.59,,,,
2007-07-31,Mark Teixeira,Atlanta Braves,Texas Rangers,6.07,,,,
2007-07-31,Ron Mahay,Atlanta Braves,Texas Rangers,0.73,,,,
2007-07-31,Jarrod Saltalamacchia,Texas Rangers,Atlanta Braves,0.5,,,,
2007-07-31,Matt Harrison,Texas Rangers,Atlanta Braves,8.87,,,,
2007-07-31,Octavio Dotel,Atlanta Braves,Kansas City Royals,-0.08,,,,
2007-07-31,Kyle Davies,Kansas City Royals,Atlanta Braves,2.27,,,,
2007-07-31,Royce Ring,Atlanta Braves,San Diego Padres,-1.08,,,,
2007-07-31,Wilfredo Ledezma,San Diego Padres,Atlanta Braves,0,,,,
2007-07-31,Eric Gagne,Boston Red Sox,Texas Rangers,-0.24,,,,
2007-07-31,Kason Gabbard,Texas Rangers,Boston Red Sox,0.13,,,,
2007-07-31,David Murphy,Texas Rangers,Boston Red Sox,10.46,,,,
2007-07-31,Engel Beltre,Texas Rangers,Boston Red Sox,0.11,,,,
2007-07-31,Scott Proctor,Los Angeles Dodgers,New York Yankees,-0.41,,,,
2007-07-31,Wilson Betemit,New York Yankees,Los Angeles Dodgers,-0.36,,,,
2007-07-31,Julio Mateo,Philadelphia Phillies,Seattle Mariners,0,,,,
2007-07-31,Matt Morris,Pittsburgh Pirates,San Francisco Giants,-1.2,,,,
2007-07-31,Rajai Davis,San Francisco Giants,Pittsburgh Pirates,0.22,,,,
2007-07-31,Rob Mackowiak,San Diego Padres,Chicago White Sox,0.03,,,,
2007-07-31,Jon Link,Chicago White Sox,San Diego Padres,0,,,,
2007-07-31,Joel Pineiro,St. Louis Cardinals,Boston Red Sox,2.56,,,,
2007-07-31,Will Startup,San Diego Padres,Atlanta Braves,0,,,,
2007-08-01,Gookie Dawkins,Philadelphia Phillies,Seattle Mariners,0,,,,
2007-08-06,Chad Hermansen,New York Mets,Miami Marlins,0,,,,
2007-08-09,Mark Sweeney,Los Angeles Dodgers,San Francisco Giants,-1,,,,
2007-08-09,John Parrish,Seattle Mariners,Baltimore Orioles,-0.07,,,,
2007-08-14,Jack Hannahan,Oakland Athletics,Detroit Tigers,3.82,,,,
2007-08-14,Jason Perry,Detroit Tigers,Oakland Athletics,0,,,,
2007-08-15,Ramon Ortiz,Colorado Rockies,Minnesota Twins,-0.05,,,,
2007-08-15,Matt Macri,Minnesota Twins,Colorado Rockies,-0.07,,,,
2007-08-17,Luis Matos,New York Mets,Pittsburgh Pirates,0,,,,
2007-08-17,Wily Mo Pena,Washington Nationals,Boston Red Sox,-0.35,,,,
2007-08-20,Jeff Conine,New York Mets,Cincinnati Reds,-0.79,,,,
2007-08-21,Chris Carter,Boston Red Sox,Washington Nationals,-0.13,,,,
2007-08-21,Emiliano Fruto,Arizona Diamondbacks,Washington Nationals,0,,,,
2007-08-22,Danny Ardoin,St. Louis Cardinals,Houston Astros,0,,,,
2007-08-22,Chris Carter,Washington Nationals,Arizona Diamondbacks,0,,,,
2007-08-23,Craig Monroe,Chicago Cubs,Detroit Tigers,-0.36,,,,
2007-08-25,Travis Denker,San Francisco Giants,Los Angeles Dodgers,0.11,,,,
2007-08-30,Buck Coats,Cincinnati Reds,Chicago Cubs,-0.15,,,,
2007-08-30,Chris Lambert,Detroit Tigers,St. Louis Cardinals,-0.81,,,,
2007-08-30,Clay Rapada,Detroit Tigers,Chicago Cubs,0.16,,,,
2007-08-31,Russell Branyan,St. Louis Cardinals,Philadelphia Phillies,0.1,,,,
2007-08-31,Rocky Cherry,Baltimore Orioles,Chicago Cubs,-0.87,,,,
2007-08-31,Scott Moore,Baltimore Orioles,Chicago Cubs,-0.58,,,,
2007-08-31,Steve Trachsel,Chicago Cubs,Baltimore Orioles,-0.48,,,,
2007-09-04,Ray King,Milwaukee Brewers,Washington Nationals,-0.02,,,,
2007-09-12,Marcos Mateo,Chicago Cubs,Cincinnati Reds,-0.08,,,,
2007-10-29,Jair Jurrjens,Atlanta Braves,Detroit Tigers,10.42,,,,
2007-10-29,Gorkys Hernandez,Atlanta Braves,Detroit Tigers,0,,,,
2007-10-29,Edgar Renteria,Detroit Tigers,Atlanta Braves,1.1,,,,
2007-11-02,Brad Lidge,Philadelphia Phillies,Houston Astros,1.73,,,,
2007-11-07,Eric Bruntlett,Philadelphia Phillies,Houston Astros,-1.11,,,,
2007-11-07,Michael Bourn,Houston Astros,Philadelphia Phillies,12.02,,,,
2007-11-07,Geoff Geary,Houston Astros,Philadelphia Phillies,0.73,,,,
2007-11-07,Mike Costanzo,Houston Astros,Philadelphia Phillies,0,,,,
2007-11-12,Omar Infante,Chicago Cubs,Detroit Tigers,0,,,,
2007-11-12,Jacque Jones,Detroit Tigers,Chicago Cubs,-1.21,,,,
2007-11-13,Craig Monroe,Minnesota Twins,Chicago Cubs,-0.45,,,,
2007-11-16,Josh Anderson,Atlanta Braves,Houston Astros,1.24,,,,
2007-11-16,Oscar Villarreal,Houston Astros,Atlanta Braves,-0.3,,,,
2007-11-18,Graham Godfrey,Oakland Athletics,Toronto Blue Jays,-0.44,,,,
2007-11-18,Marco Scutaro,Toronto Blue Jays,Oakland Athletics,9.81,,,,
2007-11-19,Orlando Cabrera,Chicago White Sox,Los Angeles Angels,2.56,,,,
2007-11-19,Jon Garland,Los Angeles Angels,Chicago White Sox,0.79,,,,
2007-11-20,Johnny Estrada,New York Mets,Milwaukee Brewers,0,,,,
2007-11-20,Guillermo Mota,Milwaukee Brewers,New York Mets,0.21,,,,
2007-11-28,Jason Bartlett,Tampa Bay Rays,Minnesota Twins,0,,,,
2007-11-28,Matt Garza,Tampa Bay Rays,Minnesota Twins,0,,,,
2007-11-28,Brendan Harris,Minnesota Twins,Tampa Bay Rays,-0.6,,,,
2007-11-28,Delmon Young,Minnesota Twins,Tampa Bay Rays,1.02,,,,
2007-11-28,Jason Pridie,Minnesota Twins,Tampa Bay Rays,-0.2,,,,
2007-11-30,Ryan Church,New York Mets,Washington Nationals,2.43,,,,
2007-11-30,Brian Schneider,New York Mets,Washington Nationals,0.48,,,,
2007-11-30,Lastings Milledge,Washington Nationals,New York Mets,-0.63,,,,
2007-12-03,Elijah Dukes,Washington Nationals,Tampa Bay Rays,1.99,,,,
2007-12-03,Carlos Quentin,Chicago White Sox,Arizona Diamondbacks,7.58,,,,
2007-12-03,Chris Carter,Arizona Diamondbacks,Chicago White Sox,0,,,,
2007-12-04,Burke Badenhop,Miami Marlins,Detroit Tigers,1.64,,,,
2007-12-04,Jonathan Albaladejo,New York Yankees,Washington Nationals,0.23,,,,
2007-12-04,Tyler Clippard,Washington Nationals,New York Yankees,9.95,,,,
2007-12-04,Jose Ascanio,Chicago Cubs,Atlanta Braves,0.15,,,,
2007-12-04,Will Ohman,Atlanta Braves,Chicago Cubs,0.47,,,,
2007-12-04,Omar Infante,Atlanta Braves,Chicago Cubs,5.95,,,,
2007-12-04,Miguel Cabrera,Detroit Tigers,Miami Marlins,48.97,,,,
2007-12-04,Dontrelle Willis,Detroit Tigers,Miami Marlins,-1.19,,,,
2007-12-04,Cameron Maybin,Miami Marlins,Detroit Tigers,1.92,,,,
2007-12-04,Andrew Miller,Miami Marlins,Detroit Tigers,-3.08,,,,
2007-12-04,Frankie De La Cruz,Miami Marlins,Detroit Tigers,-0.9,,,,
2007-12-04,Mike Rabelo,Miami Marlins,Detroit Tigers,-0.17,,,,
2007-12-04,Denny Bautista,Detroit Tigers,Colorado Rockies,0.41,,,,
2007-12-04,Jose Capellan,Colorado Rockies,Detroit Tigers,-0.01,,,,
2007-12-05,Justin James,Cincinnati Reds,Toronto Blue Jays,0,,,,
2007-12-05,Buck Coats,Toronto Blue Jays,Cincinnati Reds,0.07,,,,
2007-12-05,Freddy Guzman,Detroit Tigers,Texas Rangers,0,,,,
2007-12-05,Chris Shelton,Texas Rangers,Detroit Tigers,0.38,,,,
2007-12-07,Salomon Torres,Milwaukee Brewers,Pittsburgh Pirates,0.79,,,,
2007-12-07,Marino Salas,Pittsburgh Pirates,Milwaukee Brewers,-0.41,,,,
2007-12-07,Jamey Carroll,Cleveland Guardians,Colorado Rockies,4.65,,,,
2007-12-12,Ben Broussard,Texas Rangers,Seattle Mariners,-0.96,,,,
2007-12-12,Tug Hulett,Seattle Mariners,Texas Rangers,-0.19,,,,
2007-12-12,Miguel Tejada,Houston Astros,Baltimore Orioles,3.81,,,,
2007-12-12,Matt Albers,Baltimore Orioles,Houston Astros,0.9,,,,
2007-12-12,Dennis Sarfate,Baltimore Orioles,Houston Astros,0.07,,,,
2007-12-12,Troy Patton,Baltimore Orioles,Houston Astros,2.8,,,,
2007-12-12,Luke Scott,Baltimore Orioles,Houston Astros,7.85,,,,
2007-12-12,Mike Costanzo,Baltimore Orioles,Houston Astros,0,,,,
2007-12-14,Billy Buckner,Arizona Diamondbacks,Kansas City Royals,-1.17,,,,
2007-12-14,Alberto Callaspo,Kansas City Royals,Arizona Diamondbacks,4.69,,,,
2007-12-14,Jose Valverde,Houston Astros,Arizona Diamondbacks,2.95,,,,
2007-12-14,Chris Burke,Arizona Diamondbacks,Houston Astros,-0.9,,,,
2007-12-14,Juan Gutierrez,Arizona Diamondbacks,Houston Astros,0,,,,
2007-12-14,Chad Qualls,Arizona Diamondbacks,Houston Astros,0.26,,,,
2007-12-14,Jim Edmonds,San Diego Padres,St. Louis Cardinals,-0.96,,,,
2007-12-14,David Freese,St. Louis Cardinals,San Diego Padres,6.72,,,,
2007-12-14,Dana Eveland,Oakland Athletics,Arizona Diamondbacks,0.67,,,,
2007-12-14,Carlos Gonzalez,Oakland Athletics,Arizona Diamondbacks,1.05,,,,
2007-12-14,Aaron Cunningham,Oakland Athletics,Arizona Diamondbacks,-0.05,,,,
2007-12-14,Chris Carter,Oakland Athletics,Arizona Diamondbacks,-0.29,,,,
2007-12-14,Brett Anderson,Oakland Athletics,Arizona Diamondbacks,9.18,,,,
2007-12-14,Greg Smith,Oakland Athletics,Arizona Diamondbacks,2.05,,,,
2007-12-14,Dan Haren,Arizona Diamondbacks,Oakland Athletics,15.12,,,,
2007-12-14,Connor Robertson,Arizona Diamondbacks,Oakland Athletics,0.06,,,,
2007-12-21,Josh Hamilton,Texas Rangers,Cincinnati Reds,22.96,,,,
2007-12-21,Edinson Volquez,Cincinnati Reds,Texas Rangers,3.71,,,,
2007-12-21,Daniel Herrera,Cincinnati Reds,Texas Rangers,0,,,,
2008-01-03,Nick Swisher,Chicago White Sox,Oakland Athletics,-0.16,,,,
2008-01-03,Ryan Sweeney,Oakland Athletics,Chicago White Sox,6.22,,,,
2008-01-03,Gio Gonzalez,Oakland Athletics,Chicago White Sox,6.73,,,,
2008-01-03,Fautino De Los Santos,Oakland Athletics,Chicago White Sox,0,,,,
2008-01-05,Angel Pagan,New York Mets,Chicago Cubs,10.81,,,,
2008-01-14,Joey Devine,Oakland Athletics,Atlanta Braves,2.34,,,,
2008-01-14,Mark Kotsay,Atlanta Braves,Oakland Athletics,1.01,,,,
2008-01-14,Troy Glaus,St. Louis Cardinals,Toronto Blue Jays,4.22,,,,
2008-01-14,Scott Rolen,Toronto Blue Jays,St. Louis Cardinals,7.36,,,,
2008-01-17,Willy Aybar,Tampa Bay Rays,Atlanta Braves,1.25,,,,
2008-01-17,Jeff Ridgway,Atlanta Braves,Tampa Bay Rays,0.21,,,,
2008-01-28,David Aardsma,Boston Red Sox,Chicago White Sox,-0.33,,,,
2008-01-28,Miguel Socolovich,Chicago White Sox,Boston Red Sox,0,,,,
2008-02-02,Johan Santana,New York Mets,Minnesota Twins,15.63,,,,
2008-02-02,Carlos Gomez,Minnesota Twins,New York Mets,2.59,,,,
2008-02-02,Philip Humber,Minnesota Twins,New York Mets,-0.08,,,,
2008-02-02,Deolis Guerra,Minnesota Twins,New York Mets,0,,,,
2008-02-02,Kevin Mulvey,Minnesota Twins,New York Mets,-0.2,,,,
2008-02-05,Armando Galarraga,Detroit Tigers,Texas Rangers,4.58,,,,
2008-02-08,Erik Bedard,Seattle Mariners,Baltimore Orioles,4.21,,,,
2008-02-08,Adam Jones,Baltimore Orioles,Seattle Mariners,32.26,,,,
2008-02-08,George Sherrill,Baltimore Orioles,Seattle Mariners,1.83,,,,
2008-02-08,Chris Tillman,Baltimore Orioles,Seattle Mariners,8.67,,,,
2008-02-08,Kam Mickolio,Baltimore Orioles,Seattle Mariners,0.24,,,,
2008-03-19,Brad Salmon,Kansas City Royals,Cincinnati Reds,0,,,,
2008-03-22,Mike McCoy,Baltimore Orioles,St. Louis Cardinals,0,,,,
2008-03-26,Tyler Yates,Pittsburgh Pirates,Atlanta Braves,-0.49,,,,
2008-03-26,Todd Redmond,Atlanta Braves,Pittsburgh Pirates,0,,,,
2008-03-26,Ramon Ramirez,Kansas City Royals,Colorado Rockies,2.4,,,,
2008-03-28,Jeff Frazier,Detroit Tigers,Seattle Mariners,-0.1,,,,
2008-03-28,Dustin Nippert,Texas Rangers,Arizona Diamondbacks,1.4,,,,
2008-03-29,Matt Kata,Pittsburgh Pirates,Colorado Rockies,0,,,,
2008-03-29,R.A. Dickey,Seattle Mariners,Minnesota Twins,0.2,,,,
2008-04-07,Jon Coutlangus,Arizona Diamondbacks,Cincinnati Reds,0,,,,
2008-04-08,Eric Hull,Boston Red Sox,Los Angeles Dodgers,0,,,,
2008-04-11,Doug Deeds,Chicago Cubs,Minnesota Twins,0,,,,
2008-04-22,Josh Butler,Milwaukee Brewers,Tampa Bay Rays,-0.11,,,,
2008-04-22,Gabe Gross,Tampa Bay Rays,Milwaukee Brewers,2.02,,,,
2008-04-30,Jon Knott,Philadelphia Phillies,Minnesota Twins,0,,,,
2008-04-30,Jorge De La Rosa,Colorado Rockies,Kansas City Royals,14.04,,,,
2008-04-30,Jason Grilli,Colorado Rockies,Detroit Tigers,1.2,,,,
2008-05-03,Matt Miller,Pittsburgh Pirates,Boston Red Sox,0,,,,
2008-05-05,Greg Norton,Atlanta Braves,Seattle Mariners,-0.36,,,,
2008-05-07,Stephen Randolph,Philadelphia Phillies,Houston Astros,0,,,,
2008-05-07,Gookie Dawkins,Chicago White Sox,Philadelphia Phillies,0,,,,
2008-05-07,Mike Rouse,Philadelphia Phillies,Chicago White Sox,0,,,,
2008-05-08,Jason Michaels,Pittsburgh Pirates,Cleveland Guardians,-0.79,,,,
2008-05-27,Cha Seung Baek,San Diego Padres,Seattle Mariners,0,,,,
2008-05-27,Jared Wells,Seattle Mariners,San Diego Padres,-0.17,,,,
2008-06-06,Angel Berroa,Los Angeles Dodgers,Kansas City Royals,-0.21,,,,
2008-06-09,Gookie Dawkins,Kansas City Royals,Chicago White Sox,0,,,,
2008-06-13,Trot Nixon,New York Mets,Arizona Diamondbacks,0.1,,,,
2008-06-19,Chris Basak,New York Yankees,Minnesota Twins,0,,,,
2008-06-19,Jonah Bayliss,Toronto Blue Jays,Pittsburgh Pirates,0,,,,
2008-06-19,Sal Fasano,Cleveland Guardians,Atlanta Braves,-0.02,,,,
2008-06-25,Denny Bautista,Pittsburgh Pirates,Detroit Tigers,-0.59,,,,
2008-07-07,CC Sabathia,Milwaukee Brewers,Cleveland Guardians,5.2,,,,
2008-07-07,Zach Jackson,Cleveland Guardians,Milwaukee Brewers,-0.57,,,,
2008-07-07,Matt LaPorta,Cleveland Guardians,Milwaukee Brewers,-1.03,,,,
2008-07-08,Rich Harden,Chicago Cubs,Oakland Athletics,4.93,,,,
2008-07-08,Chad Gaudin,Chicago Cubs,Oakland Athletics,-0.39,,,,
2008-07-08,Sean Gallagher,Oakland Athletics,Chicago Cubs,-1.43,,,,
2008-07-08,Matt Murton,Oakland Athletics,Chicago Cubs,-0.43,,,,
2008-07-08,Eric Patterson,Oakland Athletics,Chicago Cubs,-0.4,,,,
2008-07-08,Josh Donaldson,Oakland Athletics,Chicago Cubs,15.34,,,,
2008-07-10,Dan Reichert,Pittsburgh Pirates,Cleveland Guardians,0,,,,
2008-07-10,Craig Wilson,Seattle Mariners,Pittsburgh Pirates,0,,,,
2008-07-17,Joe Blanton,Philadelphia Phillies,Oakland Athletics,2.37,,,,
2008-07-17,Josh Outman,Oakland Athletics,Philadelphia Phillies,2.27,,,,
2008-07-17,Adrian Cardenas,Oakland Athletics,Philadelphia Phillies,0,,,,
2008-07-17,Tony Clark,Arizona Diamondbacks,San Diego Padres,-0.63,,,,
2008-07-17,Evan Scribner,San Diego Padres,Arizona Diamondbacks,-0.23,,,,
2008-07-19,Mike McCoy,Colorado Rockies,Baltimore Orioles,-0.02,,,,
2008-07-19,Juan Castro,Baltimore Orioles,Colorado Rockies,-1.17,,,,
2008-07-20,Ray Durham,Milwaukee Brewers,San Francisco Giants,0.68,,,,
2008-07-20,Darren Ford,San Francisco Giants,Milwaukee Brewers,0.19,,,,
2008-07-22,Randy Wolf,Houston Astros,San Diego Padres,1.18,,,,
2008-07-22,Chad Reineke,San Diego Padres,Houston Astros,-0.01,,,,
2008-07-22,Jon Rauch,Arizona Diamondbacks,Washington Nationals,-0.11,,,,
2008-07-22,Emilio Bonifacio,Washington Nationals,Arizona Diamondbacks,0.1,,,,
2008-07-26,Xavier Nady,New York Yankees,Pittsburgh Pirates,0.95,,,,
2008-07-26,Damaso Marte,New York Yankees,Pittsburgh Pirates,-0.43,,,,
2008-07-26,Jeff Karstens,Pittsburgh Pirates,New York Yankees,3.44,,,,
2008-07-26,Ross Ohlendorf,Pittsburgh Pirates,New York Yankees,1.69,,,,
2008-07-26,Daniel McCutchen,Pittsburgh Pirates,New York Yankees,0.22,,,,
2008-07-26,Jose Tabata,Pittsburgh Pirates,New York Yankees,1.89,,,,
2008-07-26,Anthony Reyes,Cleveland Guardians,St. Louis Cardinals,0.94,,,,
2008-07-26,Luis Perdomo,St. Louis Cardinals,Cleveland Guardians,0,,,,
2008-07-26,Casey Blake,Los Angeles Dodgers,Cleveland Guardians,9.16,,,,
2008-07-26,Jon Meloan,Cleveland Guardians,Los Angeles Dodgers,0.07,,,,
2008-07-26,Carlos Santana,Cleveland Guardians,Los Angeles Dodgers,31.17,,,,
2008-07-29,Stephen Marek,Atlanta Braves,Los Angeles Angels,0,,,,
2008-07-29,Mark Teixeira,Los Angeles Angels,Atlanta Braves,3.71,,,,
2008-07-29,Casey Kotchman,Atlanta Braves,Los Angeles Angels,0.7,,,,
2008-07-30,LaTroy Hawkins,Houston Astros,New York Yankees,2.94,,,,
2008-07-30,Ivan Rodriguez,New York Yankees,Detroit Tigers,-0.8,,,,
2008-07-30,Kyle Farnsworth,Detroit Tigers,New York Yankees,-0.51,,,,
2008-07-31,Ken Griffey,Chicago White Sox,Cincinnati Reds,0.44,,,,
2008-07-31,Nick Masset,Cincinnati Reds,Chicago White Sox,3.65,,,,
2008-07-31,Danny Richar,Cincinnati Reds,Chicago White Sox,-0.6,,,,
2008-07-31,Manny Ramirez,Los Angeles Dodgers,Boston Red Sox,6.26,,,,
2008-07-31,Jason Bay,Boston Red Sox,Pittsburgh Pirates,7.15,,,,
2008-07-31,Craig Hansen,Pittsburgh Pirates,Boston Red Sox,-0.49,,,,
2008-07-31,Brandon Moss,Pittsburgh Pirates,Boston Red Sox,-1.21,,,,
2008-07-31,Andy LaRoche,Pittsburgh Pirates,Los Angeles Dodgers,0.34,,,,
2008-07-31,Bryan Morris,Pittsburgh Pirates,Los Angeles Dodgers,0.33,,,,
2008-07-31,Arthur Rhodes,Miami Marlins,Seattle Mariners,0.89,,,,
2008-07-31,Jhonny Nunez,New York Yankees,Washington Nationals,0,,,,
2008-07-31,Alberto Gonzalez,Washington Nationals,New York Yankees,0.27,,,,
2008-08-02,Josh Wilson,Boston Red Sox,Pittsburgh Pirates,0,,,,
2008-08-04,Andy Cannizaro,Cleveland Guardians,Tampa Bay Rays,0,,,,
2008-08-07,Scott Eyre,Philadelphia Phillies,Chicago Cubs,1.69,,,,
2008-08-07,Brian Schlitter,Chicago Cubs,Philadelphia Phillies,-0.86,,,,
2008-08-09,Horacio Ramirez,Chicago White Sox,Kansas City Royals,-0.27,,,,
2008-08-09,Paulo Orlando,Kansas City Royals,Chicago White Sox,1.68,,,,
2008-08-10,Franklyn German,Chicago White Sox,Pittsburgh Pirates,0,,,,
2008-08-11,Adam Dunn,Arizona Diamondbacks,Cincinnati Reds,-0.36,,,,
2008-08-12,Paul Byrd,Boston Red Sox,Cleveland Guardians,0.81,,,,
2008-08-14,Wilkin Castillo,Cincinnati Reds,Arizona Diamondbacks,-0.03,,,,
2008-08-17,Luis Ayala,New York Mets,Washington Nationals,-0.3,,,,
2008-08-19,Greg Maddux,Los Angeles Dodgers,San Diego Padres,-0.25,,,,
2008-08-20,Anderson Hernandez,Washington Nationals,New York Mets,0.89,,,,
2008-08-21,Jose Bautista,Toronto Blue Jays,Pittsburgh Pirates,38.39,,,,
2008-08-22,Gary Knotts,Baltimore Orioles,Philadelphia Phillies,0,,,,
2008-08-25,Mark Hamburger,Texas Rangers,Minnesota Twins,0.04,,,,
2008-08-25,Robinzon Diaz,Pittsburgh Pirates,Toronto Blue Jays,0.66,,,,
2008-08-25,Eddie Guardado,Minnesota Twins,Texas Rangers,-0.22,,,,
2008-08-27,Mark Kotsay,Boston Red Sox,Atlanta Braves,-0.79,,,,
2008-08-29,Paulo Orlando,Kansas City Royals,Chicago White Sox,1.68,,,,
2008-08-30,Matt Stairs,Philadelphia Phillies,Toronto Blue Jays,0.6,,,,
2008-08-31,Michel Hernandez,Tampa Bay Rays,Pittsburgh Pirates,-0.16,,,,
2008-08-31,Jorge Velandia,Tampa Bay Rays,Cleveland Guardians,0,,,,
2008-08-31,David Eckstein,Arizona Diamondbacks,Toronto Blue Jays,-0.14,,,,
2008-08-31,Chad Beck,Toronto Blue Jays,Arizona Diamondbacks,-0.21,,,,
2008-09-05,Brian Bass,Baltimore Orioles,Minnesota Twins,0.24,,,,
2008-09-12,Micah Owings,Cincinnati Reds,Arizona Diamondbacks,0.02,,,,
2008-09-29,Fabio Castro,Toronto Blue Jays,Philadelphia Phillies,0,,,,
2008-10-03,Michael Brantley,Cleveland Guardians,Milwaukee Brewers,23.99,,,,
2008-10-31,Mike Jacobs,Kansas City Royals,Miami Marlins,-0.34,,,,
2008-10-31,Juan Carlos Oviedo,Miami Marlins,Kansas City Royals,2.33,,,,
2008-11-03,Ryan Buchter,Chicago Cubs,Washington Nationals,0,,,,
2008-11-10,Emilio Bonifacio,Miami Marlins,Washington Nationals,3.07,,,,
2008-11-10,Jake Smolinski,Miami Marlins,Washington Nationals,0,,,,
2008-11-10,Scott Olsen,Washington Nationals,Miami Marlins,-1,,,,
2008-11-10,Josh Willingham,Washington Nationals,Miami Marlins,5.27,,,,
2008-11-10,Matt Holliday,Oakland Athletics,Colorado Rockies,2.96,,,,
2008-11-10,Carlos Gonzalez,Colorado Rockies,Oakland Athletics,23.97,,,,
2008-11-10,Huston Street,Colorado Rockies,Oakland Athletics,3.04,,,,
2008-11-10,Greg Smith,Colorado Rockies,Oakland Athletics,-0.23,,,,
2008-11-13,Jose Ceda,Miami Marlins,Chicago Cubs,0.05,,,,
2008-11-13,Kevin Gregg,Chicago Cubs,Miami Marlins,0.59,,,,
2008-11-13,Wilson Betemit,Chicago White Sox,New York Yankees,-0.56,,,,
2008-11-13,Jeff Marquez,Chicago White Sox,New York Yankees,-0.06,,,,
2008-11-13,Jhonny Nunez,Chicago White Sox,New York Yankees,-0.1,,,,
2008-11-13,Nick Swisher,New York Yankees,Chicago White Sox,11.97,,,,
2008-11-13,Kanekoa Texeira,New York Yankees,Chicago White Sox,0,,,,
2008-11-19,Coco Crisp,Kansas City Royals,Boston Red Sox,1.4,,,,
2008-11-19,Ramon Ramirez,Boston Red Sox,Kansas City Royals,2.03,,,,
2008-11-20,Greg Golson,Texas Rangers,Philadelphia Phillies,-0.03,,,,
2008-11-20,John Mayberry,Philadelphia Phillies,Texas Rangers,2,,,,
2008-11-28,Wes Littleton,Boston Red Sox,Texas Rangers,0,,,,
2008-12-04,Mark Worrell,San Diego Padres,St. Louis Cardinals,0,,,,
2008-12-04,Khalil Greene,St. Louis Cardinals,San Diego Padres,-0.85,,,,
2008-12-04,Brent Lillibridge,Chicago White Sox,Atlanta Braves,0.69,,,,
2008-12-04,Tyler Flowers,Chicago White Sox,Atlanta Braves,4.72,,,,
2008-12-04,Javier Vazquez,Atlanta Braves,Chicago White Sox,6.42,,,,
2008-12-04,Boone Logan,Atlanta Braves,Chicago White Sox,-0.21,,,,
2008-12-07,Gerald Laird,Detroit Tigers,Texas Rangers,1.01,,,,
2008-12-07,Guillermo Moscoso,Texas Rangers,Detroit Tigers,0.07,,,,
2008-12-09,Ramon Hernandez,Cincinnati Reds,Baltimore Orioles,1.52,,,,
2008-12-09,Ryan Freel,Baltimore Orioles,Cincinnati Reds,-0.09,,,,
2008-12-09,Justin Turner,Baltimore Orioles,Cincinnati Reds,-0.14,,,,
2008-12-09,Brandon Waring,Baltimore Orioles,Cincinnati Reds,0,,,,
2008-12-10,Ronny Paulino,Philadelphia Phillies,Pittsburgh Pirates,0,,,,
2008-12-10,Jason Jaramillo,Pittsburgh Pirates,Philadelphia Phillies,-0.81,,,,
2008-12-10,Edwin Jackson,Detroit Tigers,Tampa Bay Rays,3.32,,,,
2008-12-10,Matt Joyce,Tampa Bay Rays,Detroit Tigers,10.31,,,,
2008-12-11,Endy Chavez,Seattle Mariners,New York Mets,0.14,,,,
2008-12-11,Aaron Heilman,Seattle Mariners,New York Mets,0,,,,
2008-12-11,Maikel Cleto,Seattle Mariners,New York Mets,0,,,,
2008-12-11,Ezequiel Carrera,Seattle Mariners,New York Mets,0,,,,
2008-12-11,Mike Carp,Seattle Mariners,New York Mets,1.19,,,,
2008-12-11,Jason Vargas,Seattle Mariners,New York Mets,6.84,,,,
2008-12-11,J.J. Putz,New York Mets,Seattle Mariners,0,,,,
2008-12-11,Sean Green,New York Mets,Seattle Mariners,-0.16,,,,
2008-12-11,Jeremy Reed,New York Mets,Seattle Mariners,-0.72,,,,
2008-12-11,Joe Smith,Cleveland Guardians,New York Mets,6.36,,,,
2008-12-11,Luis Valbuena,Cleveland Guardians,Seattle Mariners,0.71,,,,
2008-12-11,Franklin Gutierrez,Seattle Mariners,Cleveland Guardians,12.98,,,,
2008-12-11,Jordan Parraz,Kansas City Royals,Houston Astros,0,,,,
2008-12-12,Scott Schoeneweis,Arizona Diamondbacks,New York Mets,-0.7,,,,
2008-12-12,Connor Robertson,New York Mets,Arizona Diamondbacks,0,,,,
2008-12-12,Jose Lugo,Seattle Mariners,Kansas City Royals,0,,,,
2008-12-31,Mark DeRosa,Cleveland Guardians,Chicago Cubs,1.27,,,,
2008-12-31,Jeff Stevens,Chicago Cubs,Cleveland Guardians,-0.75,,,,
2008-12-31,Chris Archer,Chicago Cubs,Cleveland Guardians,0,,,,
2008-12-31,John Gaub,Chicago Cubs,Cleveland Guardians,-0.05,,,,
2009-01-06,Jason Marquis,Colorado Rockies,Chicago Cubs,3.48,,,,
2009-01-06,Luis Vizcaino,Chicago Cubs,Colorado Rockies,0.25,,,,
2009-01-18,Garrett Olson,Chicago Cubs,Baltimore Orioles,0,,,,
2009-01-18,Felix Pie,Baltimore Orioles,Chicago Cubs,-1.12,,,,
2009-01-19,David Pauley,Baltimore Orioles,Boston Red Sox,0,,,,
2009-01-19,Randor Bierd,Boston Red Sox,Baltimore Orioles,0,,,,
2009-01-20,David Aardsma,Seattle Mariners,Boston Red Sox,2.37,,,,
2009-01-20,Fabian Williamson,Boston Red Sox,Seattle Mariners,0,,,,
2009-01-28,Ronny Cedeno,Seattle Mariners,Chicago Cubs,-1.42,,,,
2009-01-28,Garrett Olson,Seattle Mariners,Chicago Cubs,-0.86,,,,
2009-01-28,Aaron Heilman,Chicago Cubs,Seattle Mariners,0.9,,,,
2009-02-02,Michael Wuertz,Oakland Athletics,Chicago Cubs,1.6,,,,
2009-02-02,Justin Sellers,Chicago Cubs,Oakland Athletics,0,,,,
2009-02-04,Matt Murton,Colorado Rockies,Oakland Athletics,-0.05,,,,
2009-02-04,Eric Fryer,New York Yankees,Milwaukee Brewers,0,,,,
2009-02-04,Chase Wright,Milwaukee Brewers,New York Yankees,0,,,,
2009-02-10,Matt Bush,Toronto Blue Jays,San Diego Padres,0,,,,
2009-02-19,Juan Salas,Cleveland Guardians,Tampa Bay Rays,0,,,,
2009-02-19,Isaias Velasquez,Tampa Bay Rays,Cleveland Guardians,0,,,,
2009-03-20,Sergio Santos,San Francisco Giants,Chicago White Sox,0,,,,
2009-03-21,Chris Stewart,New York Yankees,Chicago White Sox,0.83,,,,
2009-03-23,Luke Gregerson,San Diego Padres,St. Louis Cardinals,4.04,,,,
2009-03-27,Ronny Paulino,San Francisco Giants,Philadelphia Phillies,0,,,,
2009-03-27,Jack Taschner,Philadelphia Phillies,San Francisco Giants,-0.18,,,,
2009-03-28,Ronny Paulino,Miami Marlins,San Francisco Giants,2.09,,,,
2009-03-30,Josh Anderson,Detroit Tigers,Atlanta Braves,-0.32,,,,
2009-03-31,Jeff Keppinger,Houston Astros,Cincinnati Reds,1.11,,,,
2009-04-01,Robert Andino,Baltimore Orioles,Miami Marlins,3.07,,,,
2009-04-01,Edward Mujica,San Diego Padres,Cleveland Guardians,0.31,,,,
2009-04-01,Sergio Santos,Chicago White Sox,San Francisco Giants,2.8,,,,
2009-04-01,Hayden Penn,Miami Marlins,Baltimore Orioles,-1.06,,,,
2009-04-01,Ross Gload,Miami Marlins,Kansas City Royals,0.5,,,,
2009-04-02,Chad Reineke,Oakland Athletics,San Diego Padres,-0.06,,,,
2009-04-02,Brooks Brown,Detroit Tigers,Arizona Diamondbacks,0,,,,
2009-04-03,Ruben Gotay,Arizona Diamondbacks,Pittsburgh Pirates,0,,,,
2009-04-05,Chris Barnwell,Pittsburgh Pirates,Houston Astros,0,,,,
2009-04-05,Jason Hammel,Colorado Rockies,Tampa Bay Rays,3.79,,,,
2009-04-05,Aneury Rodriguez,Tampa Bay Rays,Colorado Rockies,0,,,,
2009-04-15,Delwyn Young,Pittsburgh Pirates,Los Angeles Dodgers,-0.88,,,,
2009-04-16,Miguel Montero,Toronto Blue Jays,Chicago Cubs,-0.62,,,,
2009-04-16,Drew Sutton,Cincinnati Reds,Houston Astros,0.02,,,,
2009-04-17,Andy Phillips,Chicago White Sox,Pittsburgh Pirates,0,,,,
2009-04-20,Blaine Boyer,St. Louis Cardinals,Atlanta Braves,-0.16,,,,
2009-04-20,Brian Barton,Atlanta Braves,St. Louis Cardinals,0,,,,
2009-04-22,Jason Tyner,Detroit Tigers,Milwaukee Brewers,0,,,,
2009-04-25,Evan MacLane,St. Louis Cardinals,Arizona Diamondbacks,-0.04,,,,
2009-04-29,Logan Kensing,Washington Nationals,Miami Marlins,-0.93,,,,
2009-05-07,Anderson Machado,Chicago Cubs,Pittsburgh Pirates,0,,,,
2009-05-08,Ryan Freel,Chicago Cubs,Baltimore Orioles,-0.31,,,,
2009-05-08,Joey Gathright,Baltimore Orioles,Chicago Cubs,0,,,,
2009-05-08,Adam Kennedy,Oakland Athletics,Tampa Bay Rays,1.07,,,,
2009-05-09,Joe Dillon,Tampa Bay Rays,Oakland Athletics,0.16,,,,
2009-05-16,Eric Hacker,Pittsburgh Pirates,New York Yankees,-0.02,,,,
2009-05-16,Romulo Sanchez,New York Yankees,Pittsburgh Pirates,0.17,,,,
2009-05-21,Gookie Dawkins,Miami Marlins,Chicago White Sox,0,,,,
2009-05-21,Jody Gerut,Milwaukee Brewers,San Diego Padres,0.07,,,,
2009-05-21,Tony Gwynn,San Diego Padres,Milwaukee Brewers,5.13,,,,
2009-05-29,Emil Brown,New York Mets,San Diego Padres,-0.17,,,,
2009-05-30,Ramon Castro,Chicago White Sox,New York Mets,0.61,,,,
2009-05-30,Lance Broadway,New York Mets,Chicago White Sox,-0.14,,,,
2009-06-03,Charlie Morton,Pittsburgh Pirates,Atlanta Braves,-1.72,,,,
2009-06-03,Nate McLouth,Atlanta Braves,Pittsburgh Pirates,-0.6,,,,
2009-06-03,Jeff Locke,Pittsburgh Pirates,Atlanta Braves,-0.28,,,,
2009-06-03,Gorkys Hernandez,Pittsburgh Pirates,Atlanta Braves,0,,,,
2009-06-10,Chip Ambres,New York Mets,Boston Red Sox,0,,,,
2009-06-10,Chris Snelling,Pittsburgh Pirates,San Diego Padres,0,,,,
2009-06-11,Colt Morton,Seattle Mariners,San Diego Padres,0,,,,
2009-06-17,Michael O'Connor,San Diego Padres,Washington Nationals,0,,,,
2009-06-24,Brian Myrow,Pittsburgh Pirates,Chicago White Sox,0,,,,
2009-06-26,Norris Hopper,Chicago White Sox,Cincinnati Reds,0,,,,
2009-06-26,Corky Miller,Cincinnati Reds,Chicago White Sox,0.57,,,,
2009-06-27,Mark DeRosa,St. Louis Cardinals,Cleveland Guardians,0.42,,,,
2009-06-27,Chris Perez,Cleveland Guardians,St. Louis Cardinals,4.38,,,,
2009-06-28,Michael Morse,Washington Nationals,Seattle Mariners,0,,,,
2009-06-28,Ryan Langerhans,Seattle Mariners,Washington Nationals,0.86,,,,
2009-06-30,Nyjer Morgan,Washington Nationals,Pittsburgh Pirates,0.98,,,,
2009-06-30,Sean Burnett,Washington Nationals,Pittsburgh Pirates,4.72,,,,
2009-06-30,Lastings Milledge,Pittsburgh Pirates,Washington Nationals,1.01,,,,
2009-06-30,Joel Hanrahan,Pittsburgh Pirates,Washington Nationals,5.47,,,,
2009-06-30,Eric Hinske,New York Yankees,Pittsburgh Pirates,0.01,,,,
2009-06-30,Eric Fryer,Pittsburgh Pirates,New York Yankees,-0.09,,,,
2009-07-02,Stephen Randolph,Kansas City Royals,Los Angeles Dodgers,0,,,,
2009-07-02,Winston Abreu,Cleveland Guardians,Tampa Bay Rays,-0.25,,,,
2009-07-02,Jon Meloan,Tampa Bay Rays,Cleveland Guardians,0,,,,
2009-07-02,Jeff Baker,Chicago Cubs,Colorado Rockies,1.63,,,,
2009-07-02,Al Alburquerque,Colorado Rockies,Chicago Cubs,0,,,,
2009-07-05,Ryan Webb,San Diego Padres,Oakland Athletics,0.27,,,,
2009-07-05,Scott Hairston,Oakland Athletics,San Diego Padres,-0.24,,,,
2009-07-07,Brandon Allen,Arizona Diamondbacks,Chicago White Sox,-0.56,,,,
2009-07-07,Tony Pena,Chicago White Sox,Arizona Diamondbacks,0.39,,,,
2009-07-08,Yamid Haad,San Diego Padres,Seattle Mariners,0,,,,
2009-07-08,Danny Putnam,San Diego Padres,Oakland Athletics,0,,,,
2009-07-10,Dan Cortes,Seattle Mariners,Kansas City Royals,-0.16,,,,
2009-07-10,Yuniesky Betancourt,Kansas City Royals,Seattle Mariners,-3.4,,,,
2009-07-10,Ryan Church,Atlanta Braves,New York Mets,0.95,,,,
2009-07-10,Jeff Francoeur,New York Mets,Atlanta Braves,2.7,,,,
2009-07-11,Jack Hannahan,Seattle Mariners,Oakland Athletics,0.6,,,,
2009-07-11,Justin Souza,Oakland Athletics,Seattle Mariners,0,,,,
2009-07-19,Cole Gillespie,Arizona Diamondbacks,Milwaukee Brewers,-0.62,,,,
2009-07-19,Felipe Lopez,Milwaukee Brewers,Arizona Diamondbacks,1.78,,,,
2009-07-19,Oscar Salazar,San Diego Padres,Baltimore Orioles,-0.35,,,,
2009-07-19,Cla Meredith,Baltimore Orioles,San Diego Padres,0.5,,,,
2009-07-22,Hunter Strickland,Pittsburgh Pirates,Boston Red Sox,0,,,,
2009-07-22,Julio Lugo,St. Louis Cardinals,Boston Red Sox,0.64,,,,
2009-07-22,Chris Duncan,Boston Red Sox,St. Louis Cardinals,0,,,,
2009-07-22,Adam LaRoche,Boston Red Sox,Pittsburgh Pirates,-0.02,,,,
2009-07-22,Argenis Diaz,Pittsburgh Pirates,Boston Red Sox,-0.42,,,,
2009-07-23,Rafael Betancourt,Colorado Rockies,Cleveland Guardians,6.31,,,,
2009-07-24,Matt Holliday,St. Louis Cardinals,Oakland Athletics,23,,,,
2009-07-24,Clayton Mortensen,Oakland Athletics,St. Louis Cardinals,-0.89,,,,
2009-07-24,Shane Peterson,Oakland Athletics,St. Louis Cardinals,0.02,,,,
2009-07-24,Brett Wallace,Oakland Athletics,St. Louis Cardinals,0,,,,
2009-07-26,Jess Todd,Cleveland Guardians,St. Louis Cardinals,-0.38,,,,
2009-07-27,Ryan Garko,San Francisco Giants,Cleveland Guardians,-0.79,,,,
2009-07-27,Scott Barnes,Cleveland Guardians,San Francisco Giants,0.05,,,,
2009-07-28,Sean Gallagher,San Diego Padres,Oakland Athletics,0.11,,,,
2009-07-28,Mark Kotsay,Chicago White Sox,Boston Red Sox,-0.65,,,,
2009-07-28,Brian Anderson,Boston Red Sox,Chicago White Sox,-0.1,,,,
2009-07-29,Ronny Cedeno,Pittsburgh Pirates,Seattle Mariners,1.93,,,,
2009-07-29,Jason Hirsh,New York Yankees,Colorado Rockies,0,,,,
2009-07-29,Cliff Lee,Philadelphia Phillies,Cleveland Guardians,22.24,,,,
2009-07-29,Ben Francisco,Philadelphia Phillies,Cleveland Guardians,-0.17,,,,
2009-07-29,Carlos Carrasco,Cleveland Guardians,Philadelphia Phillies,20.42,,,,
2009-07-29,Lou Marson,Cleveland Guardians,Philadelphia Phillies,1.42,,,,
2009-07-29,Jason Donald,Cleveland Guardians,Philadelphia Phillies,1.37,,,,
2009-07-29,Jack Wilson,Seattle Mariners,Pittsburgh Pirates,3.12,,,,
2009-07-29,Ian Snell,Seattle Mariners,Pittsburgh Pirates,-0.3,,,,
2009-07-29,Nate Adcock,Pittsburgh Pirates,Seattle Mariners,0,,,,
2009-07-29,Jeff Clement,Pittsburgh Pirates,Seattle Mariners,-0.99,,,,
2009-07-29,Wladimir Balentien,Cincinnati Reds,Seattle Mariners,0.78,,,,
2009-07-29,Robert Manuel,Seattle Mariners,Cincinnati Reds,0,,,,
2009-07-29,Freddy Sanchez,San Francisco Giants,Pittsburgh Pirates,2.86,,,,
2009-07-30,Tom Gorzelanny,Chicago Cubs,Pittsburgh Pirates,1.59,,,,
2009-07-30,John Grabow,Chicago Cubs,Pittsburgh Pirates,-0.86,,,,
2009-07-30,Kevin Hart,Pittsburgh Pirates,Chicago Cubs,-1.25,,,,
2009-07-30,Josh Harrison,Pittsburgh Pirates,Chicago Cubs,14.06,,,,
2009-07-30,Jose Ascanio,Pittsburgh Pirates,Chicago Cubs,-0.19,,,,
2009-07-30,Josh Bell,Baltimore Orioles,Los Angeles Dodgers,-0.67,,,,
2009-07-30,Steve Johnson,Baltimore Orioles,Los Angeles Dodgers,0.85,,,,
2009-07-30,George Sherrill,Los Angeles Dodgers,Baltimore Orioles,0.62,,,,
2009-07-30,Tim Alderson,Pittsburgh Pirates,San Francisco Giants,0,,,,
2009-07-31,Jerry Hairston,New York Yankees,Cincinnati Reds,0.6,,,,
2009-07-31,Vinny Rottino,Los Angeles Dodgers,Milwaukee Brewers,0,,,,
2009-07-31,Claudio Vargas,Milwaukee Brewers,Los Angeles Dodgers,0.64,,,,
2009-07-31,Ryan Mattheus,Washington Nationals,Colorado Rockies,1.26,,,,
2009-07-31,Joe Beimel,Colorado Rockies,Washington Nationals,1.09,,,,
2009-07-31,Mauricio Robles,Seattle Mariners,Detroit Tigers,0,,,,
2009-07-31,Luke French,Seattle Mariners,Detroit Tigers,-0.44,,,,
2009-07-31,Jarrod Washburn,Detroit Tigers,Seattle Mariners,-0.68,,,,
2009-07-31,Aaron Thompson,Washington Nationals,Miami Marlins,0,,,,
2009-07-31,Nick Johnson,Miami Marlins,Washington Nationals,0.35,,,,
2009-07-31,Victor Martinez,Boston Red Sox,Cleveland Guardians,4.91,,,,
2009-07-31,Nick Hagadone,Cleveland Guardians,Boston Red Sox,-0.2,,,,
2009-07-31,Bryan Price,Cleveland Guardians,Boston Red Sox,0,,,,
2009-07-31,Justin Masterson,Cleveland Guardians,Boston Red Sox,7.87,,,,
2009-07-31,Orlando Cabrera,Minnesota Twins,Oakland Athletics,-0.05,,,,
2009-07-31,Tyler Ladendorf,Oakland Athletics,Minnesota Twins,-0.44,,,,
2009-07-31,Adam Russell,San Diego Padres,Chicago White Sox,-0.03,,,,
2009-07-31,Clayton Richard,San Diego Padres,Chicago White Sox,1.05,,,,
2009-07-31,Aaron Poreda,San Diego Padres,Chicago White Sox,0.02,,,,
2009-07-31,Jake Peavy,Chicago White Sox,San Diego Padres,9.42,,,,
2009-07-31,Casey Kotchman,Boston Red Sox,Atlanta Braves,0.16,,,,
2009-07-31,Adam LaRoche,Atlanta Braves,Boston Red Sox,1.99,,,,
2009-07-31,Josh Roenicke,Toronto Blue Jays,Cincinnati Reds,-0.64,,,,
2009-07-31,Edwin Encarnacion,Toronto Blue Jays,Cincinnati Reds,24.85,,,,
2009-07-31,Zach Stewart,Toronto Blue Jays,Cincinnati Reds,0.12,,,,
2009-07-31,Scott Rolen,Cincinnati Reds,Toronto Blue Jays,7.61,,,,
2009-08-01,Harvey Garcia,Los Angeles Dodgers,Pittsburgh Pirates,0,,,,
2009-08-05,Mike Koplove,Seattle Mariners,Pittsburgh Pirates,0,,,,
2009-08-06,Anderson Hernandez,New York Mets,Washington Nationals,-0.09,,,,
2009-08-07,Carl Pavano,Minnesota Twins,Cleveland Guardians,5.79,,,,
2009-08-07,Gregg Zaun,Tampa Bay Rays,Baltimore Orioles,0.33,,,,
2009-08-14,Alex Gonzalez,Boston Red Sox,Cincinnati Reds,0.3,,,,
2009-08-14,Kristopher Negron,Cincinnati Reds,Boston Red Sox,1.75,,,,
2009-08-15,Rhyne Hughes,Baltimore Orioles,Tampa Bay Rays,-0.13,,,,
2009-08-17,Aubrey Huff,Detroit Tigers,Baltimore Orioles,-0.76,,,,
2009-08-18,Ivan Rodriguez,Texas Rangers,Houston Astros,-0.43,,,,
2009-08-19,Bill Hall,Seattle Mariners,Milwaukee Brewers,-0.06,,,,
2009-08-22,Scott Patterson,Oakland Athletics,San Diego Padres,0,,,,
2009-08-25,Billy Wagner,Boston Red Sox,New York Mets,0.34,,,,
2009-08-28,Yohan Pino,Cleveland Guardians,Minnesota Twins,0,,,,
2009-08-28,Jon Rauch,Minnesota Twins,Arizona Diamondbacks,1.94,,,,
2009-08-29,Alex Torres,Tampa Bay Rays,Los Angeles Angels,1.95,,,,
2009-08-29,Scott Kazmir,Los Angeles Angels,Tampa Bay Rays,-0.01,,,,
2009-08-31,Jim Thome,Los Angeles Dodgers,Chicago White Sox,-0.1,,,,
2009-08-31,Ronnie Belliard,Los Angeles Dodgers,Washington Nationals,0.65,,,,
2009-08-31,Jose Contreras,Colorado Rockies,Chicago White Sox,0.9,,,,
2009-08-31,Luis Garcia,Washington Nationals,Los Angeles Dodgers,0,,,,
2009-08-31,Jon Garland,Los Angeles Dodgers,Arizona Diamondbacks,0.31,,,,
2009-09-01,Bobby Livingston,Pittsburgh Pirates,Cleveland Guardians,0,,,,
2009-09-01,Kevin Mulvey,Arizona Diamondbacks,Minnesota Twins,-0.41,,,,
2009-09-01,Sean Rodriguez,Tampa Bay Rays,Los Angeles Angels,7.88,,,,
2009-09-02,Victor Garate,Washington Nationals,Los Angeles Dodgers,-0.17,,,,
2009-09-03,Manny Pina,Kansas City Royals,Texas Rangers,-0.11,,,,
2009-09-04,Tim Smith,Kansas City Royals,Texas Rangers,0,,,,
2009-09-08,Sean Henn,Baltimore Orioles,Minnesota Twins,-0.08,,,,
2009-10-07,Chris Carter,New York Mets,Boston Red Sox,-0.21,,,,
2009-10-09,Tony Abreu,Arizona Diamondbacks,Los Angeles Dodgers,-1.3,,,,
2009-11-03,Jesse Chavez,Tampa Bay Rays,Pittsburgh Pirates,0,,,,
2009-11-03,Akinori Iwamura,Pittsburgh Pirates,Tampa Bay Rays,-1.64,,,,
2009-11-05,Jeremy Hermida,Boston Red Sox,Miami Marlins,-0.48,,,,
2009-11-05,Hunter Jones,Miami Marlins,Boston Red Sox,0.08,,,,
2009-11-05,Jose Alvarez,Miami Marlins,Boston Red Sox,0,,,,
2009-11-06,Josh Fields,Kansas City Royals,Chicago White Sox,0.32,,,,
2009-11-06,Chris Getz,Kansas City Royals,Chicago White Sox,1.05,,,,
2009-11-06,Mark Teahen,Chicago White Sox,Kansas City Royals,-1.63,,,,
2009-11-06,Carlos Gomez,Milwaukee Brewers,Minnesota Twins,19.03,,,,
2009-11-06,J.J. Hardy,Minnesota Twins,Milwaukee Brewers,0,,,,
2009-11-19,Aaron Heilman,Arizona Diamondbacks,Chicago Cubs,-1.17,,,,
2009-11-19,Scott Maine,Chicago Cubs,Arizona Diamondbacks,-0.04,,,,
2009-12-01,Kelly Shoppach,Tampa Bay Rays,Cleveland Guardians,0.87,,,,
2009-12-03,Jake Fox,Oakland Athletics,Chicago Cubs,-0.2,,,,
2009-12-03,Aaron Miles,Oakland Athletics,Chicago Cubs,0,,,,
2009-12-03,Jeff Gray,Chicago Cubs,Oakland Athletics,-0.27,,,,
2009-12-03,Matthew Spencer,Chicago Cubs,Oakland Athletics,0,,,,
2009-12-07,Brian Bruney,Washington Nationals,New York Yankees,-0.85,,,,
2009-12-08,Phil Coke,Detroit Tigers,New York Yankees,1.03,,,,
2009-12-08,Curtis Granderson,New York Yankees,Detroit Tigers,14.94,,,,
2009-12-08,Edwin Jackson,Arizona Diamondbacks,Detroit Tigers,0.13,,,,
2009-12-08,Ian Kennedy,Arizona Diamondbacks,New York Yankees,7.84,,,,
2009-12-08,Max Scherzer,Detroit Tigers,Arizona Diamondbacks,21.22,,,,
2009-12-08,Daniel Schlereth,Detroit Tigers,Arizona Diamondbacks,0.28,,,,
2009-12-09,Austin Jackson,Detroit Tigers,New York Yankees,20.14,,,,
2009-12-09,Matt Lindstrom,Houston Astros,Miami Marlins,0.25,,,,
2009-12-09,Kevin Millwood,Baltimore Orioles,Texas Rangers,0.2,,,,
2009-12-09,Chris Ray,Texas Rangers,Baltimore Orioles,0.65,,,,
2009-12-10,Boof Bonser,Boston Red Sox,Minnesota Twins,-0.12,,,,
2009-12-11,Jamie Hoffmann,New York Yankees,Washington Nationals,0,,,,
2009-12-11,Jesse Chavez,Atlanta Braves,Tampa Bay Rays,3.36,,,,
2009-12-11,Rafael Soriano,Tampa Bay Rays,Atlanta Braves,2.11,,,,
2009-12-11,Ben Snyder,Texas Rangers,Baltimore Orioles,0,,,,
2009-12-15,Juan Pierre,Chicago White Sox,Los Angeles Dodgers,-0.64,,,,
2009-12-16,JC Ramirez,Philadelphia Phillies,Seattle Mariners,0,,,,
2009-12-16,Roy Halladay,Philadelphia Phillies,Toronto Blue Jays,16.2,,,,
2009-12-16,Kyle Drabek,Toronto Blue Jays,Philadelphia Phillies,-0.14,,,,
2009-12-16,Michael Taylor,Toronto Blue Jays,Philadelphia Phillies,0,,,,
2009-12-16,Travis d'Arnaud,Toronto Blue Jays,Philadelphia Phillies,0,,,,
2009-12-16,Cliff Lee,Seattle Mariners,Philadelphia Phillies,3.42,,,,
2009-12-16,Phillippe Aumont,Philadelphia Phillies,Seattle Mariners,-0.71,,,,
2009-12-16,Brett Wallace,Toronto Blue Jays,Oakland Athletics,0,,,,
2009-12-17,Michael Taylor,Oakland Athletics,Toronto Blue Jays,-0.84,,,,
2009-12-18,John Ely,Los Angeles Dodgers,Chicago White Sox,-1.13,,,,
2009-12-18,Jon Link,Los Angeles Dodgers,Chicago White Sox,-0.09,,,,
2009-12-18,Carlos Silva,Chicago Cubs,Seattle Mariners,1.59,,,,
2009-12-18,Milton Bradley,Seattle Mariners,Chicago Cubs,0.02,,,,
2009-12-21,Mitch Talbot,Cleveland Guardians,Tampa Bay Rays,-0.03,,,,
2009-12-22,Melky Cabrera,Atlanta Braves,New York Yankees,-0.3,,,,
2009-12-22,Mike Dunn,Atlanta Braves,New York Yankees,0.58,,,,
2009-12-22,Arodys Vizcaino,Atlanta Braves,New York Yankees,3.7,,,,
2009-12-22,Javier Vazquez,New York Yankees,Atlanta Braves,-0.45,,,,
2009-12-22,Boone Logan,New York Yankees,Atlanta Braves,2.89,,,,
2009-12-23,Brandon League,Seattle Mariners,Toronto Blue Jays,0.98,,,,
2009-12-23,Brandon Morrow,Toronto Blue Jays,Seattle Mariners,5.23,,,,
2010-01-07,Bill Hall,Boston Red Sox,Seattle Mariners,1.78,,,,
2010-01-07,Casey Kotchman,Seattle Mariners,Boston Red Sox,-0.77,,,,
2010-01-09,Zach Jackson,Toronto Blue Jays,Cleveland Guardians,0,,,,
2010-01-16,Aaron Cunningham,San Diego Padres,Oakland Athletics,0.26,,,,
2010-01-16,Scott Hairston,San Diego Padres,Oakland Athletics,1.03,,,,
2010-01-16,Kevin Kouzmanoff,Oakland Athletics,San Diego Padres,1.94,,,,
2010-01-16,Eric Sogard,Oakland Athletics,San Diego Padres,3.72,,,,
2010-01-18,Brian Bixler,Cleveland Guardians,Pittsburgh Pirates,0,,,,
2010-01-22,Gary Matthews,New York Mets,Los Angeles Angels,-0.59,,,,
2010-01-22,Brian Stokes,Los Angeles Angels,New York Mets,-0.59,,,,
2010-01-26,Greg Golson,New York Yankees,Texas Rangers,-0.32,,,,
2010-02-01,Willy Taveras,Oakland Athletics,Cincinnati Reds,0,,,,
2010-02-01,Aaron Miles,Cincinnati Reds,Oakland Athletics,0,,,,
2010-02-01,Adam Rosales,Oakland Athletics,Cincinnati Reds,1.76,,,,
2010-03-22,Ray Olmedo,Milwaukee Brewers,Texas Rangers,0,,,,
2010-03-22,Matt Treanor,Texas Rangers,Milwaukee Brewers,-0.58,,,,
2010-03-24,Edwar Ramirez,Oakland Athletics,Texas Rangers,-0.13,,,,
2010-03-24,Gregorio Petit,Texas Rangers,Oakland Athletics,0,,,,
2010-03-27,Steven Lerud,Baltimore Orioles,Kansas City Royals,0,,,,
2010-03-30,Nate Robertson,Miami Marlins,Detroit Tigers,-0.65,,,,
2010-03-30,Jay Voss,Detroit Tigers,Miami Marlins,0,,,,
2010-04-01,Julio Lugo,Baltimore Orioles,St. Louis Cardinals,-0.77,,,,
2010-04-01,Edwin Escobar,San Francisco Giants,Texas Rangers,0,,,,
2010-04-02,Virgil Vasquez,Tampa Bay Rays,Pittsburgh Pirates,0,,,,
2010-04-03,Robby Hammock,New York Yankees,Colorado Rockies,0,,,,
2010-04-15,Fred Lewis,Toronto Blue Jays,San Francisco Giants,0.22,,,,
2010-04-24,Jonathan Van Every,Boston Red Sox,Pittsburgh Pirates,-0.08,,,,
2010-05-01,Carlos Rosa,Arizona Diamondbacks,Kansas City Royals,0.06,,,,
2010-05-01,Rey Navarro,Kansas City Royals,Arizona Diamondbacks,0,,,,
2010-05-04,Buck Coats,Chicago White Sox,Kansas City Royals,0,,,,
2010-05-24,Andrew Brown,St. Louis Cardinals,Washington Nationals,-0.23,,,,
2010-05-31,Jonathan Van Every,Pittsburgh Pirates,Boston Red Sox,0,,,,
2010-06-01,Dana Eveland,Pittsburgh Pirates,Toronto Blue Jays,-0.24,,,,
2010-06-01,Dontrelle Willis,Arizona Diamondbacks,Detroit Tigers,-0.24,,,,
2010-06-01,Billy Buckner,Detroit Tigers,Arizona Diamondbacks,0,,,,
2010-06-03,Jailen Peguero,Houston Astros,Texas Rangers,0,,,,
2010-06-15,Conor Jackson,Oakland Athletics,Arizona Diamondbacks,0.36,,,,
2010-06-15,Sam Demel,Arizona Diamondbacks,Oakland Athletics,-1.03,,,,
2010-06-18,Wes Whisler,Miami Marlins,Chicago White Sox,0,,,,
2010-06-18,Jorge Padilla,New York Mets,Toronto Blue Jays,0,,,,
2010-06-22,Tommy Everidge,Houston Astros,Seattle Mariners,0,,,,
2010-06-22,Ross Wolf,Oakland Athletics,Baltimore Orioles,0.02,,,,
2010-06-22,Jake Fox,Baltimore Orioles,Oakland Athletics,-0.09,,,,
2010-06-25,Kyle Phillips,San Diego Padres,Toronto Blue Jays,0.06,,,,
2010-06-25,Chris Aguila,Philadelphia Phillies,Toronto Blue Jays,0,,,,
2010-06-26,Eric Patterson,Boston Red Sox,Oakland Athletics,0.49,,,,
2010-06-26,Russell Branyan,Seattle Mariners,Cleveland Guardians,0.86,,,,
2010-06-26,Ezequiel Carrera,Cleveland Guardians,Seattle Mariners,0.67,,,,
2010-06-26,Juan Diaz,Cleveland Guardians,Seattle Mariners,-0.33,,,,
2010-06-26,Fabian Williamson,Oakland Athletics,Boston Red Sox,0,,,,
2010-07-01,Angel Sanchez,Houston Astros,Boston Red Sox,-1.15,,,,
2010-07-01,Kevin Cash,Boston Red Sox,Houston Astros,-0.74,,,,
2010-07-01,Bengie Molina,Texas Rangers,San Francisco Giants,-0.8,,,,
2010-07-01,Chris Ray,San Francisco Giants,Texas Rangers,0.12,,,,
2010-07-09,Cliff Lee,Texas Rangers,Seattle Mariners,1.61,,,,
2010-07-09,Mark Lowe,Texas Rangers,Seattle Mariners,0.38,,,,
2010-07-09,Justin Smoak,Seattle Mariners,Texas Rangers,1.36,,,,
2010-07-09,Blake Beavan,Seattle Mariners,Texas Rangers,1.65,,,,
2010-07-09,Josh Lueke,Seattle Mariners,Texas Rangers,-0.35,,,,
2010-07-12,Brian Bixler,Pittsburgh Pirates,Cleveland Guardians,0,,,,
2010-07-14,Alex Gonzalez,Atlanta Braves,Toronto Blue Jays,3.01,,,,
2010-07-14,Tim Collins,Atlanta Braves,Toronto Blue Jays,0,,,,
2010-07-14,Tyler Pastornicky,Atlanta Braves,Toronto Blue Jays,-1.78,,,,
2010-07-14,Yunel Escobar,Toronto Blue Jays,Atlanta Braves,8.62,,,,
2010-07-14,Jo-Jo Reyes,Toronto Blue Jays,Atlanta Braves,-0.58,,,,
2010-07-22,Alberto Callaspo,Los Angeles Angels,Kansas City Royals,7.63,,,,
2010-07-22,Sean O'Sullivan,Kansas City Royals,Los Angeles Angels,-1.53,,,,
2010-07-22,Will Smith,Kansas City Royals,Los Angeles Angels,-0.69,,,,
2010-07-25,Patrick Corbin,Arizona Diamondbacks,Washington Nationals,12.1,,,,
2010-07-25,Dan Haren,Los Angeles Angels,Arizona Diamondbacks,6.5,,,,
2010-07-25,Joe Saunders,Arizona Diamondbacks,Los Angeles Angels,2.07,,,,
2010-07-25,Rafael Rodriguez,Arizona Diamondbacks,Los Angeles Angels,-0.02,,,,
2010-07-28,Jhonny Peralta,Detroit Tigers,Cleveland Guardians,8.67,,,,
2010-07-28,Giovanni Soto,Cleveland Guardians,Detroit Tigers,0.15,,,,
2010-07-28,Scott Podsednik,Los Angeles Dodgers,Kansas City Royals,-0.69,,,,
2010-07-28,Lucas May,Kansas City Royals,Los Angeles Dodgers,-0.45,,,,
2010-07-29,Roy Oswalt,Philadelphia Phillies,Houston Astros,5.11,,,,
2010-07-29,J.A. Happ,Houston Astros,Philadelphia Phillies,1,,,,
2010-07-29,Anthony Gose,Houston Astros,Philadelphia Phillies,0,,,,
2010-07-29,Jonathan Villar,Houston Astros,Philadelphia Phillies,1.46,,,,
2010-07-29,Evan Reed,Miami Marlins,Texas Rangers,0,,,,
2010-07-29,Jorge Cantu,Texas Rangers,Miami Marlins,-0.56,,,,
2010-07-29,Wilson Ramos,Washington Nationals,Minnesota Twins,10.57,,,,
2010-07-29,Matt Capps,Minnesota Twins,Washington Nationals,1.92,,,,
2010-07-29,Miguel Tejada,San Diego Padres,Baltimore Orioles,1.18,,,,
2010-07-29,Brett Wallace,Houston Astros,Toronto Blue Jays,-0.15,,,,
2010-07-29,Joe Testa,Washington Nationals,Minnesota Twins,0,,,,
2010-07-30,Daniel Hudson,Arizona Diamondbacks,Chicago White Sox,4.32,,,,
2010-07-30,Anthony Gose,Toronto Blue Jays,Houston Astros,1.55,,,,
2010-07-30,Austin Kearns,New York Yankees,Cleveland Guardians,-0.03,,,,
2010-07-30,Cristian Guzman,Texas Rangers,Washington Nationals,-0.67,,,,
2010-07-30,Tanner Roark,Washington Nationals,Texas Rangers,16.49,,,,
2010-07-30,Edwin Jackson,Chicago White Sox,Arizona Diamondbacks,4.17,,,,
2010-07-30,David Holmberg,Arizona Diamondbacks,Chicago White Sox,-0.11,,,,
2010-07-31,James McDonald,Pittsburgh Pirates,Los Angeles Dodgers,2.85,,,,
2010-07-31,D.J. Carrasco,Arizona Diamondbacks,Pittsburgh Pirates,0.5,,,,
2010-07-31,Tim Collins,Kansas City Royals,Atlanta Braves,2.07,,,,
2010-07-31,Octavio Dotel,Los Angeles Dodgers,Pittsburgh Pirates,0.31,,,,
2010-07-31,Andrew Lambo,Pittsburgh Pirates,Los Angeles Dodgers,-0.72,,,,
2010-07-31,Kerry Wood,New York Yankees,Cleveland Guardians,1.48,,,,
2010-07-31,Ted Lilly,Los Angeles Dodgers,Chicago Cubs,2.79,,,,
2010-07-31,Ryan Theriot,Los Angeles Dodgers,Chicago Cubs,0.49,,,,
2010-07-31,Blake DeWitt,Chicago Cubs,Los Angeles Dodgers,-0.26,,,,
2010-07-31,Chris McGuiness,Texas Rangers,Boston Red Sox,-0.27,,,,
2010-07-31,Roman Mendez,Texas Rangers,Boston Red Sox,1.08,,,,
2010-07-31,Jarrod Saltalamacchia,Boston Red Sox,Texas Rangers,5.19,,,,
2010-07-31,Pedro Ciriaco,Pittsburgh Pirates,Arizona Diamondbacks,0.34,,,,
2010-07-31,Chris Snyder,Pittsburgh Pirates,Arizona Diamondbacks,0.37,,,,
2010-07-31,Bobby Crosby,Arizona Diamondbacks,Pittsburgh Pirates,-0.17,,,,
2010-07-31,Ryan Church,Arizona Diamondbacks,Pittsburgh Pirates,0.35,,,,
2010-07-31,Ramon Ramirez,San Francisco Giants,Boston Red Sox,1.23,,,,
2010-07-31,Jake Westbrook,St. Louis Cardinals,Cleveland Guardians,1.28,,,,
2010-07-31,Nick Greenwood,St. Louis Cardinals,San Diego Padres,-0.23,,,,
2010-07-31,Ryan Ludwick,San Diego Padres,St. Louis Cardinals,-0.64,,,,
2010-07-31,Corey Kluber,Cleveland Guardians,San Diego Padres,32.5,,,,
2010-07-31,Will Ohman,Miami Marlins,Baltimore Orioles,0.05,,,,
2010-07-31,Rick Van Den Hurk,Baltimore Orioles,Miami Marlins,-0.24,,,,
2010-07-31,Javier Lopez,San Francisco Giants,Pittsburgh Pirates,5.29,,,,
2010-07-31,John Bowker,Pittsburgh Pirates,San Francisco Giants,0.16,,,,
2010-07-31,Joe Martinez,Pittsburgh Pirates,San Francisco Giants,0.01,,,,
2010-07-31,Lance Berkman,New York Yankees,Houston Astros,-0.33,,,,
2010-07-31,Mark Melancon,Houston Astros,New York Yankees,1.08,,,,
2010-07-31,Jimmy Paredes,Houston Astros,New York Yankees,-1.8,,,,
2010-07-31,Rick Ankiel,Atlanta Braves,Kansas City Royals,0.18,,,,
2010-07-31,Kyle Farnsworth,Atlanta Braves,Kansas City Royals,-0.19,,,,
2010-07-31,Gregor Blanco,Kansas City Royals,Atlanta Braves,0.73,,,,
2010-07-31,Jesse Chavez,Kansas City Royals,Atlanta Braves,-0.79,,,,
2010-07-31,Chad Qualls,Tampa Bay Rays,Arizona Diamondbacks,-0.67,,,,
2010-08-02,Brandon Jones,Detroit Tigers,Pittsburgh Pirates,0,,,,
2010-08-07,Tyler Skaggs,Arizona Diamondbacks,Los Angeles Angels,-0.6,,,,
2010-08-09,Jim Edmonds,Cincinnati Reds,Milwaukee Brewers,-0.1,,,,
2010-08-09,Chris Dickerson,Milwaukee Brewers,Cincinnati Reds,-0.29,,,,
2010-08-10,Luke Carlin,Cleveland Guardians,Pittsburgh Pirates,0.54,,,,
2010-08-11,Mike Fontenot,San Francisco Giants,Chicago Cubs,0.38,,,,
2010-08-13,Travis Chick,Texas Rangers,Pittsburgh Pirates,0,,,,
2010-08-13,Jose Guillen,San Francisco Giants,Kansas City Royals,-0.57,,,,
2010-08-14,Michael Thomas,Texas Rangers,Boston Red Sox,0,,,,
2010-08-18,Derrek Lee,Atlanta Braves,Chicago Cubs,0.92,,,,
2010-08-19,Pedro Feliz,St. Louis Cardinals,Houston Astros,-0.4,,,,
2010-08-19,David Carpenter,Houston Astros,St. Louis Cardinals,0.2,,,,
2010-08-20,Zach McAllister,Cleveland Guardians,New York Yankees,3.03,,,,
2010-08-27,Brian Fuentes,Minnesota Twins,Los Angeles Angels,0.64,,,,
2010-08-31,Jeff Francoeur,Texas Rangers,New York Mets,0.25,,,,
2010-08-31,Joaquin Arias,New York Mets,Texas Rangers,-0.15,,,,
2010-08-31,Manny Delcarmen,Colorado Rockies,Boston Red Sox,-0.13,,,,
2010-09-01,Loek Van Mil,Los Angeles Angels,Minnesota Twins,0,,,,
2010-09-18,Octavio Dotel,Colorado Rockies,Los Angeles Dodgers,-0.1,,,,
2010-11-04,Brent Dlugach,Boston Red Sox,Detroit Tigers,0,,,,
2010-11-04,Miguel Olivo,Toronto Blue Jays,Colorado Rockies,0,,,,
2010-11-10,Vin Mazzaro,Kansas City Royals,Oakland Athletics,-0.92,,,,
2010-11-10,Justin Marks,Kansas City Royals,Oakland Athletics,-0.1,,,,
2010-11-10,David DeJesus,Oakland Athletics,Kansas City Royals,1.13,,,,
2010-11-12,Andrew Miller,Boston Red Sox,Miami Marlins,1.45,,,,
2010-11-12,Dustin Richardson,Miami Marlins,Boston Red Sox,0,,,,
2010-11-13,Cameron Maybin,San Diego Padres,Miami Marlins,6.49,,,,
2010-11-13,Edward Mujica,Miami Marlins,San Diego Padres,1.72,,,,
2010-11-13,Ryan Webb,Miami Marlins,San Diego Padres,0.85,,,,
2010-11-16,Dan Uggla,Atlanta Braves,Miami Marlins,3.15,,,,
2010-11-16,Omar Infante,Miami Marlins,Atlanta Braves,2.4,,,,
2010-11-16,Mike Dunn,Miami Marlins,Atlanta Braves,0.73,,,,
2010-11-17,Rajai Davis,Toronto Blue Jays,Oakland Athletics,1.6,,,,
2010-11-17,Danny Farquhar,Oakland Athletics,Toronto Blue Jays,0,,,,
2010-11-17,Trystan Magnuson,Oakland Athletics,Toronto Blue Jays,-0.15,,,,
2010-11-18,Clint Barmes,Houston Astros,Colorado Rockies,3.38,,,,
2010-11-18,Felipe Paulino,Colorado Rockies,Houston Astros,-0.44,,,,
2010-11-18,Juan Miranda,Arizona Diamondbacks,New York Yankees,-0.38,,,,
2010-11-19,Cody Johnson,New York Yankees,Atlanta Braves,0,,,,
2010-11-24,Zach Duke,Arizona Diamondbacks,Pittsburgh Pirates,0.13,,,,
2010-11-30,Blake Hawksworth,Los Angeles Dodgers,St. Louis Cardinals,-0.37,,,,
2010-11-30,Ryan Theriot,St. Louis Cardinals,Los Angeles Dodgers,0.34,,,,
2010-12-02,Jose Lopez,Colorado Rockies,Seattle Mariners,-0.43,,,,
2010-12-02,Chaz Roe,Seattle Mariners,Colorado Rockies,0,,,,
2010-12-03,Carlos Villanueva,Toronto Blue Jays,Milwaukee Brewers,3.31,,,,
2010-12-03,Scott Linebrink,Atlanta Braves,Chicago White Sox,0.42,,,,
2010-12-06,David Hernandez,Arizona Diamondbacks,Baltimore Orioles,1.37,,,,
2010-12-06,Rey Fuentes,San Diego Padres,Boston Red Sox,-0.27,,,,
2010-12-06,Mark Reynolds,Baltimore Orioles,Arizona Diamondbacks,1.04,,,,
2010-12-06,Kam Mickolio,Arizona Diamondbacks,Baltimore Orioles,-0.22,,,,
2010-12-06,Adrian Gonzalez,Boston Red Sox,San Diego Padres,9.88,,,,
2010-12-06,Casey Kelly,San Diego Padres,Boston Red Sox,-1.22,,,,
2010-12-06,Anthony Rizzo,San Diego Padres,Boston Red Sox,-0.35,,,,
2010-12-06,Shaun Marcum,Milwaukee Brewers,Toronto Blue Jays,4.46,,,,
2010-12-06,Brett Lawrie,Toronto Blue Jays,Milwaukee Brewers,12.67,,,,
2010-12-09,Cesar Valdez,Pittsburgh Pirates,Arizona Diamondbacks,0,,,,
2010-12-09,Jim Hoey,Minnesota Twins,Baltimore Orioles,-0.62,,,,
2010-12-09,J.J. Hardy,Baltimore Orioles,Minnesota Twins,4.4,,,,
2010-12-09,Brendan Harris,Baltimore Orioles,Minnesota Twins,0,,,,
2010-12-12,Brendan Ryan,Seattle Mariners,St. Louis Cardinals,7.49,,,,
2010-12-12,Maikel Cleto,St. Louis Cardinals,Seattle Mariners,-0.77,,,,
2010-12-16,Corey Brown,Washington Nationals,Oakland Athletics,0.25,,,,
2010-12-16,Jose Morales,Colorado Rockies,Minnesota Twins,-0.17,,,,
2010-12-16,Josh Willingham,Oakland Athletics,Washington Nationals,2.27,,,,
2010-12-16,Henry Alberto Rodriguez,Washington Nationals,Oakland Athletics,0,,,,
2010-12-16,Eric Patterson,San Diego Padres,Boston Red Sox,-0.26,,,,
2010-12-17,Jason Bartlett,San Diego Padres,Tampa Bay Rays,-1.01,,,,
2010-12-17,Adam Russell,Tampa Bay Rays,San Diego Padres,0.21,,,,
2010-12-17,Cesar Ramos,Tampa Bay Rays,San Diego Padres,1.34,,,,
2010-12-17,Cole Figueroa,Tampa Bay Rays,San Diego Padres,-0.1,,,,
2010-12-17,Brandon Gomes,Tampa Bay Rays,San Diego Padres,-0.09,,,,
2010-12-19,Zack Greinke,Milwaukee Brewers,Kansas City Royals,3.83,,,,
2010-12-19,Yuniesky Betancourt,Milwaukee Brewers,Kansas City Royals,-2.38,,,,
2010-12-19,Jeremy Jeffress,Kansas City Royals,Milwaukee Brewers,-0.56,,,,
2010-12-19,Alcides Escobar,Kansas City Royals,Milwaukee Brewers,8.23,,,,
2010-12-19,Lorenzo Cain,Kansas City Royals,Milwaukee Brewers,24.56,,,,
2010-12-19,Jake Odorizzi,Kansas City Royals,Milwaukee Brewers,0.05,,,,
2010-12-23,Matt Lindstrom,Colorado Rockies,Houston Astros,1.04,,,,
2010-12-23,Ryan Kelly,Oakland Athletics,Pittsburgh Pirates,0,,,,
2010-12-27,Chin-Lung Hu,New York Mets,Los Angeles Dodgers,-0.43,,,,
2011-01-08,Matt Garza,Chicago Cubs,Tampa Bay Rays,5.26,,,,
2011-01-08,Fernando Perez,Chicago Cubs,Tampa Bay Rays,0,,,,
2011-01-08,Zac Rosscup,Chicago Cubs,Tampa Bay Rays,-0.44,,,,
2011-01-08,Sam Fuld,Tampa Bay Rays,Chicago Cubs,2.33,,,,
2011-01-08,Chris Archer,Tampa Bay Rays,Chicago Cubs,12.15,,,,
2011-01-08,Brandon Guyer,Tampa Bay Rays,Chicago Cubs,4.71,,,,
2011-01-08,Robinson Chirinos,Tampa Bay Rays,Chicago Cubs,0.15,,,,
2011-01-08,Ryan Kelly,Texas Rangers,Oakland Athletics,0,,,,
2011-01-08,Guillermo Moscoso,Oakland Athletics,Texas Rangers,1.84,,,,
2011-01-10,Sergio Escalona,Houston Astros,Philadelphia Phillies,0.45,,,,
2011-01-10,Albert Cartwright,Philadelphia Phillies,Houston Astros,0,,,,
2011-01-17,Graham Hicks,Chicago Cubs,Washington Nationals,0,,,,
2011-01-19,Tom Gorzelanny,Washington Nationals,Chicago Cubs,1.64,,,,
2011-01-19,A.J. Morris,Chicago Cubs,Washington Nationals,0,,,,
2011-01-21,Vernon Wells,Los Angeles Angels,Toronto Blue Jays,-0.07,,,,
2011-01-21,Mike Napoli,Toronto Blue Jays,Los Angeles Angels,0,,,,
2011-01-21,Juan Rivera,Toronto Blue Jays,Los Angeles Angels,-0.24,,,,
2011-01-24,Clayton Mortensen,Colorado Rockies,Oakland Athletics,0.27,,,,
2011-01-24,Armando Galarraga,Arizona Diamondbacks,Detroit Tigers,-1.5,,,,
2011-01-24,Kevin Eichhorn,Detroit Tigers,Arizona Diamondbacks,0,,,,
2011-01-25,Frank Francisco,Toronto Blue Jays,Texas Rangers,1.11,,,,
2011-01-25,Mike Napoli,Texas Rangers,Toronto Blue Jays,7.37,,,,
2011-02-02,Justin Maxwell,New York Yankees,Washington Nationals,0,,,,
2011-02-02,Adam Olbrychowski,Washington Nationals,New York Yankees,0,,,,
2011-02-15,Robert Coello,Chicago Cubs,Boston Red Sox,0,,,,
2011-03-02,Aaron Laffey,Seattle Mariners,Cleveland Guardians,0.19,,,,
2011-03-25,Sergio Mitre,Milwaukee Brewers,New York Yankees,0.18,,,,
2011-03-25,Chris Dickerson,New York Yankees,Milwaukee Brewers,0.49,,,,
2011-03-25,Johnny Whittleman,Kansas City Royals,Texas Rangers,0,,,,
2011-03-27,Joe Inglett,Houston Astros,Tampa Bay Rays,-0.28,,,,
2011-03-27,Nyjer Morgan,Milwaukee Brewers,Washington Nationals,2.79,,,,
2011-03-27,Cutter Dykstra,Washington Nationals,Milwaukee Brewers,0,,,,
2011-03-28,Josh Fields,Colorado Rockies,Pittsburgh Pirates,0,,,,
2011-03-28,Erik Davis,Washington Nationals,San Diego Padres,0.1,,,,
2011-03-28,Alberto Gonzalez,San Diego Padres,Washington Nationals,-0.12,,,,
2011-03-29,Michael McKenry,Boston Red Sox,Colorado Rockies,0,,,,
2011-03-29,Eddie Kunz,San Diego Padres,New York Mets,0,,,,
2011-03-29,Allan Dykstra,New York Mets,San Diego Padres,0,,,,
2011-03-29,John Shelby,Tampa Bay Rays,Chicago White Sox,0,,,,
2011-03-30,Carlos Paulino,Pittsburgh Pirates,Miami Marlins,0,,,,
2011-03-30,Jim Negrych,Miami Marlins,Pittsburgh Pirates,0,,,,
2011-04-13,Victor Marte,St. Louis Cardinals,Kansas City Royals,-0.46,,,,
2011-04-16,Stefan Gartrell,Atlanta Braves,Chicago White Sox,0,,,,
2011-04-18,Danny Farquhar,Toronto Blue Jays,Oakland Athletics,-0.13,,,,
2011-04-18,David Purcey,Oakland Athletics,Toronto Blue Jays,0.31,,,,
2011-04-19,Chris Rahl,Washington Nationals,Arizona Diamondbacks,0,,,,
2011-04-22,Brad Emaus,Colorado Rockies,Toronto Blue Jays,0,,,,
2011-04-30,John Hester,Baltimore Orioles,Arizona Diamondbacks,0,,,,
2011-05-08,Gregor Blanco,Washington Nationals,Kansas City Royals,0,,,,
2011-05-20,Franklin Morales,Boston Red Sox,Colorado Rockies,0.68,,,,
2011-05-26,Rodrigo Lopez,Chicago Cubs,Atlanta Braves,-0.51,,,,
2011-05-26,Ryan Buchter,Atlanta Braves,Chicago Cubs,0.09,,,,
2011-05-27,Scott Sizemore,Oakland Athletics,Detroit Tigers,1.13,,,,
2011-05-27,Felipe Paulino,Kansas City Royals,Colorado Rockies,2.93,,,,
2011-05-27,David Purcey,Detroit Tigers,Oakland Athletics,-0.41,,,,
2011-05-31,Steve Tolleson,San Diego Padres,Oakland Athletics,0,,,,
2011-06-01,Lucas May,Arizona Diamondbacks,Kansas City Royals,0,,,,
2011-06-24,Steven Jackson,Pittsburgh Pirates,Cincinnati Reds,0,,,,
2011-06-30,Mickey Storey,Houston Astros,Oakland Athletics,0.31,,,,
2011-06-30,Mark Ellis,Colorado Rockies,Oakland Athletics,1.57,,,,
2011-06-30,Bruce Billings,Oakland Athletics,Colorado Rockies,-0.29,,,,
2011-07-01,Matt Torra,Tampa Bay Rays,Arizona Diamondbacks,0,,,,
2011-07-12,Francisco Rodriguez,Milwaukee Brewers,New York Mets,5.01,,,,
2011-07-19,Jeff Keppinger,San Francisco Giants,Houston Astros,-0.74,,,,
2011-07-19,Henry Sosa,Houston Astros,San Francisco Giants,-0.35,,,,
2011-07-19,Nick Green,Texas Rangers,Baltimore Orioles,0,,,,
2011-07-19,Zach Phillips,Baltimore Orioles,Texas Rangers,0.4,,,,
2011-07-20,Wilson Betemit,Detroit Tigers,Kansas City Royals,0.46,,,,
2011-07-26,Bill Rhinehart,Cincinnati Reds,Washington Nationals,0,,,,
2011-07-26,Jonny Gomes,Washington Nationals,Cincinnati Reds,-0.17,,,,
2011-07-26,Chris Manno,Cincinnati Reds,Washington Nationals,0,,,,
2011-07-27,Wil Nieves,Atlanta Braves,Milwaukee Brewers,0,,,,
2011-07-27,Octavio Dotel,St. Louis Cardinals,Toronto Blue Jays,0.2,,,,
2011-07-27,Zach Stewart,Chicago White Sox,Toronto Blue Jays,-1.14,,,,
2011-07-27,Jason Frasor,Chicago White Sox,Toronto Blue Jays,0.01,,,,
2011-07-27,Edwin Jackson,Toronto Blue Jays,Chicago White Sox,-1.64,,,,
2011-07-27,Mark Teahen,Toronto Blue Jays,Chicago White Sox,0.21,,,,
2011-07-27,Colby Rasmus,Toronto Blue Jays,St. Louis Cardinals,6.74,,,,
2011-07-27,Trever Miller,Toronto Blue Jays,St. Louis Cardinals,0.01,,,,
2011-07-27,Brian Tallet,Toronto Blue Jays,St. Louis Cardinals,-0.37,,,,
2011-07-27,P.J. Walters,Toronto Blue Jays,St. Louis Cardinals,0,,,,
2011-07-27,Marc Rzepczynski,St. Louis Cardinals,Toronto Blue Jays,-0.25,,,,
2011-07-27,Corey Patterson,St. Louis Cardinals,Toronto Blue Jays,-0.4,,,,
2011-07-28,Kosuke Fukudome,Cleveland Guardians,Chicago Cubs,-0.5,,,,
2011-07-28,Edwin Jackson,St. Louis Cardinals,Toronto Blue Jays,0.85,,,,
2011-07-28,Carlos Beltran,San Francisco Giants,New York Mets,1.17,,,,
2011-07-28,Zack Wheeler,New York Mets,San Francisco Giants,9.58,,,,
2011-07-29,Jarred Cosart,Houston Astros,Philadelphia Phillies,2.87,,,,
2011-07-29,Jon Singleton,Houston Astros,Philadelphia Phillies,-0.77,,,,
2011-07-29,Josh Zeid,Houston Astros,Philadelphia Phillies,-0.5,,,,
2011-07-30,Erik Komatsu,Washington Nationals,Milwaukee Brewers,0,,,,
2011-07-30,Hunter Pence,Philadelphia Phillies,Houston Astros,3.28,,,,
2011-07-30,Jason Marquis,Arizona Diamondbacks,Washington Nationals,-0.85,,,,
2011-07-30,Zach Walters,Washington Nationals,Arizona Diamondbacks,0.48,,,,
2011-07-30,Derrek Lee,Pittsburgh Pirates,Baltimore Orioles,0.86,,,,
2011-07-30,Koji Uehara,Texas Rangers,Baltimore Orioles,1.58,,,,
2011-07-30,Tommy Hunter,Baltimore Orioles,Texas Rangers,3.15,,,,
2011-07-30,Chris Davis,Baltimore Orioles,Texas Rangers,12.12,,,,
2011-07-30,Orlando Cabrera,San Francisco Giants,Cleveland Guardians,-0.03,,,,
2011-07-30,Thomas Neal,Cleveland Guardians,San Francisco Giants,-0.32,,,,
2011-07-30,Doug Fister,Detroit Tigers,Seattle Mariners,10,,,,
2011-07-30,David Pauley,Detroit Tigers,Seattle Mariners,-0.39,,,,
2011-07-30,Casper Wells,Seattle Mariners,Detroit Tigers,1.77,,,,
2011-07-30,Charlie Furbush,Seattle Mariners,Detroit Tigers,1.26,,,,
2011-07-30,Ubaldo Jimenez,Cleveland Guardians,Colorado Rockies,1.97,,,,
2011-07-30,Alex White,Colorado Rockies,Cleveland Guardians,-0.55,,,,
2011-07-30,Matt McBride,Colorado Rockies,Cleveland Guardians,-1.43,,,,
2011-07-30,Jerry Hairston,Milwaukee Brewers,Washington Nationals,0.99,,,,
2011-07-30,Mike Aviles,Boston Red Sox,Kansas City Royals,2.72,,,,
2011-07-30,Yamaico Navarro,Kansas City Royals,Boston Red Sox,0.07,,,,
2011-07-31,Tim Federowicz,Los Angeles Dodgers,Boston Red Sox,-0.43,,,,
2011-07-31,Alex White,Colorado Rockies,Cleveland Guardians,-0.55,,,,
2011-07-31,Joe Wieland,San Diego Padres,Texas Rangers,-0.5,,,,
2011-07-31,Brad Ziegler,Arizona Diamondbacks,Oakland Athletics,7.28,,,,
2011-07-31,Brandon Allen,Oakland Athletics,Arizona Diamondbacks,-0.32,,,,
2011-07-31,Jordan Norberto,Oakland Athletics,Arizona Diamondbacks,0.96,,,,
2011-07-31,Mike Adams,Texas Rangers,San Diego Padres,1.99,,,,
2011-07-31,Robbie Erlin,San Diego Padres,Texas Rangers,-0.2,,,,
2011-07-31,Erik Bedard,Boston Red Sox,Seattle Mariners,0.23,,,,
2011-07-31,Josh Fields,Boston Red Sox,Seattle Mariners,0,,,,
2011-07-31,Trayvon Robinson,Seattle Mariners,Los Angeles Dodgers,-0.1,,,,
2011-07-31,Stephen Fife,Los Angeles Dodgers,Boston Red Sox,0.77,,,,
2011-07-31,Rafael Furcal,St. Louis Cardinals,Los Angeles Dodgers,2.05,,,,
2011-07-31,Alex Castellanos,Los Angeles Dodgers,St. Louis Cardinals,-0.64,,,,
2011-07-31,Michael Bourn,Atlanta Braves,Houston Astros,6.47,,,,
2011-07-31,Juan Abreu,Houston Astros,Atlanta Braves,0.09,,,,
2011-07-31,Jordan Schafer,Houston Astros,Atlanta Braves,-1.05,,,,
2011-07-31,Brett Oberholtzer,Houston Astros,Atlanta Braves,3.15,,,,
2011-07-31,Paul Clemens,Houston Astros,Atlanta Braves,-1.11,,,,
2011-07-31,Aaron Baker,Baltimore Orioles,Pittsburgh Pirates,0,,,,
2011-08-06,Alfredo Amezaga,Miami Marlins,Colorado Rockies,0,,,,
2011-08-15,Domingo Santana,Houston Astros,Philadelphia Phillies,-0.42,,,,
2011-08-15,Delmon Young,Detroit Tigers,Minnesota Twins,-0.57,,,,
2011-08-15,Cole Nelson,Minnesota Twins,Detroit Tigers,0,,,,
2011-08-16,Drew Pomeranz,Colorado Rockies,Cleveland Guardians,1.56,,,,
2011-08-16,Lester Oliveros,Minnesota Twins,Detroit Tigers,0.02,,,,
2011-08-17,Chance Ruffin,Seattle Mariners,Detroit Tigers,-0.48,,,,
2011-08-23,Kevin Kouzmanoff,Colorado Rockies,Oakland Athletics,-0.08,,,,
2011-08-23,Aaron Hill,Arizona Diamondbacks,Toronto Blue Jays,6.76,,,,
2011-08-23,John McDonald,Arizona Diamondbacks,Toronto Blue Jays,1.31,,,,
2011-08-23,Kelly Johnson,Toronto Blue Jays,Arizona Diamondbacks,2.83,,,,
2011-08-26,Jim Thome,Cleveland Guardians,Minnesota Twins,0.56,,,,
2011-08-29,John Bowker,Philadelphia Phillies,Pittsburgh Pirates,-0.35,,,,
2011-08-31,Conor Jackson,Boston Red Sox,Oakland Athletics,-0.39,,,,
2011-08-31,Matt Diaz,Atlanta Braves,Pittsburgh Pirates,-1.08,,,,
2011-08-31,Michael Gonzalez,Texas Rangers,Baltimore Orioles,0,,,,
2011-08-31,Jack Wilson,Atlanta Braves,Seattle Mariners,-0.98,,,,
2011-09-01,Daniel Herrera,New York Mets,Milwaukee Brewers,0,,,,
2011-09-01,Pedro Strop,Baltimore Orioles,Texas Rangers,2.38,,,,
2011-09-23,Mike Zagurski,Arizona Diamondbacks,Philadelphia Phillies,-0.41,,,,
2011-09-27,Ethan Hollingsworth,Kansas City Royals,Oakland Athletics,0,,,,
2011-09-27,Kila Ka'aihue,Oakland Athletics,Kansas City Royals,-0.16,,,,
2011-09-29,Ozzie Martinez,Chicago White Sox,Miami Marlins,0,,,,
2011-09-29,Ozzie Guillen,Miami Marlins,Chicago White Sox,0,,,,
2011-09-29,Jhan Marinez,Chicago White Sox,Miami Marlins,0.17,,,,
2011-09-30,Eliezer Mesa,Oakland Athletics,Colorado Rockies,0,,,,
2011-10-31,Derek Lowe,Cleveland Guardians,Atlanta Braves,-0.36,,,,
2011-11-07,Jonathan Sanchez,Kansas City Royals,San Francisco Giants,-1.25,,,,
2011-11-07,Melky Cabrera,San Francisco Giants,Kansas City Royals,4.82,,,,
2011-11-07,Ryan Verdugo,Kansas City Royals,San Francisco Giants,-0.32,,,,
2011-11-22,John Baker,San Diego Padres,Miami Marlins,0.2,,,,
2011-11-22,Wade LeBlanc,Miami Marlins,San Diego Padres,0,,,,
2011-11-27,Josh Lueke,Tampa Bay Rays,Seattle Mariners,-0.8,,,,
2011-11-27,John Jaso,Seattle Mariners,Tampa Bay Rays,3.35,,,,
2011-11-30,Chris Iannetta,Los Angeles Angels,Colorado Rockies,5.96,,,,
2011-12-01,Taylor Teagarden,Baltimore Orioles,Texas Rangers,-0.52,,,,
2011-12-03,Jeff Mathis,Toronto Blue Jays,Los Angeles Angels,0.67,,,,
2011-12-03,Brad Mills,Los Angeles Angels,Toronto Blue Jays,0.3,,,,
2011-12-06,Sergio Santos,Toronto Blue Jays,Chicago White Sox,-0.71,,,,
2011-12-06,Kevin Slowey,Colorado Rockies,Minnesota Twins,0,,,,
2011-12-07,Yonder Alonso,San Diego Padres,Cincinnati Reds,5.76,,,,
2011-12-07,Angel Pagan,San Francisco Giants,New York Mets,6.33,,,,
2011-12-07,Huston Street,San Diego Padres,Colorado Rockies,3.82,,,,
2011-12-07,Andres Torres,New York Mets,San Francisco Giants,1.5,,,,
2011-12-07,Ramon Ramirez,New York Mets,San Francisco Giants,0.01,,,,
2011-12-07,Yamaico Navarro,Pittsburgh Pirates,Kansas City Royals,-0.15,,,,
2011-12-07,Brooks Pounders,Kansas City Royals,Pittsburgh Pirates,-0.59,,,,
2011-12-08,Tyler Colvin,Colorado Rockies,Chicago Cubs,1.1,,,,
2011-12-08,DJ LeMahieu,Colorado Rockies,Chicago Cubs,16.58,,,,
2011-12-08,Ian Stewart,Chicago Cubs,Colorado Rockies,0.03,,,,
2011-12-08,Dana Eveland,Baltimore Orioles,Los Angeles Dodgers,0.14,,,,
2011-12-08,Tyler Henson,Los Angeles Dodgers,Baltimore Orioles,0,,,,
2011-12-09,Trevor Cahill,Arizona Diamondbacks,Oakland Athletics,0.61,,,,
2011-12-09,Craig Breslow,Arizona Diamondbacks,Oakland Athletics,0.71,,,,
2011-12-09,Nick Schmidt,Colorado Rockies,San Diego Padres,0,,,,
2011-12-09,Collin Balester,Detroit Tigers,Washington Nationals,-0.24,,,,
2011-12-09,Jarrod Parker,Oakland Athletics,Arizona Diamondbacks,6.03,,,,
2011-12-09,Ryan Perry,Washington Nationals,Detroit Tigers,-0.38,,,,
2011-12-09,Ryan Cook,Oakland Athletics,Arizona Diamondbacks,4.29,,,,
2011-12-09,Collin Cowgill,Oakland Athletics,Arizona Diamondbacks,0.38,,,,
2011-12-09,Marwin Gonzalez,Houston Astros,Boston Red Sox,12.02,,,,
2011-12-09,Marco Antonio Duarte,Boston Red Sox,Houston Astros,0,,,,
2011-12-12,Burke Badenhop,Tampa Bay Rays,Miami Marlins,0.74,,,,
2011-12-12,Frank Gailey,Philadelphia Phillies,Toronto Blue Jays,0,,,,
2011-12-12,Ben Francisco,Toronto Blue Jays,Philadelphia Phillies,-0.13,,,,
2011-12-12,Jose Veras,Milwaukee Brewers,Pittsburgh Pirates,0.53,,,,
2011-12-12,Casey McGehee,Pittsburgh Pirates,Milwaukee Brewers,0.38,,,,
2011-12-14,Jed Lowrie,Houston Astros,Boston Red Sox,3.4,,,,
2011-12-14,Kyle Weiland,Houston Astros,Boston Red Sox,-0.26,,,,
2011-12-14,Mark Melancon,Boston Red Sox,Houston Astros,-0.61,,,,
2011-12-16,Aaron Cunningham,Cleveland Guardians,San Diego Padres,-0.65,,,,
2011-12-16,Cory Burns,San Diego Padres,Cleveland Guardians,-0.16,,,,
2011-12-17,Edinson Volquez,San Diego Padres,Cincinnati Reds,-1.65,,,,
2011-12-17,Yasmani Grandal,San Diego Padres,Cincinnati Reds,4.28,,,,
2011-12-17,Mat Latos,Cincinnati Reds,San Diego Padres,7.96,,,,
2011-12-17,Yonder Alonso,San Diego Padres,Cincinnati Reds,5.76,,,,
2011-12-17,Brad Boxberger,San Diego Padres,Cincinnati Reds,0.18,,,,
2011-12-21,Luis Martinez,Texas Rangers,San Diego Padres,-0.3,,,,
2011-12-21,Ryan Kelly,San Diego Padres,Texas Rangers,0,,,,
2011-12-23,Tommy Milone,Oakland Athletics,Washington Nationals,3.75,,,,
2011-12-23,Sean Marshall,Cincinnati Reds,Chicago Cubs,1.09,,,,
2011-12-23,Travis Wood,Chicago Cubs,Cincinnati Reds,7.33,,,,
2011-12-23,Dave Sappelt,Chicago Cubs,Cincinnati Reds,0.28,,,,
2011-12-23,Ronald Torreyes,Chicago Cubs,Cincinnati Reds,0,,,,
2011-12-23,Gio Gonzalez,Washington Nationals,Oakland Athletics,19.29,,,,
2011-12-23,Brad Peacock,Oakland Athletics,Washington Nationals,0,,,,
2011-12-23,Derek Norris,Oakland Athletics,Washington Nationals,6.15,,,,
2011-12-23,A.J. Cole,Oakland Athletics,Washington Nationals,0,,,,
2011-12-28,Andrew Bailey,Boston Red Sox,Oakland Athletics,-0.31,,,,
2011-12-28,Ryan Sweeney,Boston Red Sox,Oakland Athletics,0.7,,,,
2011-12-28,Josh Reddick,Oakland Athletics,Boston Red Sox,16.5,,,,
2011-12-28,Raul Alcantara,Oakland Athletics,Boston Red Sox,-0.62,,,,
2011-12-31,Carlos Quentin,San Diego Padres,Chicago White Sox,3.03,,,,
2011-12-31,Simon Castro,Chicago White Sox,San Diego Padres,0.15,,,,
2011-12-31,Pedro Hernandez,Chicago White Sox,San Diego Padres,-0.32,,,,
2012-01-01,Jason Frasor,Toronto Blue Jays,Chicago White Sox,0.35,,,,
2012-01-01,Myles Jaye,Chicago White Sox,Toronto Blue Jays,0,,,,
2012-01-01,Daniel Webb,Chicago White Sox,Toronto Blue Jays,-0.18,,,,
2012-01-05,Carlos Zambrano,Miami Marlins,Chicago Cubs,0.72,,,,
2012-01-05,Chris Volstad,Chicago Cubs,Miami Marlins,-1.46,,,,
2012-01-05,Greg Reynolds,Texas Rangers,Colorado Rockies,0,,,,
2012-01-06,Andrew Cashner,San Diego Padres,Chicago Cubs,3.97,,,,
2012-01-06,Anthony Rizzo,Chicago Cubs,San Diego Padres,37.12,,,,
2012-01-06,Kyung-Min Na,San Diego Padres,Chicago Cubs,0,,,,
2012-01-16,Seth Smith,Oakland Athletics,Colorado Rockies,2.27,,,,
2012-01-16,Guillermo Moscoso,Colorado Rockies,Oakland Athletics,0.23,,,,
2012-01-16,Josh Outman,Colorado Rockies,Oakland Athletics,-0.2,,,,
2012-01-20,Zach Putnam,Colorado Rockies,Cleveland Guardians,0.09,,,,
2012-01-20,Kevin Slowey,Cleveland Guardians,Colorado Rockies,0,,,,
2012-01-21,Marco Scutaro,Colorado Rockies,Boston Red Sox,0.05,,,,
2012-01-21,Clayton Mortensen,Boston Red Sox,Colorado Rockies,0.36,,,,
2012-01-23,Jesus Montero,Seattle Mariners,New York Yankees,-1.01,,,,
2012-01-23,Hector Noesi,Seattle Mariners,New York Yankees,-1.32,,,,
2012-01-23,Michael Pineda,New York Yankees,Seattle Mariners,6.16,,,,
2012-01-23,Jose Campos,New York Yankees,Seattle Mariners,0,,,,
2012-01-25,Jeremy Horst,Philadelphia Phillies,Cincinnati Reds,0.43,,,,
2012-01-25,Wilson Valdez,Cincinnati Reds,Philadelphia Phillies,-1.68,,,,
2012-02-06,Jeremy Guthrie,Colorado Rockies,Baltimore Orioles,-0.61,,,,
2012-02-06,Jason Hammel,Baltimore Orioles,Colorado Rockies,2.42,,,,
2012-02-06,Matt Lindstrom,Baltimore Orioles,Colorado Rockies,0.69,,,,
2012-02-19,Exicardo Cayones,New York Yankees,Pittsburgh Pirates,0,,,,
2012-02-19,A.J. Burnett,Pittsburgh Pirates,New York Yankees,2.2,,,,
2012-02-19,Diego Moreno,New York Yankees,Pittsburgh Pirates,0,,,,
2012-02-21,Chris Carpenter,Boston Red Sox,Chicago Cubs,-0.21,,,,
2012-02-21,Kelvin De La Cruz,Texas Rangers,Cleveland Guardians,0,,,,
2012-03-15,Aaron Kurcz,Boston Red Sox,Chicago Cubs,0,,,,
2012-03-20,Kevin Chapman,Kansas City Royals,Houston Astros,0,,,,
2012-03-20,Jason Bourgeois,Kansas City Royals,Houston Astros,-0.64,,,,
2012-03-20,Humberto Quintero,Kansas City Royals,Houston Astros,0.34,,,,
2012-03-28,Christian Marrero,Atlanta Braves,Chicago White Sox,0,,,,
2012-03-29,Jairo Asencio,Cleveland Guardians,Atlanta Braves,-0.19,,,,
2012-03-30,Matt Rizzotti,Minnesota Twins,Philadelphia Phillies,0,,,,
2012-03-30,Ryota Igarashi,Toronto Blue Jays,Pittsburgh Pirates,-0.3,,,,
2012-03-31,Robby Rowland,Pittsburgh Pirates,Arizona Diamondbacks,0,,,,
2012-03-31,Kyle Hudson,Tampa Bay Rays,Texas Rangers,0,,,,
2012-04-01,Juan Francisco,Atlanta Braves,Cincinnati Reds,0.47,,,,
2012-04-01,J.J. Hoover,Cincinnati Reds,Atlanta Braves,0,,,,
2012-04-04,Chris Stewart,New York Yankees,San Francisco Giants,0.83,,,,
2012-04-04,George Kontos,San Francisco Giants,New York Yankees,3.34,,,,
2012-04-04,Cedric Hunter,St. Louis Cardinals,Oakland Athletics,0,,,,
2012-04-06,Brian Tallet,San Diego Padres,Pittsburgh Pirates,0,,,,
2012-04-10,Jose Castro,Chicago White Sox,Cincinnati Reds,0,,,,
2012-04-19,Zach Miner,Detroit Tigers,Kansas City Royals,0,,,,
2012-04-21,Michael Bowden,Chicago Cubs,Boston Red Sox,0.77,,,,
2012-04-21,Josh Bell,Arizona Diamondbacks,Pittsburgh Pirates,-0.4,,,,
2012-04-21,Marlon Byrd,Boston Red Sox,Chicago Cubs,-0.16,,,,
2012-05-03,Ernesto Frieri,Los Angeles Angels,San Diego Padres,1.06,,,,
2012-05-03,Alexi Amarista,San Diego Padres,Los Angeles Angels,1.16,,,,
2012-05-03,Donn Roach,San Diego Padres,Los Angeles Angels,-0.15,,,,
2012-05-04,Ryan Spilborghs,Texas Rangers,Cleveland Guardians,0,,,,
2012-05-07,Loek Van Mil,Cleveland Guardians,Los Angeles Angels,0,,,,
2012-05-12,Scott Podsednik,Boston Red Sox,Philadelphia Phillies,0.33,,,,
2012-05-12,Mike Belfiore,Baltimore Orioles,Arizona Diamondbacks,-0.06,,,,
2012-05-15,Hunter Cervenka,Chicago Cubs,Boston Red Sox,0,,,,
2012-05-16,Kyle Hudson,Philadelphia Phillies,Tampa Bay Rays,0,,,,
2012-05-16,Rich Thompson,Tampa Bay Rays,Philadelphia Phillies,-0.52,,,,
2012-05-17,Jamie Romak,St. Louis Cardinals,Kansas City Royals,0,,,,
2012-05-19,Koyie Hill,Chicago Cubs,Cincinnati Reds,-0.24,,,,
2012-05-20,Drew Sutton,Pittsburgh Pirates,Atlanta Braves,-0.5,,,,
2012-05-21,Drew Sutton,Tampa Bay Rays,Pittsburgh Pirates,0.1,,,,
2012-05-24,Paul Phillips,Toronto Blue Jays,Milwaukee Brewers,0,,,,
2012-05-26,Justin Ruggiano,Miami Marlins,Houston Astros,2.67,,,,
2012-05-26,Jobduan Morales,Houston Astros,Miami Marlins,0,,,,
2012-06-02,Steve Pearce,Baltimore Orioles,New York Yankees,6.85,,,,
2012-06-05,Ruben Gotay,Atlanta Braves,Toronto Blue Jays,0,,,,
2012-06-09,Kris Watts,Washington Nationals,Pittsburgh Pirates,0,,,,
2012-06-12,Esmil Rogers,Cleveland Guardians,Colorado Rockies,1.12,,,,
2012-06-16,Cole McCurry,Atlanta Braves,Baltimore Orioles,0,,,,
2012-06-17,Jason Christian,Atlanta Braves,Cincinnati Reds,0,,,,
2012-06-21,Sean O'Sullivan,Toronto Blue Jays,Kansas City Royals,0,,,,
2012-06-22,Beau Mills,Cincinnati Reds,Cleveland Guardians,0,,,,
2012-06-24,Brent Lillibridge,Boston Red Sox,Chicago White Sox,-0.3,,,,
2012-06-24,Zach Stewart,Boston Red Sox,Chicago White Sox,-0.66,,,,
2012-06-24,Kevin Youkilis,Chicago White Sox,Boston Red Sox,1.4,,,,
2012-06-27,Shairon Martis,Minnesota Twins,Pittsburgh Pirates,0.01,,,,
2012-06-30,Kyle Simon,Philadelphia Phillies,Baltimore Orioles,0,,,,
2012-07-01,Jim Thome,Baltimore Orioles,Philadelphia Phillies,0,,,,
2012-07-01,Chad Qualls,New York Yankees,Philadelphia Phillies,-0.07,,,,
2012-07-01,Gabriel Lino,Philadelphia Phillies,Baltimore Orioles,0,,,,
2012-07-04,Carlos Lee,Miami Marlins,Houston Astros,-0.39,,,,
2012-07-04,Rob Rasmussen,Houston Astros,Miami Marlins,0,,,,
2012-07-04,Matt Dominguez,Houston Astros,Miami Marlins,1.76,,,,
2012-07-10,Ozzie Martinez,Los Angeles Dodgers,Chicago White Sox,0,,,,
2012-07-14,Todd Redmond,Cincinnati Reds,Atlanta Braves,-0.2,,,,
2012-07-14,Paul Janish,Atlanta Braves,Cincinnati Reds,-0.57,,,,
2012-07-19,Justin Germano,Chicago Cubs,Boston Red Sox,-1.32,,,,
2012-07-19,Dan Brewer,Atlanta Braves,New York Yankees,0,,,,
2012-07-20,Jonathan Sanchez,Colorado Rockies,Kansas City Royals,-0.39,,,,
2012-07-20,Jeremy Guthrie,Kansas City Royals,Colorado Rockies,3.61,,,,
2012-07-20,Francisco Cordero,Houston Astros,Toronto Blue Jays,-0.91,,,,
2012-07-20,Joe Musgrove,Houston Astros,Toronto Blue Jays,0.56,,,,
2012-07-20,David Rollins,Houston Astros,Toronto Blue Jays,0,,,,
2012-07-20,Brandon Lyon,Toronto Blue Jays,Houston Astros,0.55,,,,
2012-07-20,J.A. Happ,Toronto Blue Jays,Houston Astros,0,,,,
2012-07-20,Omar Quintanilla,Baltimore Orioles,New York Mets,-0.32,,,,
2012-07-20,David Carpenter,Toronto Blue Jays,Houston Astros,-0.35,,,,
2012-07-20,Carlos Perez,Houston Astros,Toronto Blue Jays,0,,,,
2012-07-20,Asher Wojciechowski,Houston Astros,Toronto Blue Jays,-0.39,,,,
2012-07-20,Ben Francisco,Houston Astros,Toronto Blue Jays,-0.73,,,,
2012-07-22,Brett Myers,Chicago White Sox,Houston Astros,0.83,,,,
2012-07-22,Matt Heidenreich,Houston Astros,Chicago White Sox,0,,,,
2012-07-22,Blair Walters,Houston Astros,Chicago White Sox,0,,,,
2012-07-23,Omar Infante,Detroit Tigers,Miami Marlins,3.36,,,,
2012-07-23,Anibal Sanchez,Detroit Tigers,Miami Marlins,8.49,,,,
2012-07-23,Jacob Turner,Miami Marlins,Detroit Tigers,0.25,,,,
2012-07-23,D.J. Mitchell,Seattle Mariners,New York Yankees,0,,,,
2012-07-23,Ichiro Suzuki,New York Yankees,Seattle Mariners,3.31,,,,
2012-07-23,Rob Brantly,Miami Marlins,Detroit Tigers,-1.25,,,,
2012-07-23,Brian Flynn,Miami Marlins,Detroit Tigers,-0.82,,,,
2012-07-23,Danny Farquhar,Seattle Mariners,New York Yankees,0.38,,,,
2012-07-23,Barry Enright,Los Angeles Angels,Arizona Diamondbacks,-0.92,,,,
2012-07-24,Barry Enright,Los Angeles Angels,Arizona Diamondbacks,-0.92,,,,
2012-07-24,Brent Lillibridge,Cleveland Guardians,Boston Red Sox,-0.07,,,,
2012-07-24,Jose De La Torre,Boston Red Sox,Cleveland Guardians,-0.13,,,,
2012-07-24,Wandy Rodriguez,Pittsburgh Pirates,Houston Astros,0.18,,,,
2012-07-24,Colton Cain,Houston Astros,Pittsburgh Pirates,0,,,,
2012-07-24,Rudy Owens,Houston Astros,Pittsburgh Pirates,-0.17,,,,
2012-07-24,Robbie Grossman,Houston Astros,Pittsburgh Pirates,1.78,,,,
2012-07-25,Randy Choate,Los Angeles Dodgers,Miami Marlins,0.07,,,,
2012-07-25,Hanley Ramirez,Los Angeles Dodgers,Miami Marlins,9.7,,,,
2012-07-25,Nathan Eovaldi,Miami Marlins,Los Angeles Dodgers,2.94,,,,
2012-07-25,Ryan Roberts,Tampa Bay Rays,Arizona Diamondbacks,0.9,,,,
2012-07-25,Tyler Bortnick,Arizona Diamondbacks,Tampa Bay Rays,0,,,,
2012-07-25,Scott McGough,Miami Marlins,Los Angeles Dodgers,-0.21,,,,
2012-07-26,Brad Davis,Detroit Tigers,Miami Marlins,0,,,,
2012-07-27,Jean Segura,Milwaukee Brewers,Los Angeles Angels,5.78,,,,
2012-07-27,Ariel Pena,Milwaukee Brewers,Los Angeles Angels,-0.12,,,,
2012-07-27,Zack Greinke,Los Angeles Angels,Milwaukee Brewers,1.47,,,,
2012-07-27,Johnny Hellweg,Milwaukee Brewers,Los Angeles Angels,-1.38,,,,
2012-07-28,Marco Scutaro,San Francisco Giants,Colorado Rockies,4.02,,,,
2012-07-28,Charlie Culberson,Colorado Rockies,San Francisco Giants,-1.89,,,,
2012-07-28,George Kottaras,Oakland Athletics,Milwaukee Brewers,0.32,,,,
2012-07-28,Eduardo Escobar,Minnesota Twins,Chicago White Sox,5.61,,,,
2012-07-28,Pedro Hernandez,Minnesota Twins,Chicago White Sox,-0.74,,,,
2012-07-29,Francisco Liriano,Chicago White Sox,Minnesota Twins,0.22,,,,
2012-07-29,Eduardo Escobar,Minnesota Twins,Chicago White Sox,5.61,,,,
2012-07-29,Pedro Hernandez,Minnesota Twins,Chicago White Sox,-0.74,,,,
2012-07-29,George Kottaras,Oakland Athletics,Milwaukee Brewers,0.32,,,,
2012-07-29,Chris Johnson,Arizona Diamondbacks,Houston Astros,0.46,,,,
2012-07-29,Christian Marrero,Pittsburgh Pirates,Atlanta Braves,0,,,,
2012-07-29,Brian Friday,Atlanta Braves,Pittsburgh Pirates,0,,,,
2012-07-29,Bobby Borchering,Houston Astros,Arizona Diamondbacks,0,,,,
2012-07-29,Marc Krauss,Houston Astros,Arizona Diamondbacks,-0.6,,,,
2012-07-29,Fautino De Los Santos,Milwaukee Brewers,Oakland Athletics,0,,,,
2012-07-30,Travis Snider,Pittsburgh Pirates,Toronto Blue Jays,1.22,,,,
2012-07-30,Brad Lincoln,Toronto Blue Jays,Pittsburgh Pirates,-0.41,,,,
2012-07-30,Brandon League,Los Angeles Dodgers,Seattle Mariners,0.25,,,,
2012-07-31,Eric Thames,Seattle Mariners,Toronto Blue Jays,0,,,,
2012-07-31,Steve Delabar,Toronto Blue Jays,Seattle Mariners,0.53,,,,
2012-07-31,Brad Lincoln,Toronto Blue Jays,Pittsburgh Pirates,-0.41,,,,
2012-07-31,Travis Snider,Pittsburgh Pirates,Toronto Blue Jays,1.22,,,,
2012-07-31,Reed Johnson,Atlanta Braves,Chicago Cubs,-0.39,,,,
2012-07-31,Paul Maholm,Atlanta Braves,Chicago Cubs,-0.23,,,,
2012-07-31,Arodys Vizcaino,Chicago Cubs,Atlanta Braves,0,,,,
2012-07-31,Jaye Chapman,Chicago Cubs,Atlanta Braves,0.12,,,,
2012-07-31,Brandon League,Los Angeles Dodgers,Seattle Mariners,0.25,,,,
2012-07-31,Logan Bawcom,Seattle Mariners,Los Angeles Dodgers,0,,,,
2012-07-31,Leon Landry,Seattle Mariners,Los Angeles Dodgers,0,,,,
2012-07-31,Geovany Soto,Texas Rangers,Chicago Cubs,0.74,,,,
2012-07-31,Jake Brigham,Chicago Cubs,Texas Rangers,0,,,,
2012-07-31,Shane Victorino,Los Angeles Dodgers,Philadelphia Phillies,1.11,,,,
2012-07-31,Josh Lindblom,Philadelphia Phillies,Los Angeles Dodgers,-0.45,,,,
2012-07-31,Hunter Pence,San Francisco Giants,Philadelphia Phillies,9.89,,,,
2012-07-31,Nate Schierholtz,Philadelphia Phillies,San Francisco Giants,-0.1,,,,
2012-07-31,Seth Rosin,Philadelphia Phillies,San Francisco Giants,-0.15,,,,
2012-07-31,Craig Breslow,Boston Red Sox,Arizona Diamondbacks,1,,,,
2012-07-31,Matt Albers,Arizona Diamondbacks,Boston Red Sox,0.39,,,,
2012-07-31,Scott Podsednik,Arizona Diamondbacks,Boston Red Sox,0,,,,
2012-07-31,Gaby Sanchez,Pittsburgh Pirates,Miami Marlins,0.79,,,,
2012-07-31,Gorkys Hernandez,Miami Marlins,Pittsburgh Pirates,-0.75,,,,
2012-07-31,Edward Mujica,St. Louis Cardinals,Miami Marlins,2.77,,,,
2012-07-31,Zack Cox,Miami Marlins,St. Louis Cardinals,0,,,,
2012-07-31,Lars Anderson,Cleveland Guardians,Boston Red Sox,0,,,,
2012-07-31,Jonathan Broxton,Cincinnati Reds,Kansas City Royals,1.66,,,,
2012-07-31,Donnie Joseph,Kansas City Royals,Cincinnati Reds,0.16,,,,
2012-07-31,Chad Qualls,Pittsburgh Pirates,New York Yankees,-0.3,,,,
2012-07-31,Casey McGehee,New York Yankees,Pittsburgh Pirates,-0.66,,,,
2012-07-31,Ryan Dempster,Texas Rangers,Chicago Cubs,0.17,,,,
2012-07-31,Christian Villanueva,Chicago Cubs,Texas Rangers,0,,,,
2012-07-31,Kyle Hendricks,Chicago Cubs,Texas Rangers,21.06,,,,
2012-07-31,Ethan Martin,Philadelphia Phillies,Los Angeles Dodgers,-0.55,,,,
2012-07-31,Tommy Joseph,Philadelphia Phillies,San Francisco Giants,-0.45,,,,
2012-07-31,Steven Wright,Boston Red Sox,Cleveland Guardians,2.95,,,,
2012-07-31,Kyle Kaminska,Pittsburgh Pirates,Miami Marlins,0,,,,
2012-07-31,Juan Carlos Sulbaran,Kansas City Royals,Cincinnati Reds,0,,,,
2012-08-03,Kurt Suzuki,Washington Nationals,Oakland Athletics,0.82,,,,
2012-08-03,David Freitas,Oakland Athletics,Washington Nationals,0,,,,
2012-08-03,Garrett Mock,Houston Astros,Boston Red Sox,0,,,,
2012-08-03,Chris Devenski,Houston Astros,Chicago White Sox,4.24,,,,
2012-08-03,Joe Blanton,Los Angeles Dodgers,Philadelphia Phillies,1.95,,,,
2012-08-04,Pat Neshek,Oakland Athletics,Baltimore Orioles,1.32,,,,
2012-08-04,Tuffy Gosewisch,Toronto Blue Jays,Philadelphia Phillies,0,,,,
2012-08-05,Danny Valencia,Boston Red Sox,Minnesota Twins,-0.13,,,,
2012-08-05,Jeremias Pineda,Minnesota Twins,Boston Red Sox,0,,,,
2012-08-05,Jeff Baker,Detroit Tigers,Chicago Cubs,-0.35,,,,
2012-08-09,Tyler Greene,Houston Astros,St. Louis Cardinals,-0.08,,,,
2012-08-10,Tyler Kuhn,Arizona Diamondbacks,Chicago White Sox,0,,,,
2012-08-13,Carlos Rojas,Cleveland Guardians,Baltimore Orioles,0,,,,
2012-08-13,J.C. Romero,Baltimore Orioles,Cleveland Guardians,0,,,,
2012-08-14,Kelly Shoppach,New York Mets,Boston Red Sox,0.1,,,,
2012-08-16,Daniel Cabrera,Arizona Diamondbacks,Pittsburgh Pirates,0,,,,
2012-08-16,Pedro Beato,Boston Red Sox,New York Mets,0.03,,,,
2012-08-16,Ryan O'Sullivan,Philadelphia Phillies,Los Angeles Dodgers,0,,,,
2012-08-16,Kevin Comer,Houston Astros,Toronto Blue Jays,0,,,,
2012-08-22,Stephen Drew,Oakland Athletics,Arizona Diamondbacks,0.06,,,,
2012-08-22,Sean Jamieson,Arizona Diamondbacks,Oakland Athletics,0,,,,
2012-08-24,Jesse Chavez,Oakland Athletics,Toronto Blue Jays,2.5,,,,
2012-08-25,Ivan De Jesus,Boston Red Sox,Los Angeles Dodgers,-0.3,,,,
2012-08-25,James Loney,Boston Red Sox,Los Angeles Dodgers,-0.25,,,,
2012-08-25,Jerry Sands,Boston Red Sox,Los Angeles Dodgers,0,,,,
2012-08-25,Allen Webster,Boston Red Sox,Los Angeles Dodgers,-1.41,,,,
2012-08-25,Josh Beckett,Los Angeles Dodgers,Boston Red Sox,2.34,,,,
2012-08-25,Adrian Gonzalez,Los Angeles Dodgers,Boston Red Sox,14.35,,,,
2012-08-25,Nick Punto,Los Angeles Dodgers,Boston Red Sox,2.33,,,,
2012-08-25,Carl Crawford,Los Angeles Dodgers,Boston Red Sox,2.73,,,,
2012-08-26,Matt Lindstrom,Arizona Diamondbacks,Baltimore Orioles,0.25,,,,
2012-08-26,Joe Saunders,Baltimore Orioles,Arizona Diamondbacks,0.57,,,,
2012-08-27,Steve Pearce,New York Yankees,Houston Astros,-0.07,,,,
2012-08-27,Anthony Recker,Chicago Cubs,Oakland Athletics,0.12,,,,
2012-08-27,Blake Lalli,Oakland Athletics,Chicago Cubs,0,,,,
2012-08-31,Ben Francisco,Tampa Bay Rays,Houston Astros,-0.14,,,,
2012-09-01,Jeff Baker,Atlanta Braves,Detroit Tigers,-0.38,,,,
2012-09-02,Frazier Hall,Arizona Diamondbacks,Los Angeles Angels,0,,,,
2012-09-05,Guillermo Quiroz,Boston Red Sox,Seattle Mariners,-0.05,,,,
2012-09-21,Theron Geith,Houston Astros,Tampa Bay Rays,0,,,,
2012-09-22,Yorvit Torrealba,Milwaukee Brewers,Toronto Blue Jays,-0.09,,,,
2012-09-25,Greg Ross,Detroit Tigers,Atlanta Braves,0,,,,
2012-09-28,Stefan Jarrin,Philadelphia Phillies,Los Angeles Dodgers,0,,,,
2012-10-04,Rubby De La Rosa,Boston Red Sox,Los Angeles Dodgers,0.3,,,,
2012-10-04,Jerry Sands,Boston Red Sox,Los Angeles Dodgers,0,,,,
2012-10-16,Marcelo Carreno,Chicago Cubs,Detroit Tigers,0,,,,
2012-10-20,Chris Young,Oakland Athletics,Arizona Diamondbacks,-0.37,,,,
2012-10-20,Heath Bell,Arizona Diamondbacks,Miami Marlins,-0.16,,,,
2012-10-21,David Carpenter,Boston Red Sox,Toronto Blue Jays,0,,,,
2012-10-21,Mike Aviles,Toronto Blue Jays,Boston Red Sox,0,,,,
2012-10-21,Cliff Pennington,Arizona Diamondbacks,Oakland Athletics,2.89,,,,
2012-10-21,Yordy Cabrera,Arizona Diamondbacks,Oakland Athletics,0,,,,
2012-10-21,John Farrell,Boston Red Sox,Toronto Blue Jays,0,,,,
2012-10-22,Yordy Cabrera,Miami Marlins,Arizona Diamondbacks,0,,,,
2012-10-31,Brandon Sisk,Los Angeles Angels,Kansas City Royals,0,,,,
2012-11-01,Ervin Santana,Kansas City Royals,Los Angeles Angels,3.67,,,,
2012-11-03,Mike Aviles,Cleveland Guardians,Toronto Blue Jays,-0.47,,,,
2012-11-03,Yan Gomes,Cleveland Guardians,Toronto Blue Jays,12.18,,,,
2012-11-03,Esmil Rogers,Toronto Blue Jays,Cleveland Guardians,-0.01,,,,
2012-11-07,Blake Tekotte,Chicago White Sox,San Diego Padres,-0.19,,,,
2012-11-07,Branch Kloess,San Diego Padres,Chicago White Sox,0,,,,
2012-11-08,Jeremy Jeffress,Toronto Blue Jays,Kansas City Royals,0.36,,,,
2012-11-08,Kenneth Williams,Colorado Rockies,Chicago White Sox,0,,,,
2012-11-08,Mark Tracy,Chicago White Sox,Colorado Rockies,0,,,,
2012-11-08,Tommy Hottovy,Texas Rangers,Kansas City Royals,0,,,,
2012-11-16,Tyson Ross,San Diego Padres,Oakland Athletics,8.43,,,,
2012-11-16,A.J. Kirby-Jones,San Diego Padres,Oakland Athletics,0,,,,
2012-11-16,Andy Parrino,Oakland Athletics,San Diego Padres,-0.77,,,,
2012-11-16,Andrew Werner,Oakland Athletics,San Diego Padres,0,,,,
2012-11-19,Mark Buehrle,Toronto Blue Jays,Miami Marlins,6.79,,,,
2012-11-19,Josh Johnson,Toronto Blue Jays,Miami Marlins,-1.45,,,,
2012-11-19,John Buck,Toronto Blue Jays,Miami Marlins,0,,,,
2012-11-19,Emilio Bonifacio,Toronto Blue Jays,Miami Marlins,-0.57,,,,
2012-11-19,Jose Reyes,Toronto Blue Jays,Miami Marlins,6.58,,,,
2012-11-19,Henderson Alvarez,Miami Marlins,Toronto Blue Jays,6.6,,,,
2012-11-19,Yunel Escobar,Miami Marlins,Toronto Blue Jays,0,,,,
2012-11-19,Jeff Mathis,Miami Marlins,Toronto Blue Jays,-0.38,,,,
2012-11-19,Adeiny Hechavarria,Miami Marlins,Toronto Blue Jays,3.76,,,,
2012-11-19,Anthony DeSclafani,Miami Marlins,Toronto Blue Jays,-0.37,,,,
2012-11-19,Justin Nicolino,Miami Marlins,Toronto Blue Jays,-0.72,,,,
2012-11-19,Jake Marisnick,Miami Marlins,Toronto Blue Jays,0.03,,,,
2012-11-20,Robert Andino,Seattle Mariners,Baltimore Orioles,-0.4,,,,
2012-11-20,Trayvon Robinson,Baltimore Orioles,Seattle Mariners,0,,,,
2012-11-20,Ryan Wheeler,Colorado Rockies,Arizona Diamondbacks,-1.06,,,,
2012-11-20,Matt Reynolds,Arizona Diamondbacks,Colorado Rockies,0.75,,,,
2012-11-21,Jake Brigham,Texas Rangers,Chicago Cubs,0,,,,
2012-11-21,Barret Loux,Chicago Cubs,Texas Rangers,0,,,,
2012-11-28,Vin Mazzaro,Pittsburgh Pirates,Kansas City Royals,1.15,,,,
2012-11-28,Clint Robinson,Pittsburgh Pirates,Kansas City Royals,0,,,,
2012-11-28,Zach Stewart,Pittsburgh Pirates,Boston Red Sox,0,,,,
2012-11-28,Danny Valencia,Baltimore Orioles,Boston Red Sox,0.86,,,,
2012-11-28,Sandy Rosario,Oakland Athletics,Boston Red Sox,0,,,,
2012-11-28,Cory Burns,Texas Rangers,San Diego Padres,0.18,,,,
2012-11-28,Luis Rico,Kansas City Royals,Pittsburgh Pirates,0,,,,
2012-11-28,Luis Santos,Kansas City Royals,Pittsburgh Pirates,0,,,,
2012-11-29,Denard Span,Washington Nationals,Minnesota Twins,8.37,,,,
2012-11-29,Alex Meyer,Minnesota Twins,Washington Nationals,-0.41,,,,
2012-11-30,Yamaico Navarro,Baltimore Orioles,Pittsburgh Pirates,0.15,,,,
2012-11-30,Jhondaniel Medina,Pittsburgh Pirates,Baltimore Orioles,0,,,,
2012-11-30,Tommy Hanson,Los Angeles Angels,Atlanta Braves,-0.38,,,,
2012-11-30,Jordan Walden,Atlanta Braves,Los Angeles Angels,1.18,,,,
2012-11-30,Chris Resop,Oakland Athletics,Pittsburgh Pirates,-0.32,,,,
2012-11-30,Zack Thornton,Pittsburgh Pirates,Oakland Athletics,0,,,,
2012-12-01,Burke Badenhop,Milwaukee Brewers,Tampa Bay Rays,-0.36,,,,
2012-12-04,Alex White,Houston Astros,Colorado Rockies,0,,,,
2012-12-05,Alex White,Houston Astros,Colorado Rockies,0,,,,
2012-12-05,Alex Gillingham,Houston Astros,Colorado Rockies,0,,,,
2012-12-05,Wilton Lopez,Colorado Rockies,Houston Astros,0.63,,,,
2012-12-05,Yunel Escobar,Tampa Bay Rays,Miami Marlins,3.12,,,,
2012-12-05,Derek Dietrich,Miami Marlins,Tampa Bay Rays,4.05,,,,
2012-12-05,Andy Oliver,Pittsburgh Pirates,Detroit Tigers,0,,,,
2012-12-05,Ramon Cabrera,Detroit Tigers,Pittsburgh Pirates,0,,,,
2012-12-06,Justin Henry,Boston Red Sox,Detroit Tigers,0,,,,
2012-12-06,Vance Worley,Minnesota Twins,Philadelphia Phillies,-1.02,,,,
2012-12-06,Trevor May,Minnesota Twins,Philadelphia Phillies,2.26,,,,
2012-12-06,Ben Revere,Philadelphia Phillies,Minnesota Twins,4.86,,,,
2012-12-06,Wilfredo Boscan,San Diego Padres,Texas Rangers,0,,,,
2012-12-06,Kyle Kaminska,Boston Red Sox,Pittsburgh Pirates,0,,,,
2012-12-07,Jeff Kobernus,Detroit Tigers,Boston Red Sox,0,,,,
2012-12-07,Kyle Lobstein,Detroit Tigers,New York Mets,-0.18,,,,
2012-12-07,Graham Godfrey,Boston Red Sox,Oakland Athletics,0,,,,
2012-12-09,Lisalverto Bonilla,Texas Rangers,Philadelphia Phillies,0.44,,,,
2012-12-09,James Shields,Kansas City Royals,Tampa Bay Rays,8.47,,,,
2012-12-09,Wade Davis,Kansas City Royals,Tampa Bay Rays,6.58,,,,
2012-12-10,Michael Young,Philadelphia Phillies,Texas Rangers,-1.08,,,,
2012-12-10,Josh Lindblom,Texas Rangers,Philadelphia Phillies,-0.01,,,,
2012-12-10,Lisalverto Bonilla,Texas Rangers,Philadelphia Phillies,0.44,,,,
2012-12-10,Wade Davis,Kansas City Royals,Tampa Bay Rays,6.58,,,,
2012-12-10,James Shields,Kansas City Royals,Tampa Bay Rays,8.47,,,,
2012-12-10,Wil Myers,Tampa Bay Rays,Kansas City Royals,1.25,,,,
2012-12-10,Mike Montgomery,Tampa Bay Rays,Kansas City Royals,0,,,,
2012-12-10,Jake Odorizzi,Tampa Bay Rays,Kansas City Royals,8.24,,,,
2012-12-10,Patrick Leonard,Tampa Bay Rays,Kansas City Royals,0,,,,
2012-12-11,Shin-Soo Choo,Cincinnati Reds,Cleveland Guardians,4.63,,,,
2012-12-11,Jason Donald,Cincinnati Reds,Cleveland Guardians,0,,,,
2012-12-11,Drew Stubbs,Cleveland Guardians,Cincinnati Reds,0.85,,,,
2012-12-11,Tony Sipp,Arizona Diamondbacks,Cleveland Guardians,-0.42,,,,
2012-12-11,Lars Anderson,Arizona Diamondbacks,Cleveland Guardians,0,,,,
2012-12-11,Trevor Bauer,Cleveland Guardians,Arizona Diamondbacks,15.98,,,,
2012-12-11,Matt Albers,Cleveland Guardians,Arizona Diamondbacks,0.59,,,,
2012-12-11,Bryan Shaw,Cleveland Guardians,Arizona Diamondbacks,5.61,,,,
2012-12-11,Didi Gregorius,Arizona Diamondbacks,Cincinnati Reds,2.65,,,,
2012-12-12,Skip Schumaker,Los Angeles Dodgers,St. Louis Cardinals,-1.21,,,,
2012-12-12,Jake Lemmerman,St. Louis Cardinals,Los Angeles Dodgers,0,,,,
2012-12-13,Chris Rearick,San Diego Padres,Tampa Bay Rays,-0.16,,,,
2012-12-13,Vince Belnome,Tampa Bay Rays,San Diego Padres,-0.13,,,,
2012-12-17,Ricky Martinez,Houston Astros,St. Louis Cardinals,0,,,,
2012-12-17,R.A. Dickey,Toronto Blue Jays,New York Mets,0,,,,
2012-12-17,Mike Nickeas,Toronto Blue Jays,New York Mets,0,,,,
2012-12-17,Josh Thole,Toronto Blue Jays,New York Mets,-2.25,,,,
2012-12-17,John Buck,New York Mets,Toronto Blue Jays,0.62,,,,
2012-12-17,Travis d'Arnaud,New York Mets,Toronto Blue Jays,2.02,,,,
2012-12-17,Noah Syndergaard,New York Mets,Toronto Blue Jays,14.86,,,,
2012-12-17,Wuilmer Becerra,New York Mets,Toronto Blue Jays,0,,,,
2012-12-18,Collin Cowgill,New York Mets,Oakland Athletics,-0.46,,,,
2012-12-18,Jefry Marte,Oakland Athletics,New York Mets,0,,,,
2012-12-19,John Ely,Houston Astros,Los Angeles Dodgers,0,,,,
2012-12-19,Rob Rasmussen,Los Angeles Dodgers,Houston Astros,0,,,,
2012-12-19,Jason Vargas,Los Angeles Angels,Seattle Mariners,1.95,,,,
2012-12-19,Kendrys Morales,Seattle Mariners,Los Angeles Angels,2.64,,,,
2012-12-26,Ivan De Jesus,Pittsburgh Pirates,Boston Red Sox,0,,,,
2012-12-26,Jerry Sands,Pittsburgh Pirates,Boston Red Sox,0,,,,
2012-12-26,Joel Hanrahan,Boston Red Sox,Pittsburgh Pirates,-0.54,,,,
2012-12-26,Brock Holt,Boston Red Sox,Pittsburgh Pirates,8.97,,,,
2012-12-27,Joel Hanrahan,Boston Red Sox,Pittsburgh Pirates,-0.54,,,,
2012-12-27,Brock Holt,Boston Red Sox,Pittsburgh Pirates,8.97,,,,
2012-12-27,Mark Melancon,Pittsburgh Pirates,Boston Red Sox,7.98,,,,
2012-12-27,Jerry Sands,Pittsburgh Pirates,Boston Red Sox,0,,,,
2012-12-27,Stolmy Pimentel,Pittsburgh Pirates,Boston Red Sox,-0.35,,,,
2012-12-27,Sawyer Carroll,San Diego Padres,Toronto Blue Jays,0,,,,
2013-01-09,Jeanmar Gomez,Pittsburgh Pirates,Cleveland Guardians,0.72,,,,
2013-01-09,Quincy Latimore,Cleveland Guardians,Pittsburgh Pirates,0,,,,
2013-01-17,John Jaso,Oakland Athletics,Seattle Mariners,3.1,,,,
2013-01-17,Michael Morse,Seattle Mariners,Washington Nationals,0,,,,
2013-01-17,A.J. Cole,Washington Nationals,Oakland Athletics,0,,,,
2013-01-17,Blake Treinen,Washington Nationals,Oakland Athletics,2.93,,,,
2013-01-24,Justin Upton,Atlanta Braves,Arizona Diamondbacks,5.87,,,,
2013-01-24,Chris Johnson,Atlanta Braves,Arizona Diamondbacks,1.4,,,,
2013-01-24,Martin Prado,Arizona Diamondbacks,Atlanta Braves,4.03,,,,
2013-01-24,Zeke Spruill,Arizona Diamondbacks,Atlanta Braves,-0.36,,,,
2013-01-24,Randall Delgado,Arizona Diamondbacks,Atlanta Braves,1.72,,,,
2013-01-24,Brandon Drury,Arizona Diamondbacks,Atlanta Braves,1.47,,,,
2013-01-24,Nick Ahmed,Arizona Diamondbacks,Atlanta Braves,11.46,,,,
2013-02-05,Jed Lowrie,Oakland Athletics,Houston Astros,8.97,,,,
2013-02-05,Fernando Rodriguez,Oakland Athletics,Houston Astros,0.95,,,,
2013-02-05,Chris Carter,Houston Astros,Oakland Athletics,2.83,,,,
2013-02-05,Brad Peacock,Houston Astros,Oakland Athletics,4.36,,,,
2013-02-05,Max Stassi,Houston Astros,Oakland Athletics,0.75,,,,
2013-02-12,Elliot Johnson,Kansas City Royals,Tampa Bay Rays,0.46,,,,
2013-02-14,Shawn Kelley,New York Yankees,Seattle Mariners,-0.23,,,,
2013-02-14,Abraham Almonte,Seattle Mariners,New York Yankees,0.27,,,,
2013-02-14,Reid Brignac,Colorado Rockies,Tampa Bay Rays,-0.32,,,,
2013-02-18,Erick Leal,Chicago Cubs,Arizona Diamondbacks,0,,,,
2013-02-19,Tony Campana,Arizona Diamondbacks,Chicago Cubs,-0.35,,,,
2013-02-19,Jesus Castillo,Chicago Cubs,Arizona Diamondbacks,0,,,,
2013-02-20,Mike Carp,Boston Red Sox,Seattle Mariners,1.3,,,,
2013-02-23,Conor Gillaspie,Chicago White Sox,San Francisco Giants,2.31,,,,
2013-02-23,Jeff Soptic,San Francisco Giants,Chicago White Sox,0,,,,
2013-02-24,Michael Schwimer,Toronto Blue Jays,Philadelphia Phillies,0,,,,
2013-02-24,Art Charles,Philadelphia Phillies,Toronto Blue Jays,0,,,,
2013-03-16,Michael Flacco,Boston Red Sox,Baltimore Orioles,0,,,,
2013-03-19,Mike Cisco,Los Angeles Angels,Philadelphia Phillies,0,,,,
2013-03-19,Jose Dore,Chicago Cubs,San Diego Padres,0,,,,
2013-03-20,John McDonald,Pittsburgh Pirates,Arizona Diamondbacks,-0.32,,,,
2013-03-20,Ian Krol,Washington Nationals,Oakland Athletics,0.13,,,,
2013-03-20,Stephen Parker,Milwaukee Brewers,Oakland Athletics,0,,,,
2013-03-20,Darren Byrd,Oakland Athletics,Milwaukee Brewers,0,,,,
2013-03-22,Justin Greene,Arizona Diamondbacks,Chicago White Sox,0,,,,
2013-03-26,Jairo Asencio,Baltimore Orioles,Milwaukee Brewers,-0.05,,,,
2013-03-26,Curt Casali,Tampa Bay Rays,Detroit Tigers,1.77,,,,
2013-03-26,Mike Kvasnicka,Minnesota Twins,Houston Astros,0,,,,
2013-03-26,Gonzalo Sanudo,Houston Astros,Minnesota Twins,0,,,,
2013-03-26,Vernon Wells,New York Yankees,Los Angeles Angels,-0.08,,,,
2013-03-26,Kramer Sneed,Los Angeles Angels,New York Yankees,0,,,,
2013-03-27,Steve Geltz,Tampa Bay Rays,Los Angeles Angels,0.16,,,,
2013-03-27,Dane De La Rosa,Los Angeles Angels,Tampa Bay Rays,1.24,,,,
2013-03-27,Elvin Ramirez,Los Angeles Angels,New York Mets,0,,,,
2013-03-30,Brian Jeroloman,Pittsburgh Pirates,Cleveland Guardians,0,,,,
2013-03-30,Scott Proctor,Baltimore Orioles,San Francisco Giants,0,,,,
2013-04-01,Ivan De Jesus,Pittsburgh Pirates,Boston Red Sox,0,,,,
2013-04-01,Lars Anderson,Chicago White Sox,Toronto Blue Jays,0,,,,
2013-04-04,Travis Blackley,Houston Astros,Oakland Athletics,0.12,,,,
2013-04-04,Julio Rodriguez,Baltimore Orioles,Philadelphia Phillies,0,,,,
2013-04-05,Jake Goebbert,Oakland Athletics,Houston Astros,0,,,,
2013-04-05,Stephen Vogt,Oakland Athletics,Tampa Bay Rays,6.27,,,,
2013-04-07,Ramon Hernandez,Los Angeles Dodgers,Colorado Rockies,0.19,,,,
2013-04-07,Aaron Harang,Colorado Rockies,Los Angeles Dodgers,0,,,,
2013-04-08,Robinson Chirinos,Texas Rangers,Tampa Bay Rays,8.51,,,,
2013-04-10,Luis Ayala,Atlanta Braves,Baltimore Orioles,0.43,,,,
2013-04-10,Chris Jones,Baltimore Orioles,Atlanta Braves,0,,,,
2013-04-12,Aaron Harang,Seattle Mariners,Colorado Rockies,-0.94,,,,
2013-04-12,Steven Hensley,Colorado Rockies,Seattle Mariners,0,,,,
2013-04-15,Chris Wallace,Cleveland Guardians,Houston Astros,0,,,,
2013-04-15,Eric Berger,Houston Astros,Cleveland Guardians,0,,,,
2013-04-17,Jeff Beliveau,Tampa Bay Rays,Texas Rangers,0.36,,,,
2013-04-22,Casper Wells,Oakland Athletics,Toronto Blue Jays,-0.15,,,,
2013-04-24,Roman Colon,Atlanta Braves,Pittsburgh Pirates,0,,,,
2013-04-29,Chris Snyder,Baltimore Orioles,Los Angeles Angels,0.02,,,,
2013-04-29,Casper Wells,Chicago White Sox,Oakland Athletics,-0.41,,,,
2013-04-29,Rob Delaney,Los Angeles Angels,Baltimore Orioles,0,,,,
2013-05-01,Jose Monzon,Colorado Rockies,Houston Astros,0,,,,
2013-05-02,Chris Nelson,New York Yankees,Colorado Rockies,-0.19,,,,
2013-05-09,Brandon Wood,Baltimore Orioles,Kansas City Royals,0,,,,
2013-05-10,Alberto Gonzalez,New York Yankees,Chicago Cubs,-0.11,,,,
2013-05-12,Drew Carpenter,Colorado Rockies,Chicago Cubs,0,,,,
2013-05-13,Niko Gallego,Colorado Rockies,Arizona Diamondbacks,0,,,,
2013-05-18,Brian Jeroloman,Washington Nationals,Pittsburgh Pirates,0,,,,
2013-05-18,Reid Brignac,New York Yankees,Colorado Rockies,-0.66,,,,
2013-05-19,Roman Colon,Colorado Rockies,Atlanta Braves,0,,,,
2013-05-25,Josh Horton,Baltimore Orioles,Oakland Athletics,0,,,,
2013-05-27,Drew Garcia,Colorado Rockies,Chicago White Sox,0,,,,
2013-05-30,Josh Romanski,Chicago White Sox,New York Yankees,0,,,,
2013-05-31,Atahualpa Severino,Pittsburgh Pirates,Kansas City Royals,0,,,,
2013-06-01,Graham Godfrey,Pittsburgh Pirates,Boston Red Sox,0,,,,
2013-06-02,Erik Hamren,Tampa Bay Rays,Atlanta Braves,0,,,,
2013-06-03,Juan Francisco,Milwaukee Brewers,Atlanta Braves,-0.74,,,,
2013-06-03,Thomas Keeling,Atlanta Braves,Milwaukee Brewers,0,,,,
2013-06-07,Seth Loman,Baltimore Orioles,Chicago White Sox,0,,,,
2013-06-11,John McDonald,Cleveland Guardians,Pittsburgh Pirates,-0.07,,,,
2013-06-12,Henry Alberto Rodriguez,Chicago Cubs,Washington Nationals,0,,,,
2013-06-12,Vinnie Catricala,Oakland Athletics,Seattle Mariners,0,,,,
2013-06-12,Ian Dickson,Washington Nationals,Chicago Cubs,0,,,,
2013-06-14,Pedro Ciriaco,San Diego Padres,Boston Red Sox,-0.39,,,,
2013-06-19,Charles Basford,Houston Astros,New York Yankees,0,,,,
2013-06-19,Collin McHugh,Colorado Rockies,New York Mets,-0.62,,,,
2013-06-19,Eric Young,New York Mets,Colorado Rockies,2.06,,,,
2013-06-19,Fernando Martinez,New York Yankees,Houston Astros,0,,,,
2013-06-21,Chris Robinson,San Diego Padres,Baltimore Orioles,-0.01,,,,
2013-06-21,Yoshinori Tateyama,New York Yankees,Texas Rangers,0,,,,
2013-06-21,Carl Thomore,Chicago White Sox,Colorado Rockies,0,,,,
2013-06-22,Hisanori Takahashi,Colorado Rockies,Chicago Cubs,0,,,,
2013-06-22,Brent Lillibridge,New York Yankees,Chicago Cubs,-0.2,,,,
2013-06-25,Collin Cowgill,Los Angeles Angels,New York Mets,2.8,,,,
2013-06-25,Kyle Johnson,New York Mets,Los Angeles Angels,0,,,,
2013-06-25,Damaso Espino,Los Angeles Dodgers,Chicago White Sox,0,,,,
2013-06-27,John McDonald,Philadelphia Phillies,Cleveland Guardians,0,,,,
2013-06-30,Eric Thames,Baltimore Orioles,Seattle Mariners,0,,,,
2013-06-30,Ty Kelly,Seattle Mariners,Baltimore Orioles,0,,,,
2013-07-02,Steve Clevenger,Baltimore Orioles,Chicago Cubs,0.21,,,,
2013-07-02,Scott Feldman,Baltimore Orioles,Chicago Cubs,0.57,,,,
2013-07-02,Pedro Strop,Chicago Cubs,Baltimore Orioles,7.06,,,,
2013-07-02,Jake Arrieta,Chicago Cubs,Baltimore Orioles,19.18,,,,
2013-07-02,Matt Guerrier,Chicago Cubs,Los Angeles Dodgers,0.34,,,,
2013-07-02,Carlos Marmol,Los Angeles Dodgers,Chicago Cubs,0.26,,,,
2013-07-05,Ronald Torreyes,Houston Astros,Chicago Cubs,0,,,,
2013-07-06,Alex Liddi,Baltimore Orioles,Seattle Mariners,0,,,,
2013-07-07,Ricky Nolasco,Los Angeles Dodgers,Miami Marlins,0.91,,,,
2013-07-07,Steve Ames,Miami Marlins,Los Angeles Dodgers,0,,,,
2013-07-07,Josh Wall,Miami Marlins,Los Angeles Dodgers,0,,,,
2013-07-07,Angel Sanchez,Miami Marlins,Los Angeles Dodgers,0,,,,
2013-07-08,Scott Hairston,Washington Nationals,Chicago Cubs,-0.95,,,,
2013-07-08,Ivan Pineyro,Chicago Cubs,Washington Nationals,0,,,,
2013-07-10,Mitchell Boggs,Colorado Rockies,St. Louis Cardinals,0.16,,,,
2013-07-10,Brian Bocock,Pittsburgh Pirates,Washington Nationals,0,,,,
2013-07-12,Tim Alderson,Baltimore Orioles,Pittsburgh Pirates,0,,,,
2013-07-12,Russ Canzler,Pittsburgh Pirates,Baltimore Orioles,0,,,,
2013-07-13,Matt Thornton,Boston Red Sox,Chicago White Sox,0.19,,,,
2013-07-13,Brandon Jacobs,Chicago White Sox,Boston Red Sox,0,,,,
2013-07-15,Armando Galarraga,Colorado Rockies,Cincinnati Reds,0,,,,
2013-07-15,Parker Frazier,Cincinnati Reds,Colorado Rockies,0,,,,
2013-07-22,Matt Garza,Texas Rangers,Chicago Cubs,-0.09,,,,
2013-07-22,Carl Edwards,Chicago Cubs,Texas Rangers,2.6,,,,
2013-07-22,Alex McClure,Miami Marlins,Kansas City Royals,0,,,,
2013-07-22,Mike Olt,Chicago Cubs,Texas Rangers,-0.67,,,,
2013-07-23,Gorkys Hernandez,Kansas City Royals,Miami Marlins,0,,,,
2013-07-23,Chris McMurray,Chicago White Sox,Arizona Diamondbacks,0,,,,
2013-07-23,Justin Grimm,Chicago Cubs,Texas Rangers,0.88,,,,
2013-07-24,Francisco Rodriguez,Baltimore Orioles,Milwaukee Brewers,0.01,,,,
2013-07-24,Nicky Delmonico,Milwaukee Brewers,Baltimore Orioles,0,,,,
2013-07-26,Alfonso Soriano,New York Yankees,Chicago Cubs,0.9,,,,
2013-07-26,Corey Black,Chicago Cubs,New York Yankees,0,,,,
2013-07-27,Guillermo Moscoso,San Francisco Giants,Chicago Cubs,-0.24,,,,
2013-07-27,Andres E. Perez,Los Angeles Angels,New York Mets,0,,,,
2013-07-27,Julio Concepcion,Los Angeles Angels,New York Mets,0,,,,
2013-07-29,Scott Downs,Atlanta Braves,Los Angeles Angels,0.07,,,,
2013-07-29,Jesse Crain,Tampa Bay Rays,Chicago White Sox,0,,,,
2013-07-29,Cory Rasmus,Los Angeles Angels,Atlanta Braves,0.69,,,,
2013-07-30,Jose Veras,Detroit Tigers,Houston Astros,0.29,,,,
2013-07-30,Marc Rzepczynski,Cleveland Guardians,St. Louis Cardinals,1.16,,,,
2013-07-30,Danry Vasquez,Houston Astros,Detroit Tigers,0,,,,
2013-07-30,Juan Herrera,St. Louis Cardinals,Cleveland Guardians,0,,,,
2013-07-31,Jake Peavy,Boston Red Sox,Chicago White Sox,0.42,,,,
2013-07-31,Jose Iglesias,Detroit Tigers,Boston Red Sox,6.78,,,,
2013-07-31,Grant Green,Los Angeles Angels,Oakland Athletics,-0.56,,,,
2013-07-31,Alberto Callaspo,Oakland Athletics,Los Angeles Angels,-0.57,,,,
2013-07-31,Justin Maxwell,Kansas City Royals,Houston Astros,-0.56,,,,
2013-07-31,Kyle Smith,Houston Astros,Kansas City Royals,0,,,,
2013-07-31,Ian Kennedy,San Diego Padres,Arizona Diamondbacks,1.51,,,,
2013-07-31,Joe Thatcher,Arizona Diamondbacks,San Diego Padres,-0.1,,,,
2013-07-31,Matt Stites,Arizona Diamondbacks,San Diego Padres,-1.22,,,,
2013-07-31,Bud Norris,Baltimore Orioles,Houston Astros,0.6,,,,
2013-07-31,L.J. Hoes,Houston Astros,Baltimore Orioles,0,,,,
2013-07-31,Drew Butera,Los Angeles Dodgers,Minnesota Twins,-0.4,,,,
2013-07-31,Brayan Villarreal,Boston Red Sox,Detroit Tigers,0,,,,
2013-07-31,J.B. Wendelken,Chicago White Sox,Boston Red Sox,0,,,,
2013-07-31,Frankie Montas,Chicago White Sox,Boston Red Sox,0.01,,,,
2013-07-31,Avisail Garcia,Chicago White Sox,Detroit Tigers,6.57,,,,
2013-07-31,Cleuluis Rondon,Chicago White Sox,Boston Red Sox,0,,,,
2013-08-02,Robert Andino,Pittsburgh Pirates,Seattle Mariners,0,,,,
2013-08-02,Josh Hader,Houston Astros,Baltimore Orioles,2.92,,,,
2013-08-04,Fernando Nieve,Oakland Athletics,Cleveland Guardians,0,,,,
2013-08-09,Alex Rios,Texas Rangers,Chicago White Sox,1.24,,,,
2013-08-11,Jamey Carroll,Kansas City Royals,Minnesota Twins,-0.43,,,,
2013-08-11,Leury Garcia,Chicago White Sox,Texas Rangers,4.08,,,,
2013-08-12,Wesley Wright,Tampa Bay Rays,Houston Astros,0.2,,,,
2013-08-14,Emilio Bonifacio,Kansas City Royals,Toronto Blue Jays,1.12,,,,
2013-08-14,Travis Blackley,Texas Rangers,Houston Astros,-0.03,,,,
2013-08-14,Ronny Paulino,Detroit Tigers,Baltimore Orioles,0,,,,
2013-08-14,Miguel Sulbaran,Minnesota Twins,Los Angeles Dodgers,0,,,,
2013-08-18,Doug Mathis,Pittsburgh Pirates,Miami Marlins,0,,,,
2013-08-19,David DeJesus,Washington Nationals,Chicago Cubs,-0.09,,,,
2013-08-23,Dakota Bacus,Washington Nationals,Oakland Athletics,-0.11,,,,
2013-08-23,Kurt Suzuki,Oakland Athletics,Washington Nationals,0.33,,,,
2013-08-23,David DeJesus,Tampa Bay Rays,Washington Nationals,1.73,,,,
2013-08-23,Freddy Garcia,Atlanta Braves,Baltimore Orioles,0.75,,,,
2013-08-23,Neil Ramirez,Chicago Cubs,Texas Rangers,1.51,,,,
2013-08-27,Quintin Berry,Boston Red Sox,Kansas City Royals,0.39,,,,
2013-08-27,Clayton Mortensen,Kansas City Royals,Boston Red Sox,0,,,,
2013-08-27,John Buck,Pittsburgh Pirates,New York Mets,0.05,,,,
2013-08-27,Marlon Byrd,Pittsburgh Pirates,New York Mets,0.9,,,,
2013-08-27,Dilson Herrera,New York Mets,Pittsburgh Pirates,0.09,,,,
2013-08-28,Vic Black,New York Mets,Pittsburgh Pirates,0.45,,,,
2013-08-30,Michael Morse,Baltimore Orioles,Seattle Mariners,0,,,,
2013-08-30,Jason Kubel,Cleveland Guardians,Arizona Diamondbacks,-0.06,,,,
2013-08-30,Xavier Avery,Seattle Mariners,Baltimore Orioles,0,,,,
2013-08-30,John Axford,St. Louis Cardinals,Milwaukee Brewers,0.31,,,,
2013-08-31,Alex Presley,Minnesota Twins,Pittsburgh Pirates,-0.24,,,,
2013-08-31,Justin Morneau,Pittsburgh Pirates,Minnesota Twins,-0.03,,,,
2013-08-31,John McDonald,Boston Red Sox,Philadelphia Phillies,-0.08,,,,
2013-08-31,Nefi Ogando,Philadelphia Phillies,Boston Red Sox,-0.15,,,,
2013-09-01,Michael Young,Los Angeles Dodgers,Philadelphia Phillies,-0.1,,,,
2013-09-01,Rob Rasmussen,Philadelphia Phillies,Los Angeles Dodgers,0,,,,
2013-09-01,Michael Blazek,Milwaukee Brewers,St. Louis Cardinals,-0.24,,,,
2013-09-01,Matt Langwell,Arizona Diamondbacks,Cleveland Guardians,-0.06,,,,
2013-09-01,Rusty Ryal,Los Angeles Angels,Los Angeles Dodgers,0,,,,
2013-09-03,Matt Pagnozzi,Houston Astros,Atlanta Braves,-0.19,,,,
2013-09-11,Brendan Ryan,New York Yankees,Seattle Mariners,-0.32,,,,
2013-09-11,Yoely Bello,Colorado Rockies,New York Yankees,0,,,,
2013-09-19,Matthew Spann,Washington Nationals,Tampa Bay Rays,0,,,,
2013-09-25,David Paulino,Houston Astros,Detroit Tigers,-0.36,,,,
2013-10-07,Duke Welker,Minnesota Twins,Pittsburgh Pirates,0,,,,
2013-10-15,Jimmy Rider,Boston Red Sox,Pittsburgh Pirates,0,,,,
2013-10-25,Alex Castellanos,Boston Red Sox,Los Angeles Dodgers,0,,,,
2013-10-25,Jeremy Hazelbaker,Los Angeles Dodgers,Boston Red Sox,0,,,,
2013-10-31,Colt Hynes,Cleveland Guardians,San Diego Padres,0,,,,
2013-11-02,Sean Bierman,Chicago White Sox,Tampa Bay Rays,0,,,,
2013-11-02,Ben Kline,Chicago White Sox,Tampa Bay Rays,0,,,,
2013-11-02,Jackson Laumann,Chicago White Sox,Atlanta Braves,0,,,,
2013-11-21,Kris Johnson,Minnesota Twins,Pittsburgh Pirates,0.24,,,,
2013-11-21,Duke Welker,Pittsburgh Pirates,Minnesota Twins,0.04,,,,
2013-11-21,Ian Kinsler,Detroit Tigers,Texas Rangers,17.62,,,,
2013-11-21,Prince Fielder,Texas Rangers,Detroit Tigers,-0.15,,,,
2013-11-22,Burke Badenhop,Boston Red Sox,Milwaukee Brewers,1.52,,,,
2013-11-22,Luis Ortega,Milwaukee Brewers,Boston Red Sox,0,,,,
2013-11-22,David Freese,Los Angeles Angels,St. Louis Cardinals,4.45,,,,
2013-11-22,Fernando Salas,Los Angeles Angels,St. Louis Cardinals,0.43,,,,
2013-11-22,Peter Bourjos,St. Louis Cardinals,Los Angeles Angels,0.55,,,,
2013-11-22,Randal Grichuk,St. Louis Cardinals,Los Angeles Angels,6.39,,,,
2013-11-25,Brad Brach,Baltimore Orioles,San Diego Padres,5.81,,,,
2013-11-25,Devin Jones,San Diego Padres,Baltimore Orioles,0,,,,
2013-11-25,Jaff Decker,Pittsburgh Pirates,San Diego Padres,-0.25,,,,
2013-11-25,Miles Mikolas,Pittsburgh Pirates,San Diego Padres,0,,,,
2013-11-25,Alex Dickerson,San Diego Padres,Pittsburgh Pirates,0.69,,,,
2013-11-25,Fernando Abad,Oakland Athletics,Washington Nationals,1.97,,,,
2013-11-25,John Wooten,Washington Nationals,Oakland Athletics,0,,,,
2013-11-27,George Kottaras,Chicago Cubs,Kansas City Royals,0,,,,
2013-12-02,Johnny Monell,Baltimore Orioles,San Francisco Giants,0,,,,
2013-12-02,Doug Fister,Washington Nationals,Detroit Tigers,4.41,,,,
2013-12-02,Steve Lombardozzi,Detroit Tigers,Washington Nationals,0,,,,
2013-12-02,Ian Krol,Detroit Tigers,Washington Nationals,-1.02,,,,
2013-12-02,Robbie Ray,Detroit Tigers,Washington Nationals,-0.68,,,,
2013-12-03,Chris Stewart,Pittsburgh Pirates,New York Yankees,-0.23,,,,
2013-12-03,Jemile Weeks,Baltimore Orioles,Oakland Athletics,-0.03,,,,
2013-12-03,Jim Johnson,Oakland Athletics,Baltimore Orioles,-1.33,,,,
2013-12-03,Craig Gentry,Oakland Athletics,Texas Rangers,1.38,,,,
2013-12-03,Josh Lindblom,Oakland Athletics,Texas Rangers,0.03,,,,
2013-12-03,Christopher Bostick,Texas Rangers,Oakland Athletics,0,,,,
2013-12-03,Michael Choice,Texas Rangers,Oakland Athletics,-2.08,,,,
2013-12-03,David Holmberg,Cincinnati Reds,Arizona Diamondbacks,-0.83,,,,
2013-12-03,Justin Choate,Arizona Diamondbacks,Tampa Bay Rays,0,,,,
2013-12-03,Heath Bell,Tampa Bay Rays,Arizona Diamondbacks,-0.62,,,,
2013-12-03,Luke Gregerson,Oakland Athletics,San Diego Padres,1.75,,,,
2013-12-03,Seth Smith,San Diego Padres,Oakland Athletics,3.42,,,,
2013-12-03,Ryan Hanigan,Tampa Bay Rays,Cincinnati Reds,1.37,,,,
2013-12-03,Dexter Fowler,Houston Astros,Colorado Rockies,1.79,,,,
2013-12-03,Jordan Lyles,Colorado Rockies,Houston Astros,-0.07,,,,
2013-12-03,Brandon Barnes,Colorado Rockies,Houston Astros,-0.73,,,,
2013-12-03,Ben Paullus,San Diego Padres,New York Yankees,0,,,,
2013-12-03,Dean Anna,New York Yankees,San Diego Padres,0.12,,,,
2013-12-04,Erik Kratz,Toronto Blue Jays,Philadelphia Phillies,0.19,,,,
2013-12-04,Brad Lincoln,Philadelphia Phillies,Toronto Blue Jays,-0.1,,,,
2013-12-04,Rob Rasmussen,Toronto Blue Jays,Philadelphia Phillies,0.19,,,,
2013-12-05,Norichika Aoki,Kansas City Royals,Milwaukee Brewers,0,,,,
2013-12-05,Will Smith,Milwaukee Brewers,Kansas City Royals,0.95,,,,
2013-12-10,Brett Anderson,Colorado Rockies,Oakland Athletics,1.06,,,,
2013-12-10,Drew Pomeranz,Oakland Athletics,Colorado Rockies,1.74,,,,
2013-12-10,Chris Jensen,Oakland Athletics,Colorado Rockies,0,,,,
2013-12-10,Mark Trumbo,Arizona Diamondbacks,Los Angeles Angels,-0.08,,,,
2013-12-10,Hector Santiago,Los Angeles Angels,Chicago White Sox,3.57,,,,
2013-12-10,Tyler Skaggs,Los Angeles Angels,Arizona Diamondbacks,4.16,,,,
2013-12-10,Adam Eaton,Chicago White Sox,Arizona Diamondbacks,16.22,,,,
2013-12-11,Kyle Haynes,New York Yankees,Pittsburgh Pirates,0,,,,
2013-12-12,Jerry Blevins,Washington Nationals,Oakland Athletics,-0.4,,,,
2013-12-12,Billy Burns,Oakland Athletics,Washington Nationals,2.44,,,,
2013-12-12,Anthony Bass,Houston Astros,San Diego Padres,-0.87,,,,
2013-12-12,Justin Ruggiano,Chicago Cubs,Miami Marlins,-0.37,,,,
2013-12-12,Brian Bogusevic,Miami Marlins,Chicago Cubs,0,,,,
2013-12-13,Seth Rosin,Los Angeles Dodgers,New York Mets,0,,,,
2013-12-13,Brian Moran,Los Angeles Angels,Toronto Blue Jays,-0.13,,,,
2013-12-14,Logan Morrison,Seattle Mariners,Miami Marlins,1.61,,,,
2013-12-14,Carter Capps,Miami Marlins,Seattle Mariners,1.44,,,,
2013-12-16,Matt Davidson,Chicago White Sox,Arizona Diamondbacks,-0.23,,,,
2013-12-16,Addison Reed,Arizona Diamondbacks,Chicago White Sox,-0.63,,,,
2013-12-18,Josh Outman,Cleveland Guardians,Colorado Rockies,0.36,,,,
2013-12-18,Drew Stubbs,Colorado Rockies,Cleveland Guardians,2.24,,,,
2013-12-18,Ryan Doumit,Atlanta Braves,Minnesota Twins,-0.66,,,,
2013-12-18,Sean Gilmartin,Minnesota Twins,Atlanta Braves,0,,,,
2013-12-18,Franklin Morales,Colorado Rockies,Boston Red Sox,-0.22,,,,
2013-12-18,Chris Martin,Colorado Rockies,Boston Red Sox,-0.31,,,,
2013-12-19,David Lough,Baltimore Orioles,Kansas City Royals,1.31,,,,
2013-12-19,Danny Valencia,Kansas City Royals,Baltimore Orioles,0.33,,,,
2013-12-19,Jonathan Herrera,Boston Red Sox,Colorado Rockies,-0.06,,,,
2013-12-19,Jesus Guzman,Houston Astros,San Diego Padres,-0.74,,,,
2013-12-19,Ryan Jackson,San Diego Padres,Houston Astros,0,,,,
2013-12-19,Corey Brown,Oakland Athletics,Washington Nationals,0,,,,
2013-12-21,David Freitas,Baltimore Orioles,Oakland Athletics,0,,,,
2013-12-22,Todd Glaesmann,Arizona Diamondbacks,Tampa Bay Rays,0,,,,
2013-12-30,Miles Mikolas,Texas Rangers,Pittsburgh Pirates,-0.85,,,,
2013-12-31,Chris McGuiness,Pittsburgh Pirates,Texas Rangers,0,,,,
2014-01-17,Hiram Martinez,Miami Marlins,Oakland Athletics,0,,,,
2014-01-22,Alex Torres,San Diego Padres,Tampa Bay Rays,-0.05,,,,
2014-01-22,Jesse Hahn,San Diego Padres,Tampa Bay Rays,0.95,,,,
2014-01-22,Logan Forsythe,Tampa Bay Rays,San Diego Padres,9.36,,,,
2014-01-22,Brad Boxberger,Tampa Bay Rays,San Diego Padres,2.32,,,,
2014-01-22,Maxx Tissenbaum,Tampa Bay Rays,San Diego Padres,0,,,,
2014-01-22,Matt Andriese,Tampa Bay Rays,San Diego Padres,1.64,,,,
2014-01-22,Matt Lollis,Tampa Bay Rays,San Diego Padres,0,,,,
2014-01-30,Carlos Peguero,Kansas City Royals,Seattle Mariners,-0.01,,,,
2014-02-13,Nate Karns,Tampa Bay Rays,Washington Nationals,2.17,,,,
2014-02-13,Jose Lobaton,Washington Nationals,Tampa Bay Rays,-0.56,,,,
2014-02-28,Jake Elmore,Oakland Athletics,Chicago White Sox,0,,,,
2014-03-04,Justin Sellers,Cleveland Guardians,Los Angeles Dodgers,-0.04,,,,
2014-03-10,Zach Stewart,Atlanta Braves,Chicago White Sox,0,,,,
2014-03-16,Hector Gomez,Los Angeles Angels,Milwaukee Brewers,0,,,,
2014-03-16,Brandon Laird,Washington Nationals,Kansas City Royals,0,,,,
2014-03-18,Koyie Hill,Philadelphia Phillies,Washington Nationals,-0.07,,,,
2014-03-21,Andrew Romine,Detroit Tigers,Los Angeles Angels,0.86,,,,
2014-03-21,Jose Alvarez,Los Angeles Angels,Detroit Tigers,2.51,,,,
2014-03-24,Steve Lombardozzi,Baltimore Orioles,Detroit Tigers,-0.68,,,,
2014-03-25,Alex Gonzalez,Detroit Tigers,Baltimore Orioles,-0.53,,,,
2014-03-25,Vance Worley,Pittsburgh Pirates,Minnesota Twins,1.33,,,,
2014-03-25,Adam Moore,San Diego Padres,Kansas City Royals,-0.05,,,,
2014-03-29,Jayson Nix,Philadelphia Phillies,Tampa Bay Rays,-0.13,,,,
2014-03-29,Steven Proscia,Los Angeles Dodgers,Seattle Mariners,0,,,,
2014-04-06,Colt Hynes,Los Angeles Dodgers,Cleveland Guardians,0,,,,
2014-04-06,Dalton Von Schamann,Cleveland Guardians,Los Angeles Dodgers,0,,,,
2014-04-07,Preston Guilmet,Baltimore Orioles,Cleveland Guardians,-0.1,,,,
2014-04-07,Eduardo Nunez,Minnesota Twins,New York Yankees,1.86,,,,
2014-04-07,Torsten Boss,Cleveland Guardians,Baltimore Orioles,0,,,,
2014-04-07,Miguel Sulbaran,New York Yankees,Minnesota Twins,0,,,,
2014-04-10,Gorkys Hernandez,Chicago White Sox,Kansas City Royals,0,,,,
2014-04-12,Hector Noesi,Texas Rangers,Seattle Mariners,-0.33,,,,
2014-04-18,Ike Davis,Pittsburgh Pirates,New York Mets,-0.07,,,,
2014-04-18,Zack Thornton,New York Mets,Pittsburgh Pirates,0,,,,
2014-04-22,Tyler Greene,San Diego Padres,Atlanta Braves,0,,,,
2014-04-23,Daniel Robertson,Texas Rangers,San Diego Padres,0,,,,
2014-04-28,Lucas Harrell,Arizona Diamondbacks,Houston Astros,0,,,,
2014-05-15,Kyle Blanks,Oakland Athletics,San Diego Padres,0.59,,,,
2014-05-16,Jake Goebbert,San Diego Padres,Oakland Athletics,-0.14,,,,
2014-05-18,Ozzie Martinez,Atlanta Braves,Los Angeles Dodgers,0,,,,
2014-05-19,Raul Valdes,Toronto Blue Jays,Houston Astros,0,,,,
2014-05-22,Everett Williams,Philadelphia Phillies,Arizona Diamondbacks,0,,,,
2014-05-24,Nick Hundley,Baltimore Orioles,San Diego Padres,0.16,,,,
2014-05-24,Troy Patton,San Diego Padres,Baltimore Orioles,0.1,,,,
2014-05-25,Hector Gimenez,Toronto Blue Jays,Chicago White Sox,0,,,,
2014-05-26,Melky Mesa,Toronto Blue Jays,Kansas City Royals,0,,,,
2014-05-26,P.J. Walters,Toronto Blue Jays,Kansas City Royals,0,,,,
2014-05-28,Johnny Monell,Los Angeles Dodgers,Baltimore Orioles,0,,,,
2014-05-29,Jason Donald,Texas Rangers,Kansas City Royals,0,,,,
2014-06-01,Bryan Morris,Miami Marlins,Pittsburgh Pirates,2.59,,,,
2014-06-05,Justin Marks,Oakland Athletics,Kansas City Royals,0,,,,
2014-06-11,David Huff,New York Yankees,San Francisco Giants,0.96,,,,
2014-06-11,Shawn Hill,Chicago White Sox,Toronto Blue Jays,0,,,,
2014-06-11,Manny Pina,Detroit Tigers,Seattle Mariners,0,,,,
2014-06-12,Matt Tuiasosopo,Chicago White Sox,Toronto Blue Jays,0,,,,
2014-06-13,Will Dupont,Houston Astros,Toronto Blue Jays,0,,,,
2014-06-13,Adron Chambers,Toronto Blue Jays,Houston Astros,0,,,,
2014-06-14,Jake Sanchez,Oakland Athletics,Chicago White Sox,0,,,,
2014-06-15,Michael Taylor,Chicago White Sox,Oakland Athletics,0,,,,
2014-06-15,Blake Taylor,New York Mets,Pittsburgh Pirates,0,,,,
2014-06-17,Brad Mills,Oakland Athletics,Milwaukee Brewers,-0.11,,,,
2014-06-23,Michael Dimock,San Diego Padres,Houston Astros,0,,,,
2014-06-26,Daniel Schlereth,Detroit Tigers,Pittsburgh Pirates,0,,,,
2014-06-26,Cody Fassold,Atlanta Braves,Kansas City Royals,0,,,,
2014-06-27,Adalberto Santos,San Francisco Giants,Pittsburgh Pirates,0,,,,
2014-06-27,Jason Grilli,Los Angeles Angels,Pittsburgh Pirates,0.1,,,,
2014-06-27,Ernesto Frieri,Pittsburgh Pirates,Los Angeles Angels,-0.62,,,,
2014-06-29,Raywilly Gomez,Philadelphia Phillies,Arizona Diamondbacks,0,,,,
2014-06-30,Ronny Cedeno,Arizona Diamondbacks,Philadelphia Phillies,0,,,,
2014-06-30,Donnie Joseph,Miami Marlins,Kansas City Royals,0,,,,
2014-07-01,Rich Hill,Los Angeles Angels,Boston Red Sox,0,,,,
2014-07-02,Brock Peterson,Los Angeles Dodgers,Washington Nationals,0,,,,
2014-07-03,Jair Jurrjens,Colorado Rockies,Cincinnati Reds,-0.36,,,,
2014-07-03,Harold Riggins,Cincinnati Reds,Colorado Rockies,0,,,,
2014-07-04,Jason Hammel,Oakland Athletics,Chicago Cubs,-0.01,,,,
2014-07-05,Joe Thatcher,Los Angeles Angels,Arizona Diamondbacks,-0.28,,,,
2014-07-05,Jeff Samardzija,Oakland Athletics,Chicago Cubs,1.77,,,,
2014-07-05,Dan Straily,Chicago Cubs,Oakland Athletics,-0.89,,,,
2014-07-05,Zach Borenstein,Arizona Diamondbacks,Los Angeles Angels,0,,,,
2014-07-05,Tony Campana,Los Angeles Angels,Arizona Diamondbacks,-0.21,,,,
2014-07-05,Andrew Robinson,Atlanta Braves,Houston Astros,0,,,,
2014-07-06,Joe Thatcher,Los Angeles Angels,Arizona Diamondbacks,-0.28,,,,
2014-07-06,Joey Krehbiel,Arizona Diamondbacks,Los Angeles Angels,0.11,,,,
2014-07-06,Billy McKinney,Chicago Cubs,Oakland Athletics,0,,,,
2014-07-06,Addison Russell,Chicago Cubs,Oakland Athletics,11.74,,,,
2014-07-06,Brandon McCarthy,New York Yankees,Arizona Diamondbacks,1.56,,,,
2014-07-06,Vidal Nuno,Arizona Diamondbacks,New York Yankees,1.46,,,,
2014-07-07,Cesar Carrasco,Houston Astros,Arizona Diamondbacks,0,,,,
2014-07-07,Chris Dickerson,Cleveland Guardians,Pittsburgh Pirates,-0.04,,,,
2014-07-08,Matt Ramsey,Miami Marlins,Tampa Bay Rays,0,,,,
2014-07-10,Jeffry Santos,Houston Astros,Chicago White Sox,0,,,,
2014-07-11,Jeff Francis,New York Yankees,Oakland Athletics,-0.03,,,,
2014-07-12,Nick Maronde,Cleveland Guardians,Los Angeles Angels,0,,,,
2014-07-14,Brett Wallace,Toronto Blue Jays,Baltimore Orioles,0,,,,
2014-07-16,Ryan Verdugo,Boston Red Sox,Kansas City Royals,0,,,,
2014-07-17,Jason Frasor,Kansas City Royals,Texas Rangers,1.35,,,,
2014-07-17,Dylan Axelrod,Cincinnati Reds,Chicago White Sox,-0.16,,,,
2014-07-18,Huston Street,Los Angeles Angels,San Diego Padres,1.77,,,,
2014-07-18,Trevor Gott,Los Angeles Angels,San Diego Padres,0.62,,,,
2014-07-18,R.J. Alvarez,San Diego Padres,Los Angeles Angels,0,,,,
2014-07-18,Taylor Lindsey,San Diego Padres,Los Angeles Angels,0,,,,
2014-07-18,Jose Rondon,San Diego Padres,Los Angeles Angels,-0.71,,,,
2014-07-18,Josh Fellhauer,Milwaukee Brewers,Cincinnati Reds,0,,,,
2014-07-18,Elliot Morris,San Diego Padres,Los Angeles Angels,0,,,,
2014-07-22,Chase Headley,New York Yankees,San Diego Padres,8.52,,,,
2014-07-22,Yangervis Solarte,San Diego Padres,New York Yankees,6.62,,,,
2014-07-23,Jose Rafael De Paula,San Diego Padres,New York Yankees,0,,,,
2014-07-23,Joakim Soria,Detroit Tigers,Texas Rangers,0.91,,,,
2014-07-23,Corey Knebel,Texas Rangers,Detroit Tigers,0,,,,
2014-07-24,Jake Thompson,Texas Rangers,Detroit Tigers,0,,,,
2014-07-24,Kendrys Morales,Seattle Mariners,Minnesota Twins,-0.22,,,,
2014-07-24,Stephen Pryor,Minnesota Twins,Seattle Mariners,0,,,,
2014-07-24,Chris Capuano,New York Yankees,Colorado Rockies,-0.85,,,,
2014-07-24,Jimmy Paredes,Baltimore Orioles,Kansas City Royals,0.75,,,,
2014-07-26,Jake Peavy,San Francisco Giants,Boston Red Sox,2.56,,,,
2014-07-26,Heath Hembree,Boston Red Sox,San Francisco Giants,1.77,,,,
2014-07-26,Edwin Escobar,Boston Red Sox,San Francisco Giants,0,,,,
2014-07-28,Erik Kratz,Kansas City Royals,Toronto Blue Jays,0.01,,,,
2014-07-28,Danny Valencia,Toronto Blue Jays,Kansas City Royals,0.37,,,,
2014-07-28,Liam Hendriks,Kansas City Royals,Toronto Blue Jays,-0.14,,,,
2014-07-28,Darwin Barney,Los Angeles Dodgers,Chicago Cubs,0.77,,,,
2014-07-30,Felix Doubront,Chicago Cubs,Boston Red Sox,0.42,,,,
2014-07-30,Justin Masterson,St. Louis Cardinals,Cleveland Guardians,-0.77,,,,
2014-07-30,James Ramsey,Cleveland Guardians,St. Louis Cardinals,0,,,,
2014-07-30,Jonathan Martinez,Chicago Cubs,Los Angeles Dodgers,0,,,,
2014-07-31,Jon Lester,Oakland Athletics,Boston Red Sox,1.81,,,,
2014-07-31,Jonny Gomes,Oakland Athletics,Boston Red Sox,-0.54,,,,
2014-07-31,Yoenis Cespedes,Boston Red Sox,Oakland Athletics,1.49,,,,
2014-07-31,Tommy Milone,Minnesota Twins,Oakland Athletics,0.25,,,,
2014-07-31,Sam Fuld,Oakland Athletics,Minnesota Twins,1.74,,,,
2014-07-31,John Lackey,St. Louis Cardinals,Boston Red Sox,5.26,,,,
2014-07-31,Corey Littrell,St. Louis Cardinals,Boston Red Sox,0,,,,
2014-07-31,Joe Kelly,Boston Red Sox,St. Louis Cardinals,2.62,,,,
2014-07-31,Gerardo Parra,Milwaukee Brewers,Arizona Diamondbacks,1.71,,,,
2014-07-31,Anthony Banda,Arizona Diamondbacks,Milwaukee Brewers,-0.1,,,,
2014-07-31,Chris Denorfia,Seattle Mariners,San Diego Padres,-0.18,,,,
2014-07-31,Abraham Almonte,San Diego Padres,Seattle Mariners,0.25,,,,
2014-07-31,Asdrubal Cabrera,Washington Nationals,Cleveland Guardians,1.46,,,,
2014-07-31,Andrew Miller,Baltimore Orioles,Boston Red Sox,0.96,,,,
2014-07-31,Austin Jackson,Seattle Mariners,Detroit Tigers,1.42,,,,
2014-07-31,David Price,Detroit Tigers,Tampa Bay Rays,5.35,,,,
2014-07-31,Drew Smyly,Tampa Bay Rays,Detroit Tigers,3.78,,,,
2014-07-31,Jarred Cosart,Miami Marlins,Houston Astros,1.87,,,,
2014-07-31,Austin Wates,Miami Marlins,Houston Astros,0,,,,
2014-07-31,Enrique Hernandez,Miami Marlins,Houston Astros,0.54,,,,
2014-07-31,Colin Moran,Houston Astros,Miami Marlins,-0.07,,,,
2014-07-31,Jake Marisnick,Houston Astros,Miami Marlins,10.7,,,,
2014-07-31,James Russell,Atlanta Braves,Chicago Cubs,0.57,,,,
2014-07-31,Emilio Bonifacio,Atlanta Braves,Chicago Cubs,-1.27,,,,
2014-07-31,Martin Prado,New York Yankees,Arizona Diamondbacks,2.1,,,,
2014-07-31,Peter O'Brien,Arizona Diamondbacks,New York Yankees,-0.53,,,,
2014-07-31,Stephen Drew,New York Yankees,Boston Red Sox,-0.85,,,,
2014-07-31,Kelly Johnson,Boston Red Sox,New York Yankees,-0.18,,,,
2014-07-31,Allen Craig,Boston Red Sox,St. Louis Cardinals,-1.37,,,,
2014-07-31,Nick Franklin,Tampa Bay Rays,Seattle Mariners,-0.86,,,,
2014-07-31,Zach Walters,Cleveland Guardians,Washington Nationals,-0.52,,,,
2014-07-31,Victor Caratini,Chicago Cubs,Atlanta Braves,1.03,,,,
2014-07-31,Stephen Kohlscheen,San Diego Padres,Seattle Mariners,0,,,,
2014-07-31,Eduardo Rodriguez,Boston Red Sox,Baltimore Orioles,14,,,,
2014-07-31,Mitch Haniger,Arizona Diamondbacks,Milwaukee Brewers,-0.14,,,,
2014-07-31,Francis Martes,Houston Astros,Miami Marlins,-0.93,,,,
2014-08-02,Willy Adames,Tampa Bay Rays,Detroit Tigers,7.49,,,,
2014-08-03,Blake Tekotte,Arizona Diamondbacks,Chicago White Sox,0,,,,
2014-08-07,Hunter Carnevale,Toronto Blue Jays,New York Mets,0,,,,
2014-08-07,Roberto Hernandez,Los Angeles Dodgers,Philadelphia Phillies,-0.43,,,,
2014-08-07,Mike Clevinger,Cleveland Guardians,Los Angeles Angels,13.01,,,,
2014-08-08,Jacob Turner,Chicago Cubs,Miami Marlins,-0.66,,,,
2014-08-08,Vinnie Pestano,Los Angeles Angels,Cleveland Guardians,0.12,,,,
2014-08-08,Jose Arias,Miami Marlins,Chicago Cubs,0,,,,
2014-08-08,Tyler Bremer,Miami Marlins,Chicago Cubs,0,,,,
2014-08-09,Kevin Correia,Los Angeles Dodgers,Minnesota Twins,-1.38,,,,
2014-08-10,Jeremy Kehrt,Los Angeles Dodgers,Boston Red Sox,0,,,,
2014-08-10,Angel Castro,Oakland Athletics,St. Louis Cardinals,0.08,,,,
2014-08-12,Josh Willingham,Kansas City Royals,Minnesota Twins,0.18,,,,
2014-08-12,Jason Adam,Minnesota Twins,Kansas City Royals,0,,,,
2014-08-15,Justin Germano,Los Angeles Dodgers,Texas Rangers,0,,,,
2014-08-15,Brett Jackson,Arizona Diamondbacks,Chicago Cubs,-0.07,,,,
2014-08-15,Blake Cooper,Chicago Cubs,Arizona Diamondbacks,0,,,,
2014-08-18,Jesmuel Valentin,Philadelphia Phillies,Los Angeles Dodgers,-0.7,,,,
2014-08-21,Luis Santos,Kansas City Royals,Pittsburgh Pirates,0,,,,
2014-08-22,Gordon Beckham,Los Angeles Angels,Chicago White Sox,0.2,,,,
2014-08-23,Chris Gimenez,Cleveland Guardians,Texas Rangers,-0.87,,,,
2014-08-24,Geovany Soto,Oakland Athletics,Texas Rangers,0.54,,,,
2014-08-24,Bryan Anderson,Oakland Athletics,Cincinnati Reds,0.02,,,,
2014-08-28,Josh Outman,New York Yankees,Cleveland Guardians,0.24,,,,
2014-08-30,Mark Blackmar,Chicago White Sox,Baltimore Orioles,0,,,,
2014-08-30,Miguel Chalas,Chicago White Sox,Baltimore Orioles,0,,,,
2014-08-30,Michael Almanzar,Baltimore Orioles,Boston Red Sox,0,,,,
2014-08-30,Alejandro De Aza,Baltimore Orioles,Chicago White Sox,0.26,,,,
2014-08-30,Kelly Johnson,Baltimore Orioles,Boston Red Sox,-0.08,,,,
2014-08-30,Jemile Weeks,Boston Red Sox,Baltimore Orioles,0.24,,,,
2014-08-30,Ivan De Jesus,Boston Red Sox,Baltimore Orioles,0,,,,
2014-08-31,Nolan Sanburn,Chicago White Sox,Oakland Athletics,0,,,,
2014-08-31,Jonathan Broxton,Milwaukee Brewers,Cincinnati Reds,-0.54,,,,
2014-08-31,Adam Dunn,Oakland Athletics,Chicago White Sox,-0.03,,,,
2014-08-31,Gustavo Pierre,Philadelphia Phillies,Toronto Blue Jays,0,,,,
2014-08-31,John Mayberry,Toronto Blue Jays,Philadelphia Phillies,-0.02,,,,
2014-09-04,Jared Cruz,Houston Astros,Atlanta Braves,0,,,,
2014-09-16,Barrett Astin,Cincinnati Reds,Milwaukee Brewers,-0.13,,,,
2014-09-16,Kevin Shackelford,Cincinnati Reds,Milwaukee Brewers,-0.19,,,,
2014-10-04,Preston Guilmet,Pittsburgh Pirates,Baltimore Orioles,0,,,,
2014-10-26,Justin Sellers,Pittsburgh Pirates,Cleveland Guardians,0,,,,
2014-10-31,Liam Hendriks,Toronto Blue Jays,Kansas City Royals,0.94,,,,
2014-10-31,Santiago Nessy,Kansas City Royals,Toronto Blue Jays,0,,,,
2014-11-01,Marco Estrada,Toronto Blue Jays,Milwaukee Brewers,9.51,,,,
2014-11-02,Adam Lind,Milwaukee Brewers,Toronto Blue Jays,3.61,,,,
2014-11-03,Carlos Perez,Los Angeles Angels,Houston Astros,1.6,,,,
2014-11-06,Hank Conger,Houston Astros,Los Angeles Angels,0.48,,,,
2014-11-06,Nick Tropeano,Los Angeles Angels,Houston Astros,1.29,,,,
2014-11-11,Mark Sappington,Tampa Bay Rays,Los Angeles Angels,0,,,,
2014-11-11,Cesar Ramos,Los Angeles Angels,Tampa Bay Rays,0.96,,,,
2014-11-11,Rob Scahill,Pittsburgh Pirates,Colorado Rockies,-0.08,,,,
2014-11-11,Shane Carle,Colorado Rockies,Pittsburgh Pirates,-0.02,,,,
2014-11-13,Justin Wilson,New York Yankees,Pittsburgh Pirates,0.97,,,,
2014-11-13,Francisco Cervelli,Pittsburgh Pirates,New York Yankees,8.75,,,,
2014-11-13,Anthony Gose,Detroit Tigers,Toronto Blue Jays,0.44,,,,
2014-11-13,Devon Travis,Toronto Blue Jays,Detroit Tigers,5.62,,,,
2014-11-15,Jeremy Hellickson,Arizona Diamondbacks,Tampa Bay Rays,0.21,,,,
2014-11-15,Andrew Velazquez,Tampa Bay Rays,Arizona Diamondbacks,0.07,,,,
2014-11-15,Justin Williams,Tampa Bay Rays,Arizona Diamondbacks,-0.05,,,,
2014-11-17,Tommy La Stella,Chicago Cubs,Atlanta Braves,1.31,,,,
2014-11-17,Arodys Vizcaino,Atlanta Braves,Chicago Cubs,3.85,,,,
2014-11-17,Kyle Wren,Milwaukee Brewers,Atlanta Braves,0,,,,
2014-11-17,Zach Quintana,Atlanta Braves,Milwaukee Brewers,0,,,,
2014-11-17,Jason Heyward,St. Louis Cardinals,Atlanta Braves,6.97,,,,
2014-11-17,Jordan Walden,St. Louis Cardinals,Atlanta Braves,0.57,,,,
2014-11-17,Shelby Miller,Atlanta Braves,St. Louis Cardinals,3.83,,,,
2014-11-17,Tyrell Jenkins,Atlanta Braves,St. Louis Cardinals,-0.4,,,,
2014-11-20,Rey Fuentes,Kansas City Royals,San Diego Padres,-0.23,,,,
2014-11-20,Jose Dominguez,Tampa Bay Rays,Los Angeles Dodgers,0.23,,,,
2014-11-21,Daniel Robertson,Los Angeles Angels,Texas Rangers,0,,,,
2014-11-21,Kyle Bartsch,San Diego Padres,Kansas City Royals,0,,,,
2014-11-22,Adam Liberatore,Los Angeles Dodgers,Tampa Bay Rays,0.99,,,,
2014-11-22,Joel Peralta,Los Angeles Dodgers,Tampa Bay Rays,-0.03,,,,
2014-11-22,Greg Harris,Tampa Bay Rays,Los Angeles Dodgers,0,,,,
2014-11-23,Mike Bolsinger,Los Angeles Dodgers,Arizona Diamondbacks,0.12,,,,
2014-11-24,Ike Davis,Oakland Athletics,Pittsburgh Pirates,0.05,,,,
2014-11-24,Charles Brewer,Cleveland Guardians,Arizona Diamondbacks,0,,,,
2014-11-24,Sam Gaviglio,Seattle Mariners,St. Louis Cardinals,0.22,,,,
2014-11-24,Ty Kelly,St. Louis Cardinals,Seattle Mariners,0,,,,
2014-11-26,Ryan Jackson,Kansas City Royals,Los Angeles Dodgers,0,,,,
2014-11-26,Juan Nicasio,Los Angeles Dodgers,Colorado Rockies,0.27,,,,
2014-11-27,Scott Barnes,Baltimore Orioles,Cleveland Guardians,0,,,,
2014-11-28,Aaron Crow,Miami Marlins,Kansas City Royals,0,,,,
2014-11-29,Josh Donaldson,Toronto Blue Jays,Oakland Athletics,19.77,,,,
2014-11-29,Brett Lawrie,Oakland Athletics,Toronto Blue Jays,1.68,,,,
2014-11-29,Kendall Graveman,Oakland Athletics,Toronto Blue Jays,5.43,,,,
2014-11-29,Sean Nolin,Oakland Athletics,Toronto Blue Jays,-0.26,,,,
2014-11-29,Franklin Barreto,Oakland Athletics,Toronto Blue Jays,-0.84,,,,
2014-11-29,Brian Flynn,Kansas City Royals,Miami Marlins,1.9,,,,
2014-11-29,Reid Redman,Kansas City Royals,Miami Marlins,0,,,,
2014-12-02,Sean Rodriguez,Pittsburgh Pirates,Tampa Bay Rays,1.13,,,,
2014-12-03,Chris Heisey,Los Angeles Dodgers,Cincinnati Reds,0.09,,,,
2014-12-03,Matt Magill,Cincinnati Reds,Los Angeles Dodgers,-0.02,,,,
2014-12-04,Michael Saunders,Toronto Blue Jays,Seattle Mariners,1.12,,,,
2014-12-04,J.A. Happ,Seattle Mariners,Toronto Blue Jays,0,,,,
2014-12-05,Robbie Ray,Arizona Diamondbacks,Detroit Tigers,9.38,,,,
2014-12-05,Domingo Leyba,Arizona Diamondbacks,Detroit Tigers,-0.36,,,,
2014-12-06,Didi Gregorius,New York Yankees,Arizona Diamondbacks,14.82,,,,
2014-12-06,Shane Greene,Detroit Tigers,New York Yankees,1.88,,,,
2014-12-09,Brandon Moss,Cleveland Guardians,Oakland Athletics,-0.42,,,,
2014-12-09,Joey Wendle,Oakland Athletics,Cleveland Guardians,0.63,,,,
2014-12-10,Jeff Samardzija,Chicago White Sox,Oakland Athletics,0.33,,,,
2014-12-10,Michael Ynoa,Chicago White Sox,Oakland Athletics,0.16,,,,
2014-12-10,Chris Bassitt,Oakland Athletics,Chicago White Sox,9.74,,,,
2014-12-10,Josh Phegley,Oakland Athletics,Chicago White Sox,2.49,,,,
2014-12-10,Rangel Ravelo,Oakland Athletics,Chicago White Sox,0,,,,
2014-12-10,Drew Butera,Los Angeles Angels,Los Angeles Dodgers,-0.56,,,,
2014-12-10,Miguel Montero,Chicago Cubs,Arizona Diamondbacks,1.55,,,,
2014-12-10,Jeferson Mejia,Arizona Diamondbacks,Chicago Cubs,0,,,,
2014-12-10,Zack Godley,Arizona Diamondbacks,Chicago Cubs,1.82,,,,
2014-12-10,Marcus Semien,Oakland Athletics,Chicago White Sox,19.95,,,,
2014-12-11,Antonio Bastardo,Pittsburgh Pirates,Philadelphia Phillies,0.17,,,,
2014-12-11,Joely Rodriguez,Philadelphia Phillies,Pittsburgh Pirates,-0.76,,,,
2014-12-11,Dee Strange-Gordon,Miami Marlins,Los Angeles Dodgers,8.69,,,,
2014-12-11,Dan Haren,Miami Marlins,Los Angeles Dodgers,2.05,,,,
2014-12-11,Miguel Rojas,Miami Marlins,Los Angeles Dodgers,11.44,,,,
2014-12-11,Andrew Heaney,Los Angeles Dodgers,Miami Marlins,0.31,,,,
2014-12-11,Enrique Hernandez,Los Angeles Dodgers,Miami Marlins,10.4,,,,
2014-12-11,Chris Hatcher,Los Angeles Dodgers,Miami Marlins,-0.75,,,,
2014-12-11,Austin Barnes,Los Angeles Dodgers,Miami Marlins,4.43,,,,
2014-12-11,Howie Kendrick,Los Angeles Dodgers,Los Angeles Angels,2.39,,,,
2014-12-11,Josh Rutledge,Los Angeles Angels,Colorado Rockies,0,,,,
2014-12-11,Jairo Diaz,Colorado Rockies,Los Angeles Angels,0.18,,,,
2014-12-11,Dan Jennings,Chicago White Sox,Miami Marlins,2.33,,,,
2014-12-11,Austin House,Colorado Rockies,Oakland Athletics,0,,,,
2014-12-12,Andrew Heaney,Los Angeles Angels,Los Angeles Dodgers,6.71,,,,
2014-12-12,Rick Porcello,Boston Red Sox,Detroit Tigers,8.09,,,,
2014-12-12,Yoenis Cespedes,Detroit Tigers,Boston Red Sox,4.08,,,,
2014-12-12,Alex Wilson,Detroit Tigers,Boston Red Sox,5.68,,,,
2014-12-12,Gabe Speier,Detroit Tigers,Boston Red Sox,0,,,,
2014-12-12,Alfredo Simon,Detroit Tigers,Cincinnati Reds,-0.45,,,,
2014-12-12,Eugenio Suarez,Cincinnati Reds,Detroit Tigers,12.84,,,,
2014-12-12,Mat Latos,Miami Marlins,Cincinnati Reds,0.43,,,,
2014-12-12,Anthony DeSclafani,Cincinnati Reds,Miami Marlins,7.07,,,,
2014-12-12,Andre Rienzo,Miami Marlins,Chicago White Sox,-0.31,,,,
2014-12-12,Chad Wallach,Cincinnati Reds,Miami Marlins,-0.1,,,,
2014-12-12,Jonathon Crawford,Cincinnati Reds,Detroit Tigers,0,,,,
2014-12-13,Jason Garcia,Baltimore Orioles,Houston Astros,-0.09,,,,
2014-12-13,Jandel Gustave,Kansas City Royals,Boston Red Sox,0,,,,
2014-12-13,Mark Canha,Oakland Athletics,Colorado Rockies,10.35,,,,
2014-12-13,Wade Miley,Boston Red Sox,Arizona Diamondbacks,2.29,,,,
2014-12-13,Rubby De La Rosa,Arizona Diamondbacks,Boston Red Sox,0.4,,,,
2014-12-13,Raymel Flores,Arizona Diamondbacks,Boston Red Sox,0,,,,
2014-12-13,Allen Webster,Arizona Diamondbacks,Boston Red Sox,-0.91,,,,
2014-12-13,Zeke Spruill,Boston Red Sox,Arizona Diamondbacks,0,,,,
2014-12-13,Myles Smith,Arizona Diamondbacks,Boston Red Sox,0,,,,
2014-12-13,Ross Detwiler,Texas Rangers,Washington Nationals,-1.14,,,,
2014-12-13,Christopher Bostick,Washington Nationals,Texas Rangers,0,,,,
2014-12-13,Abel De Los Santos,Washington Nationals,Texas Rangers,0,,,,
2014-12-15,Marco Hernandez,Boston Red Sox,Chicago Cubs,-0.05,,,,
2014-12-15,Kyle Jensen,Los Angeles Dodgers,Miami Marlins,0,,,,
2014-12-16,Noel Cuevas,Colorado Rockies,Los Angeles Dodgers,-1.36,,,,
2014-12-17,Kevin Jepsen,Tampa Bay Rays,Los Angeles Angels,0.38,,,,
2014-12-17,Matt Joyce,Los Angeles Angels,Tampa Bay Rays,-0.9,,,,
2014-12-18,Anthony Varvaro,Boston Red Sox,Atlanta Braves,0.13,,,,
2014-12-18,Aaron Kurcz,Atlanta Braves,Boston Red Sox,0,,,,
2014-12-18,Justin Ruggiano,Seattle Mariners,Chicago Cubs,-0.55,,,,
2014-12-18,Matt Brazis,Chicago Cubs,Seattle Mariners,0,,,,
2014-12-18,Tim Federowicz,San Diego Padres,Los Angeles Dodgers,0,,,,
2014-12-19,R.J. Alvarez,Oakland Athletics,San Diego Padres,0,,,,
2014-12-19,Jesse Hahn,Oakland Athletics,San Diego Padres,0.49,,,,
2014-12-19,Derek Norris,San Diego Padres,Oakland Athletics,2.83,,,,
2014-12-19,Seth Streich,San Diego Padres,Oakland Athletics,0,,,,
2014-12-19,Eury De La Rosa,Oakland Athletics,Arizona Diamondbacks,0,,,,
2014-12-19,Matt Kemp,San Diego Padres,Los Angeles Dodgers,0.82,,,,
2014-12-19,Joe Wieland,Los Angeles Dodgers,San Diego Padres,-0.32,,,,
2014-12-19,Zach Eflin,Los Angeles Dodgers,San Diego Padres,0,,,,
2014-12-19,Yasmani Grandal,Los Angeles Dodgers,San Diego Padres,10.12,,,,
2014-12-20,Wil Myers,San Diego Padres,Tampa Bay Rays,12.48,,,,
2014-12-20,Gerardo Reyes,San Diego Padres,Tampa Bay Rays,-0.49,,,,
2014-12-20,Jose Castillo,San Diego Padres,Tampa Bay Rays,0.44,,,,
2014-12-20,Ryan Hanigan,San Diego Padres,Tampa Bay Rays,0,,,,
2014-12-20,Rene Rivera,Tampa Bay Rays,San Diego Padres,-1.98,,,,
2014-12-20,Burch Smith,Tampa Bay Rays,San Diego Padres,0,,,,
2014-12-20,Jake Bauers,Tampa Bay Rays,San Diego Padres,0.45,,,,
2014-12-20,Steven Souza,Tampa Bay Rays,Washington Nationals,6.19,,,,
2014-12-20,Travis Ott,Tampa Bay Rays,Washington Nationals,0,,,,
2014-12-20,Joe Ross,Washington Nationals,San Diego Padres,4.96,,,,
2014-12-20,Trea Turner,Washington Nationals,San Diego Padres,22.32,,,,
2014-12-20,Will Middlebrooks,San Diego Padres,Boston Red Sox,-0.63,,,,
2014-12-20,Gonzalez Germen,New York Yankees,New York Mets,0,,,,
2014-12-20,Martin Prado,Miami Marlins,New York Yankees,5.54,,,,
2014-12-20,David Phelps,Miami Marlins,New York Yankees,3.02,,,,
2014-12-20,Garrett Jones,New York Yankees,Miami Marlins,-0.61,,,,
2014-12-20,Nathan Eovaldi,New York Yankees,Miami Marlins,3.5,,,,
2014-12-20,Domingo German,New York Yankees,Miami Marlins,4.49,,,,
2014-12-20,Justin Upton,San Diego Padres,Atlanta Braves,4.11,,,,
2014-12-20,Aaron Northcraft,San Diego Padres,Atlanta Braves,0.19,,,,
2014-12-20,Jace Peterson,Atlanta Braves,San Diego Padres,1.24,,,,
2014-12-20,Dustin Peterson,Atlanta Braves,San Diego Padres,-0.05,,,,
2014-12-20,Mallex Smith,Atlanta Braves,San Diego Padres,1.09,,,,
2014-12-20,Max Fried,Atlanta Braves,San Diego Padres,23.93,,,,
2014-12-20,Johnny Giavotella,Los Angeles Angels,Kansas City Royals,1.47,,,,
2014-12-20,Brian Broderick,Kansas City Royals,Los Angeles Angels,0,,,,
2014-12-20,Jimmy Rollins,Los Angeles Dodgers,Philadelphia Phillies,0.78,,,,
2014-12-20,Tom Windle,Philadelphia Phillies,Los Angeles Dodgers,0,,,,
2014-12-20,Zach Eflin,Philadelphia Phillies,Los Angeles Dodgers,6.65,,,,
2014-12-21,Ryan Hanigan,Boston Red Sox,San Diego Padres,-0.24,,,,
2014-12-21,Casey McGehee,San Francisco Giants,Miami Marlins,-0.86,,,,
2014-12-21,Kendry Flores,Miami Marlins,San Francisco Giants,0.08,,,,
2014-12-21,Luis Castillo,Miami Marlins,San Francisco Giants,0,,,,
2014-12-28,Matt Long,Los Angeles Dodgers,Los Angeles Angels,0,,,,
2014-12-28,Craig Stem,Miami Marlins,Los Angeles Dodgers,0,,,,
2014-12-28,Shawn Zarraga,Los Angeles Dodgers,Milwaukee Brewers,0,,,,
2014-12-28,Jarret Martin,Milwaukee Brewers,Los Angeles Dodgers,0,,,,
2014-12-29,Matt Long,Milwaukee Brewers,Los Angeles Dodgers,0,,,,
2014-12-30,Shawn Kelley,San Diego Padres,New York Yankees,0.73,,,,
2014-12-30,Johnny Barbato,New York Yankees,San Diego Padres,-0.3,,,,
2014-12-31,Seth Smith,Seattle Mariners,San Diego Padres,2.26,,,,
2014-12-31,Brandon Maurer,San Diego Padres,Seattle Mariners,-0.15,,,,
2015-01-01,Marlon Byrd,Cincinnati Reds,Philadelphia Phillies,0.97,,,,
2015-01-01,Ben Lively,Philadelphia Phillies,Cincinnati Reds,1.25,,,,
2015-01-01,David Carpenter,New York Yankees,Atlanta Braves,-0.03,,,,
2015-01-01,Chasen Shreve,New York Yankees,Atlanta Braves,1.52,,,,
2015-01-01,Manny Banuelos,Atlanta Braves,New York Yankees,-0.24,,,,
2015-01-11,John Jaso,Tampa Bay Rays,Oakland Athletics,0.98,,,,
2015-01-11,Daniel Robertson,Tampa Bay Rays,Oakland Athletics,2.65,,,,
2015-01-11,Boog Powell,Tampa Bay Rays,Oakland Athletics,0,,,,
2015-01-11,Ben Zobrist,Oakland Athletics,Tampa Bay Rays,1.31,,,,
2015-01-11,Yunel Escobar,Oakland Athletics,Tampa Bay Rays,0,,,,
2015-01-12,Nate Hyatt,Los Angeles Angels,Atlanta Braves,0,,,,
2015-01-12,Kyle Kubitza,Los Angeles Angels,Atlanta Braves,-0.32,,,,
2015-01-12,Ricardo Sanchez,Atlanta Braves,Los Angeles Angels,0,,,,
2015-01-13,Chris Martin,New York Yankees,Colorado Rockies,-0.11,,,,
2015-01-15,Evan Gattis,Houston Astros,Atlanta Braves,4.91,,,,
2015-01-15,Mike Foltynewicz,Atlanta Braves,Houston Astros,5.14,,,,
2015-01-15,Rio Ruiz,Atlanta Braves,Houston Astros,-0.12,,,,
2015-01-15,Andrew Thurman,Atlanta Braves,Houston Astros,0,,,,
2015-01-15,Danny Rosenbaum,Boston Red Sox,Washington Nationals,0,,,,
2015-01-15,Dan Butler,Washington Nationals,Boston Red Sox,0,,,,
2015-01-15,Tyler Clippard,Oakland Athletics,Washington Nationals,0.93,,,,
2015-01-15,Yunel Escobar,Washington Nationals,Oakland Athletics,2.05,,,,
2015-01-15,Lars Huijer,Chicago Cubs,Seattle Mariners,0,,,,
2015-01-15,Mike Kickham,Seattle Mariners,Chicago Cubs,0,,,,
2015-01-20,Dexter Fowler,Chicago Cubs,Houston Astros,6.27,,,,
2015-01-20,Dan Straily,Houston Astros,Chicago Cubs,-0.1,,,,
2015-01-20,Luis Valbuena,Houston Astros,Chicago Cubs,4.92,,,,
2015-01-20,Yovani Gallardo,Texas Rangers,Milwaukee Brewers,4.66,,,,
2015-01-20,Luis Sardinas,Milwaukee Brewers,Texas Rangers,-0.15,,,,
2015-01-20,Marcos Diplan,Milwaukee Brewers,Texas Rangers,0,,,,
2015-01-20,Corey Knebel,Milwaukee Brewers,Texas Rangers,4.47,,,,
2015-01-21,Gonzalez Germen,Texas Rangers,New York Yankees,0,,,,
2015-01-22,Carlos Corporan,Texas Rangers,Houston Astros,-0.42,,,,
2015-01-22,Akeem Bostick,Houston Astros,Texas Rangers,0,,,,
2015-01-27,Robbie Ross,Boston Red Sox,Texas Rangers,1.34,,,,
2015-01-27,Anthony Ranaudo,Texas Rangers,Boston Red Sox,-0.8,,,,
2015-01-27,Travis Snider,Baltimore Orioles,Pittsburgh Pirates,1.07,,,,
2015-01-28,Stephen Tarpley,Pittsburgh Pirates,Baltimore Orioles,0,,,,
2015-01-30,Mike Marjama,Tampa Bay Rays,Chicago White Sox,0,,,,
2015-01-31,Gus Schlosser,Colorado Rockies,Atlanta Braves,0,,,,
2015-01-31,Jose Briceno,Atlanta Braves,Colorado Rockies,0,,,,
2015-01-31,Chris O'Dowd,Atlanta Braves,Colorado Rockies,0,,,,
2015-02-03,Mike Ohlman,St. Louis Cardinals,Baltimore Orioles,0,,,,
2015-02-04,Steve Lombardozzi,Pittsburgh Pirates,Baltimore Orioles,-0.27,,,,
2015-02-05,Arquimedes Caminero,Pittsburgh Pirates,Miami Marlins,1,,,,
2015-02-05,Jayson Aquino,Toronto Blue Jays,Colorado Rockies,0,,,,
2015-02-05,Tyler Ybarra,Colorado Rockies,Toronto Blue Jays,0,,,,
2015-02-09,Edward Salcedo,Pittsburgh Pirates,Atlanta Braves,0,,,,
2015-02-09,Bryton Trepagnier,Atlanta Braves,Pittsburgh Pirates,0,,,,
2015-02-09,Yency Almonte,Chicago White Sox,Los Angeles Angels,0,,,,
2015-03-02,Steven Brault,Pittsburgh Pirates,Baltimore Orioles,1.59,,,,
2015-03-23,Jackson Williams,San Francisco Giants,Los Angeles Angels,0.09,,,,
2015-03-24,Neftali Soto,Chicago White Sox,Cincinnati Reds,0,,,,
2015-03-27,Dan Johnson,Cincinnati Reds,Houston Astros,0,,,,
2015-03-29,Sam Freeman,Texas Rangers,St. Louis Cardinals,0.99,,,,
2015-03-30,Alex Torres,New York Mets,San Diego Padres,0.1,,,,
2015-03-31,Sandy Leon,Boston Red Sox,Washington Nationals,2.12,,,,
2015-03-31,Matthew den Dekker,Washington Nationals,New York Mets,0,,,,
2015-03-31,Jerry Blevins,New York Mets,Washington Nationals,2.8,,,,
2015-03-31,Cory Mazzoni,San Diego Padres,New York Mets,-1.48,,,,
2015-03-31,Sean Furney,Atlanta Braves,Arizona Diamondbacks,0,,,,
2015-03-31,Mike Blanke,Arizona Diamondbacks,Chicago White Sox,0,,,,
2015-03-31,Mike McDade,Baltimore Orioles,Texas Rangers,0,,,,
2015-04-01,Audry Perez,Baltimore Orioles,Colorado Rockies,0,,,,
2015-04-01,Erasmo Ramirez,Tampa Bay Rays,Seattle Mariners,1.8,,,,
2015-04-01,Mike Montgomery,Seattle Mariners,Tampa Bay Rays,2.08,,,,
2015-04-02,Gregorio Petit,New York Yankees,Houston Astros,-0.62,,,,
2015-04-02,Tony Zych,Seattle Mariners,Chicago Cubs,1.6,,,,
2015-04-03,Trevor Cahill,Atlanta Braves,Arizona Diamondbacks,-0.69,,,,
2015-04-03,Josh Elander,Arizona Diamondbacks,Atlanta Braves,0,,,,
2015-04-05,Michael Bowden,Baltimore Orioles,Cincinnati Reds,0,,,,
2015-04-05,Rudy Owens,Los Angeles Dodgers,Oakland Athletics,0,,,,
2015-04-05,Craig Kimbrel,San Diego Padres,Atlanta Braves,1.33,,,,
2015-04-05,Cameron Maybin,Atlanta Braves,San Diego Padres,0.46,,,,
2015-04-05,Carlos Quentin,Atlanta Braves,San Diego Padres,0,,,,
2015-04-05,Matt Wisler,Atlanta Braves,San Diego Padres,-0.05,,,,
2015-04-05,Jordan Paroubeck,Atlanta Braves,San Diego Padres,0,,,,
2015-04-05,Bradin Hagens,Tampa Bay Rays,Arizona Diamondbacks,0,,,,
2015-04-06,B.J. Upton,San Diego Padres,Atlanta Braves,0,,,,
2015-04-07,Angel Baez,Houston Astros,Kansas City Royals,0,,,,
2015-04-07,Elliot Johnson,Los Angeles Dodgers,Texas Rangers,0,,,,
2015-04-07,Hunter Morris,Pittsburgh Pirates,Milwaukee Brewers,0,,,,
2015-04-07,Matt Buschmann,Tampa Bay Rays,Oakland Athletics,0,,,,
2015-04-10,Ryan Webb,Los Angeles Dodgers,Baltimore Orioles,0,,,,
2015-04-10,Chris O'Brien,Baltimore Orioles,Los Angeles Dodgers,0,,,,
2015-04-10,Brian Ward,Los Angeles Dodgers,Baltimore Orioles,0,,,,
2015-04-22,Dan Rohlfing,New York Mets,Minnesota Twins,0,,,,
2015-04-23,Xavier Cedeno,Los Angeles Dodgers,Washington Nationals,0,,,,
2015-04-27,Xavier Cedeno,Tampa Bay Rays,Los Angeles Dodgers,1.23,,,,
2015-04-27,Josh Hamilton,Texas Rangers,Los Angeles Angels,0.42,,,,
2015-05-04,Andy Wilkins,Los Angeles Dodgers,Toronto Blue Jays,0,,,,
2015-05-05,Matt West,Los Angeles Dodgers,Toronto Blue Jays,0.09,,,,
2015-05-06,Darin Mastroianni,Washington Nationals,Philadelphia Phillies,0,,,,
2015-05-08,Drew Butera,Kansas City Royals,Los Angeles Angels,-1.45,,,,
2015-05-08,Matt Carson,Oakland Athletics,Los Angeles Dodgers,0,,,,
2015-05-08,Ryan Jackson,Los Angeles Angels,Kansas City Royals,-0.54,,,,
2015-05-10,Edward Mujica,Oakland Athletics,Boston Red Sox,-0.49,,,,
2015-05-12,Jayson Aquino,Pittsburgh Pirates,Toronto Blue Jays,0,,,,
2015-05-16,Blake Forsythe,Philadelphia Phillies,Oakland Athletics,0,,,,
2015-05-16,Jayson Nix,Philadelphia Phillies,Baltimore Orioles,0,,,,
2015-05-18,Chris Leroux,Philadelphia Phillies,Milwaukee Brewers,0,,,,
2015-05-18,Chris Lee,Baltimore Orioles,Houston Astros,0,,,,
2015-05-19,Welington Castillo,Seattle Mariners,Chicago Cubs,-0.35,,,,
2015-05-19,Yoervis Medina,Chicago Cubs,Seattle Mariners,-0.12,,,,
2015-05-20,John Cornely,Boston Red Sox,Atlanta Braves,0,,,,
2015-05-23,Eric Surkamp,Los Angeles Dodgers,Chicago White Sox,-0.2,,,,
2015-05-23,Blake Smith,Chicago White Sox,Los Angeles Dodgers,-0.03,,,,
2015-05-27,Juan Uribe,Atlanta Braves,Los Angeles Dodgers,0.75,,,,
2015-05-27,Chris Withrow,Atlanta Braves,Los Angeles Dodgers,0.47,,,,
2015-05-27,Alberto Callaspo,Los Angeles Dodgers,Atlanta Braves,-0.26,,,,
2015-05-27,Eric Stults,Los Angeles Dodgers,Atlanta Braves,0,,,,
2015-05-27,Juan Jaime,Los Angeles Dodgers,Atlanta Braves,0,,,,
2015-05-27,Carlos Peguero,Boston Red Sox,Texas Rangers,-0.02,,,,
2015-05-27,Kirk Nieuwenhuis,Los Angeles Angels,New York Mets,0.01,,,,
2015-05-28,Ian Thomas,Los Angeles Dodgers,Atlanta Braves,0.23,,,,
2015-05-30,Ruben Sosa,Los Angeles Angels,Houston Astros,0,,,,
2015-06-01,Alexander Simon,Chicago White Sox,Tampa Bay Rays,0,,,,
2015-06-02,P.J. Walters,Washington Nationals,Los Angeles Dodgers,0,,,,
2015-06-03,Mark Trumbo,Seattle Mariners,Arizona Diamondbacks,0.95,,,,
2015-06-03,Vidal Nuno,Seattle Mariners,Arizona Diamondbacks,1.95,,,,
2015-06-03,Welington Castillo,Arizona Diamondbacks,Seattle Mariners,3.4,,,,
2015-06-03,Dominic Leone,Arizona Diamondbacks,Seattle Mariners,-0.64,,,,
2015-06-03,Gabriel Guerrero,Arizona Diamondbacks,Seattle Mariners,0,,,,
2015-06-03,Jack Reinheimer,Arizona Diamondbacks,Seattle Mariners,-0.11,,,,
2015-06-04,Alejandro De Aza,Boston Red Sox,Baltimore Orioles,1.17,,,,
2015-06-04,Joe Gunkel,Baltimore Orioles,Boston Red Sox,0,,,,
2015-06-06,Martin Medina,Toronto Blue Jays,Chicago White Sox,0,,,,
2015-06-12,David Carpenter,Washington Nationals,New York Yankees,0.22,,,,
2015-06-12,Ronald Torreyes,Los Angeles Dodgers,Toronto Blue Jays,0.12,,,,
2015-06-12,Tony Renda,New York Yankees,Washington Nationals,0,,,,
2015-06-13,Brad Wieck,San Diego Padres,New York Mets,-0.37,,,,
2015-06-19,Collin Balester,Cincinnati Reds,Pittsburgh Pirates,-0.37,,,,
2015-06-19,Tim Crabbe,Chicago White Sox,Arizona Diamondbacks,0,,,,
2015-06-21,Phil Gosselin,Arizona Diamondbacks,Atlanta Braves,0,,,,
2015-06-21,Bronson Arroyo,Atlanta Braves,Arizona Diamondbacks,0,,,,
2015-06-21,Touki Toussaint,Atlanta Braves,Arizona Diamondbacks,-0.86,,,,
2015-06-25,Marc Krauss,Tampa Bay Rays,Los Angeles Angels,-0.16,,,,
2015-06-27,Richard Rodriguez,Baltimore Orioles,San Francisco Giants,-0.32,,,,
2015-06-30,Alexi Casilla,Detroit Tigers,Tampa Bay Rays,0,,,,
2015-07-02,Chase De Jong,Los Angeles Dodgers,Toronto Blue Jays,0,,,,
2015-07-02,Tim Locastro,Los Angeles Dodgers,Toronto Blue Jays,0.08,,,,
2015-07-02,Jason Hoppe,Los Angeles Angels,Texas Rangers,0,,,,
2015-07-02,Cody Martin,Oakland Athletics,Atlanta Braves,-0.63,,,,
2015-07-03,Manuel Rondon,Chicago Cubs,Los Angeles Angels,0,,,,
2015-07-03,Raffy Lopez,Los Angeles Angels,Chicago Cubs,0,,,,
2015-07-03,Philip Pohl,Colorado Rockies,Oakland Athletics,0,,,,
2015-07-03,Garrett Fulenchek,Tampa Bay Rays,Atlanta Braves,0,,,,
2015-07-06,Aaron Kurcz,Oakland Athletics,Atlanta Braves,0,,,,
2015-07-07,Ryan Verdugo,Los Angeles Angels,Oakland Athletics,0,,,,
2015-07-07,Chris Oliver,Arizona Diamondbacks,Philadelphia Phillies,0,,,,
2015-07-07,Josh Taylor,Arizona Diamondbacks,Philadelphia Phillies,0,,,,
2015-07-09,Miguel Celestino,Cincinnati Reds,Boston Red Sox,0,,,,
2015-07-14,Grant Dayton,Los Angeles Dodgers,Miami Marlins,0.58,,,,
2015-07-16,Chris Reed,Miami Marlins,Los Angeles Dodgers,0,,,,
2015-07-23,Daniel Mengden,Oakland Athletics,Houston Astros,2.43,,,,
2015-07-23,Jacob Nottingham,Oakland Athletics,Houston Astros,0,,,,
2015-07-23,Tyler Knigge,Seattle Mariners,Philadelphia Phillies,0,,,,
2015-07-24,Aramis Ramirez,Pittsburgh Pirates,Milwaukee Brewers,-0.11,,,,
2015-07-24,Yhonathan Barrios,Milwaukee Brewers,Pittsburgh Pirates,0.3,,,,
2015-07-24,Scott Kazmir,Houston Astros,Oakland Athletics,-0.15,,,,
2015-07-25,Conor Gillaspie,Los Angeles Angels,Chicago White Sox,-0.03,,,,
2015-07-25,Kelly Johnson,New York Mets,Atlanta Braves,1,,,,
2015-07-25,Juan Uribe,New York Mets,Atlanta Braves,0.52,,,,
2015-07-25,Steve Cishek,St. Louis Cardinals,Miami Marlins,0.44,,,,
2015-07-25,Kyle Barraclough,Miami Marlins,St. Louis Cardinals,2.72,,,,
2015-07-25,John Gant,Atlanta Braves,New York Mets,-0.35,,,,
2015-07-25,Rob Whalen,Atlanta Braves,New York Mets,0,,,,
2015-07-27,Johnny Cueto,Kansas City Royals,Cincinnati Reds,0.28,,,,
2015-07-27,Brandon Finnegan,Cincinnati Reds,Kansas City Royals,1.5,,,,
2015-07-27,John Lamb,Cincinnati Reds,Kansas City Royals,-1.48,,,,
2015-07-27,Cody Reed,Cincinnati Reds,Kansas City Royals,-1.1,,,,
2015-07-27,JC Ramirez,Seattle Mariners,Arizona Diamondbacks,0,,,,
2015-07-28,Josh Rutledge,Boston Red Sox,Los Angeles Angels,0.06,,,,
2015-07-28,Tyler Clippard,New York Mets,Oakland Athletics,0.3,,,,
2015-07-28,Casey Meisner,Oakland Athletics,New York Mets,0,,,,
2015-07-28,Shane Victorino,Los Angeles Angels,Boston Red Sox,-0.35,,,,
2015-07-28,Aaron Brooks,Oakland Athletics,Kansas City Royals,-0.84,,,,
2015-07-28,Miguel Castro,Colorado Rockies,Toronto Blue Jays,-0.35,,,,
2015-07-28,Jeff Hoffman,Colorado Rockies,Toronto Blue Jays,-1.9,,,,
2015-07-28,Jesus Tinoco,Colorado Rockies,Toronto Blue Jays,-0.16,,,,
2015-07-28,Jonathan Papelbon,Washington Nationals,Philadelphia Phillies,-0.1,,,,
2015-07-29,Troy Tulowitzki,Toronto Blue Jays,Colorado Rockies,5.16,,,,
2015-07-29,LaTroy Hawkins,Toronto Blue Jays,Colorado Rockies,0.14,,,,
2015-07-29,Jose Reyes,Colorado Rockies,Toronto Blue Jays,-0.24,,,,
2015-07-29,David DeJesus,Los Angeles Angels,Tampa Bay Rays,-0.66,,,,
2015-07-29,David Murphy,Los Angeles Angels,Cleveland Guardians,-0.33,,,,
2015-07-29,Eric StaNew York Mets,Cleveland Guardians,Los Angeles Angels,0,,,,
2015-07-29,Ben Zobrist,Kansas City Royals,Oakland Athletics,1.12,,,,
2015-07-29,Sean Manaea,Oakland Athletics,Kansas City Royals,12.6,,,,
2015-07-29,Nick Pivetta,Philadelphia Phillies,Washington Nationals,0.1,,,,
2015-07-30,Joe Blanton,Pittsburgh Pirates,Kansas City Royals,0.87,,,,
2015-07-30,Victor Araujo,Miami Marlins,Los Angeles Dodgers,0,,,,
2015-07-30,Jeff Brigham,Miami Marlins,Los Angeles Dodgers,0.35,,,,
2015-07-30,Kevin Guzman,Miami Marlins,Los Angeles Dodgers,0,,,,
2015-07-30,Rob Kaminsky,Cleveland Guardians,St. Louis Cardinals,0,,,,
2015-07-30,Justin Sellers,Chicago White Sox,Pittsburgh Pirates,0,,,,
2015-07-30,David Price,Toronto Blue Jays,Detroit Tigers,2.5,,,,
2015-07-31,Mike Leake,San Francisco Giants,Cincinnati Reds,0.47,,,,
2015-07-31,Adam Duvall,Cincinnati Reds,San Francisco Giants,6.88,,,,
2015-07-31,Keury Mella,Cincinnati Reds,San Francisco Giants,-0.36,,,,
2015-07-31,Carlos Gomez,Houston Astros,Milwaukee Brewers,-0.25,,,,
2015-07-31,Mike Fiers,Houston Astros,Milwaukee Brewers,0.45,,,,
2015-07-31,Domingo Santana,Milwaukee Brewers,Houston Astros,3.66,,,,
2015-07-31,Adrian Houser,Milwaukee Brewers,Houston Astros,3.56,,,,
2015-07-31,Joakim Soria,Pittsburgh Pirates,Detroit Tigers,0.73,,,,
2015-07-31,Mat Latos,Los Angeles Dodgers,Miami Marlins,-0.53,,,,
2015-07-31,Michael Morse,Los Angeles Dodgers,Miami Marlins,0,,,,
2015-07-31,Alex Wood,Los Angeles Dodgers,Atlanta Braves,4.47,,,,
2015-07-31,Jim Johnson,Los Angeles Dodgers,Atlanta Braves,-1.59,,,,
2015-07-31,Luis Avilan,Los Angeles Dodgers,Atlanta Braves,0.71,,,,
2015-07-31,Bronson Arroyo,Los Angeles Dodgers,Atlanta Braves,0,,,,
2015-07-31,Paco Rodriguez,Atlanta Braves,Los Angeles Dodgers,0,,,,
2015-07-31,Hector Olivera,Atlanta Braves,Los Angeles Dodgers,-0.37,,,,
2015-07-31,Dustin Ackley,New York Yankees,Seattle Mariners,-0.03,,,,
2015-07-31,Ramon Flores,Seattle Mariners,New York Yankees,0,,,,
2015-07-31,Jose Ramirez,Seattle Mariners,New York Yankees,-0.41,,,,
2015-07-31,Daniel Norris,Detroit Tigers,Toronto Blue Jays,6.64,,,,
2015-07-31,Brandon Moss,St. Louis Cardinals,Cleveland Guardians,0.88,,,,
2015-07-31,Abraham Almonte,Cleveland Guardians,San Diego Padres,1.71,,,,
2015-07-31,Zack Bird,Atlanta Braves,Los Angeles Dodgers,0,,,,
2015-07-31,Matthew Boyd,Detroit Tigers,Toronto Blue Jays,0,,,,
2015-07-31,Jake Brentz,Seattle Mariners,Toronto Blue Jays,0,,,,
2015-07-31,Malik Collymore,Milwaukee Brewers,St. Louis Cardinals,0,,,,
2015-07-31,Zach Davies,Milwaukee Brewers,Baltimore Orioles,8.09,,,,
2015-07-31,Jerad Eickhoff,Philadelphia Phillies,Texas Rangers,5.62,,,,
2015-07-31,JaCoby Jones,Detroit Tigers,Pittsburgh Pirates,1.02,,,,
2015-07-31,Jairo Labourt,Detroit Tigers,Toronto Blue Jays,0.07,,,,
2015-07-31,Junior Lake,Baltimore Orioles,Chicago Cubs,-0.42,,,,
2015-07-31,Eduar Lopez,Tampa Bay Rays,Los Angeles Angels,0,,,,
2015-07-31,Ivan Pineyro,Miami Marlins,Chicago Cubs,0,,,,
2015-07-31,Adrian Sampson,Seattle Mariners,Pittsburgh Pirates,-0.04,,,,
2015-07-31,Elliot Soto,Miami Marlins,Chicago Cubs,0,,,,
2015-07-31,Nick Wells,Seattle Mariners,Toronto Blue Jays,0,,,,
2015-07-31,Ben Revere,Toronto Blue Jays,Philadelphia Phillies,0.69,,,,
2015-07-31,Tommy Hunter,Chicago Cubs,Baltimore Orioles,-0.24,,,,
2015-07-31,Felix Doubront,Oakland Athletics,Toronto Blue Jays,-0.39,,,,
2015-07-31,Kevin Jepsen,Minnesota Twins,Tampa Bay Rays,0.73,,,,
2015-07-31,Alexis Tapia,Tampa Bay Rays,Minnesota Twins,0,,,,
2015-07-31,Cole Hamels,Texas Rangers,Philadelphia Phillies,11.02,,,,
2015-07-31,Jake Diekman,Texas Rangers,Philadelphia Phillies,3.15,,,,
2015-07-31,Matt Harrison,Philadelphia Phillies,Texas Rangers,0,,,,
2015-07-31,Jorge Alfaro,Philadelphia Phillies,Texas Rangers,2.04,,,,
2015-07-31,Nick Williams,Philadelphia Phillies,Texas Rangers,-1.52,,,,
2015-07-31,Jake Thompson,Philadelphia Phillies,Texas Rangers,0.16,,,,
2015-07-31,Alec Asher,Philadelphia Phillies,Texas Rangers,-0.34,,,,
2015-07-31,J.A. Happ,Pittsburgh Pirates,Seattle Mariners,0,,,,
2015-07-31,Jonathan Broxton,St. Louis Cardinals,Milwaukee Brewers,0.24,,,,
2015-07-31,Mark Lowe,Toronto Blue Jays,Seattle Mariners,0.06,,,,
2015-07-31,Dan Haren,Chicago Cubs,Miami Marlins,0.17,,,,
2015-07-31,Brett Phillips,Milwaukee Brewers,Houston Astros,1.28,,,,
2015-07-31,Ryan Cook,Boston Red Sox,Oakland Athletics,-0.75,,,,
2015-07-31,Alberto Tirado,Philadelphia Phillies,Toronto Blue Jays,0,,,,
2015-07-31,Rob Rasmussen,Seattle Mariners,Toronto Blue Jays,-1.09,,,,
2015-08-01,Sam Dyson,Texas Rangers,Miami Marlins,2.94,,,,
2015-08-01,Cody Ege,Miami Marlins,Texas Rangers,-0.21,,,,
2015-08-01,Marc Rzepczynski,San Diego Padres,Cleveland Guardians,-0.8,,,,
2015-08-01,Yoenis Cespedes,New York Mets,Detroit Tigers,7.54,,,,
2015-08-01,Luis Cessa,Detroit Tigers,New York Mets,0,,,,
2015-08-01,Gerardo Parra,Baltimore Orioles,Milwaukee Brewers,-0.97,,,,
2015-08-01,Jimmy Cordero,Philadelphia Phillies,Toronto Blue Jays,0,,,,
2015-08-01,Tomas Telis,Miami Marlins,Texas Rangers,-0.34,,,,
2015-08-01,Shawn Haviland,Colorado Rockies,Chicago White Sox,0,,,,
2015-08-01,Chih-Wei Hu,Tampa Bay Rays,Minnesota Twins,0.25,,,,
2015-08-01,Jose Tabata,Los Angeles Dodgers,Pittsburgh Pirates,0,,,,
2015-08-01,Michael Fulmer,Detroit Tigers,New York Mets,11.97,,,,
2015-08-02,Michael Morse,Pittsburgh Pirates,Los Angeles Dodgers,0,,,,
2015-08-02,Josh Hader,Milwaukee Brewers,Houston Astros,10.35,,,,
2015-08-05,Eric O'Flaherty,New York Mets,Oakland Athletics,-0.66,,,,
2015-08-07,Nick Swisher,Atlanta Braves,Cleveland Guardians,-0.56,,,,
2015-08-07,Michael Bourn,Atlanta Braves,Cleveland Guardians,-0.31,,,,
2015-08-07,Chris Johnson,Cleveland Guardians,Atlanta Braves,-0.25,,,,
2015-08-07,Gustavo Pierre,Toronto Blue Jays,Philadelphia Phillies,0,,,,
2015-08-07,Dawrin Frias,Oakland Athletics,New York Mets,0,,,,
2015-08-08,Mike Napoli,Texas Rangers,Boston Red Sox,0.08,,,,
2015-08-08,Shawn Haviland,Boston Red Sox,Colorado Rockies,0,,,,
2015-08-09,Cliff Pennington,Toronto Blue Jays,Arizona Diamondbacks,-0.25,,,,
2015-08-09,Oliver Perez,Houston Astros,Arizona Diamondbacks,-0.72,,,,
2015-08-09,Junior Garcia,Arizona Diamondbacks,Houston Astros,0,,,,
2015-08-09,Dawel Lugo,Arizona Diamondbacks,Toronto Blue Jays,0,,,,
2015-08-10,Tyler Pastornicky,Philadelphia Phillies,Texas Rangers,0,,,,
2015-08-10,Carlos Rivero,Boston Red Sox,Seattle Mariners,0,,,,
2015-08-14,Edward Salcedo,Kansas City Royals,Pittsburgh Pirates,0,,,,
2015-08-19,Will Venable,Texas Rangers,San Diego Padres,-0.07,,,,
2015-08-19,Marcus Greene,San Diego Padres,Texas Rangers,0,,,,
2015-08-20,Marlon Byrd,San Francisco Giants,Cincinnati Reds,0.65,,,,
2015-08-20,Stephen Johnson,Cincinnati Reds,San Francisco Giants,0,,,,
2015-08-20,Chase Utley,Los Angeles Dodgers,Philadelphia Phillies,2.66,,,,
2015-08-20,Darnell Sweeney,Philadelphia Phillies,Los Angeles Dodgers,-0.36,,,,
2015-08-20,John Richy,Philadelphia Phillies,Los Angeles Dodgers,0,,,,
2015-08-20,Randy Wolf,Detroit Tigers,Toronto Blue Jays,-0.75,,,,
2015-08-21,Michael Choice,Cleveland Guardians,Texas Rangers,0,,,,
2015-08-21,Jon Edwards,San Diego Padres,Texas Rangers,0.11,,,,
2015-08-22,Neal Cotts,Minnesota Twins,Milwaukee Brewers,-0.08,,,,
2015-08-23,Eric Young,New York Mets,Atlanta Braves,0.05,,,,
2015-08-28,Fernando Rodney,Chicago Cubs,Seattle Mariners,0.21,,,,
2015-08-31,Addison Reed,New York Mets,Arizona Diamondbacks,5.08,,,,
2015-08-31,Matt Koch,Arizona Diamondbacks,New York Mets,0.86,,,,
2015-08-31,Austin Jackson,Chicago Cubs,Seattle Mariners,0.07,,,,
2015-08-31,Miller Diaz,Arizona Diamondbacks,New York Mets,0,,,,
2015-09-01,Justin Ruggiano,Los Angeles Dodgers,Seattle Mariners,0.63,,,,
2015-09-01,Alejandro De Aza,San Francisco Giants,Boston Red Sox,-0.26,,,,
2015-09-01,Jonny Gomes,Kansas City Royals,Atlanta Braves,-0.45,,,,
2015-09-01,Chris Heisey,Los Angeles Dodgers,Toronto Blue Jays,0.09,,,,
2015-09-01,Luis Valenzuela,Atlanta Braves,Kansas City Royals,0,,,,
2015-09-01,Luis Ysla,Boston Red Sox,San Francisco Giants,0,,,,
2015-09-11,Danny Coulombe,Oakland Athletics,Los Angeles Dodgers,1.27,,,,
2015-09-13,Darwin Barney,Toronto Blue Jays,Los Angeles Dodgers,1.61,,,,
2015-11-03,Trevor Williams,Pittsburgh Pirates,Miami Marlins,4.49,,,,
2015-11-03,Richard Mitchell,Miami Marlins,Pittsburgh Pirates,0,,,,
2015-11-06,Danny Farquhar,Tampa Bay Rays,Seattle Mariners,0.74,,,,
2015-11-06,Logan Morrison,Tampa Bay Rays,Seattle Mariners,3.19,,,,
2015-11-06,Brad Miller,Tampa Bay Rays,Seattle Mariners,1.51,,,,
2015-11-06,Nate Karns,Seattle Mariners,Tampa Bay Rays,0.04,,,,
2015-11-06,C.J. Riefenhauser,Seattle Mariners,Tampa Bay Rays,0,,,,
2015-11-06,Boog Powell,Seattle Mariners,Tampa Bay Rays,-0.07,,,,
2015-11-10,Chris Herrmann,Arizona Diamondbacks,Minnesota Twins,0.43,,,,
2015-11-10,Daniel Palka,Minnesota Twins,Arizona Diamondbacks,0,,,,
2015-11-11,Aaron Hicks,New York Yankees,Minnesota Twins,10.41,,,,
2015-11-11,John Ryan Murphy,Minnesota Twins,New York Yankees,0,,,,
2015-11-12,Joaquin Benoit,Seattle Mariners,San Diego Padres,-0.39,,,,
2015-11-12,Enyel De Los Santos,San Diego Padres,Seattle Mariners,0.29,,,,
2015-11-12,Nelson Ward,San Diego Padres,Seattle Mariners,0,,,,
2015-11-13,Craig Kimbrel,Boston Red Sox,San Diego Padres,6.48,,,,
2015-11-13,Manuel Margot,San Diego Padres,Boston Red Sox,6.11,,,,
2015-11-13,Javy Guerra,San Diego Padres,Boston Red Sox,0,,,,
2015-11-13,Carlos Asuaje,San Diego Padres,Boston Red Sox,0.31,,,,
2015-11-13,Logan Allen,San Diego Padres,Boston Red Sox,-0.41,,,,
2015-11-14,Jose Briceno,Los Angeles Angels,Atlanta Braves,0.45,,,,
2015-11-14,Andrelton Simmons,Los Angeles Angels,Atlanta Braves,19.9,,,,
2015-11-14,Erick Aybar,Atlanta Braves,Los Angeles Angels,-0.27,,,,
2015-11-14,Sean Newcomb,Atlanta Braves,Los Angeles Angels,3.23,,,,
2015-11-14,Chris Ellis,Atlanta Braves,Los Angeles Angels,0,,,,
2015-11-15,Jeremy Hellickson,Philadelphia Phillies,Arizona Diamondbacks,4.07,,,,
2015-11-15,Sam McWilliams,Arizona Diamondbacks,Philadelphia Phillies,0,,,,
2015-11-16,James Jones,Texas Rangers,Seattle Mariners,0,,,,
2015-11-16,Tom Wilhelmsen,Texas Rangers,Seattle Mariners,-1.24,,,,
2015-11-16,Leonys Martin,Seattle Mariners,Texas Rangers,1.03,,,,
2015-11-18,Francisco Rodriguez,Detroit Tigers,Milwaukee Brewers,0.4,,,,
2015-11-18,Javier Betancourt,Milwaukee Brewers,Detroit Tigers,0,,,,
2015-11-18,Jose Pirela,San Diego Padres,New York Yankees,0.82,,,,
2015-11-18,Ronald Herrera,New York Yankees,San Diego Padres,-0.05,,,,
2015-11-22,Jesse Chavez,Toronto Blue Jays,Oakland Athletics,-0.06,,,,
2015-11-22,Liam Hendriks,Oakland Athletics,Toronto Blue Jays,6.15,,,,
2015-11-22,Ian Krol,Atlanta Braves,Detroit Tigers,0.43,,,,
2015-11-22,Gabe Speier,Atlanta Braves,Detroit Tigers,0,,,,
2015-11-22,Cameron Maybin,Detroit Tigers,Atlanta Braves,1.53,,,,
2015-11-22,Spencer Patton,Chicago Cubs,Texas Rangers,-0.48,,,,
2015-11-22,Frandy De La Rosa,Texas Rangers,Chicago Cubs,0,,,,
2015-11-22,Luis Sardinas,Seattle Mariners,Milwaukee Brewers,-0.59,,,,
2015-11-22,Ramon Flores,Milwaukee Brewers,Seattle Mariners,-1.32,,,,
2015-11-22,Jonathan Villar,Milwaukee Brewers,Houston Astros,4.67,,,,
2015-11-22,Cy Sneed,Houston Astros,Milwaukee Brewers,-0.4,,,,
2015-11-25,Brendan McCurry,Houston Astros,Oakland Athletics,0,,,,
2015-11-25,L.J. Hoes,Baltimore Orioles,Houston Astros,0,,,,
2015-11-25,Allen Webster,Pittsburgh Pirates,Arizona Diamondbacks,0,,,,
2015-11-25,Tommy Kahnle,Chicago White Sox,Colorado Rockies,1.62,,,,
2015-11-25,Yency Almonte,Colorado Rockies,Chicago White Sox,-0.18,,,,
2015-11-25,Jed Lowrie,Oakland Athletics,Houston Astros,5.77,,,,
2015-11-25,Wander Cabrera,Colorado Rockies,Chicago Cubs,0,,,,
2015-11-26,Rex Brothers,Chicago Cubs,Colorado Rockies,-0.34,,,,
2015-11-26,Kirby Yates,Cleveland Guardians,Tampa Bay Rays,0,,,,
2015-12-02,Tony Cruz,Kansas City Royals,St. Louis Cardinals,-0.12,,,,
2015-12-02,Jose Martinez,St. Louis Cardinals,Kansas City Royals,2.99,,,,
2015-12-02,Patrick Kivlehan,Texas Rangers,Seattle Mariners,0,,,,
2015-12-04,Jose Ramirez,Atlanta Braves,Seattle Mariners,0.34,,,,
2015-12-05,Hank Conger,Tampa Bay Rays,Houston Astros,-0.64,,,,
2015-12-05,Collin Cowgill,Cleveland Guardians,Los Angeles Angels,-0.23,,,,
2015-12-05,Francisco Pena,Baltimore Orioles,Kansas City Royals,0.14,,,,
2015-12-05,Drew Pomeranz,San Diego Padres,Oakland Athletics,5.05,,,,
2015-12-05,Jose Torres,San Diego Padres,Oakland Athletics,0.64,,,,
2015-12-05,Yonder Alonso,Oakland Athletics,San Diego Padres,1.62,,,,
2015-12-05,Marc Rzepczynski,Oakland Athletics,San Diego Padres,0.83,,,,
2015-12-05,Mark Trumbo,Baltimore Orioles,Seattle Mariners,1.8,,,,
2015-12-05,Steve Clevenger,Seattle Mariners,Baltimore Orioles,-0.02,,,,
2015-12-05,C.J. Riefenhauser,Baltimore Orioles,Seattle Mariners,0,,,,
2015-12-07,Roenis Elias,Boston Red Sox,Seattle Mariners,-0.42,,,,
2015-12-08,Jon Jay,San Diego Padres,St. Louis Cardinals,1.18,,,,
2015-12-08,Jedd Gyorko,St. Louis Cardinals,San Diego Padres,6.33,,,,
2015-12-08,Carson Smith,Boston Red Sox,Seattle Mariners,0.49,,,,
2015-12-08,Wade Miley,Seattle Mariners,Boston Red Sox,0.41,,,,
2015-12-08,Jonathan Aro,Seattle Mariners,Boston Red Sox,0.05,,,,
2015-12-08,Adam Warren,Chicago Cubs,New York Yankees,-0.91,,,,
2015-12-08,Brendan Ryan,Chicago Cubs,New York Yankees,0,,,,
2015-12-08,Starlin Castro,New York Yankees,Chicago Cubs,3.33,,,,
2015-12-09,Jonathon Niese,Pittsburgh Pirates,New York Mets,0.58,,,,
2015-12-10,Brett Lawrie,Chicago White Sox,Oakland Athletics,1.26,,,,
2015-12-10,Zack Erwin,Oakland Athletics,Chicago White Sox,0,,,,
2015-12-10,J.B. Wendelken,Oakland Athletics,Chicago White Sox,0,,,,
2015-12-10,Justin Wilson,Detroit Tigers,New York Yankees,2.28,,,,
2015-12-10,Luis Cessa,New York Yankees,Detroit Tigers,1.97,,,,
2015-12-10,Chad Green,New York Yankees,Detroit Tigers,8.07,,,,
2015-12-10,Neil Walker,New York Mets,Pittsburgh Pirates,3.46,,,,
2015-12-10,Adam Lind,Seattle Mariners,Milwaukee Brewers,-0.29,,,,
2015-12-10,Daniel Missaki,Milwaukee Brewers,Seattle Mariners,0,,,,
2015-12-10,Freddy Peralta,Milwaukee Brewers,Seattle Mariners,14.34,,,,
2015-12-11,Jabari Blash,San Diego Padres,Oakland Athletics,-0.21,,,,
2015-12-12,Luis Perdomo,San Diego Padres,Colorado Rockies,-1.08,,,,
2015-12-15,Vince Velasquez,Philadelphia Phillies,Houston Astros,4.95,,,,
2015-12-15,Brett Oberholtzer,Philadelphia Phillies,Houston Astros,0.08,,,,
2015-12-15,Thomas Eshelman,Philadelphia Phillies,Houston Astros,0,,,,
2015-12-15,Mark Appel,Philadelphia Phillies,Houston Astros,0.27,,,,
2015-12-15,Harold Arauz,Philadelphia Phillies,Houston Astros,0,,,,
2015-12-15,Ken Giles,Houston Astros,Philadelphia Phillies,1.55,,,,
2015-12-15,Jonathan Arauz,Houston Astros,Philadelphia Phillies,0,,,,
2015-12-15,Charlie Morton,Philadelphia Phillies,Pittsburgh Pirates,0.26,,,,
2015-12-15,David Whitehead,Pittsburgh Pirates,Philadelphia Phillies,0,,,,
2015-12-15,Ricardo Rodriguez,Atlanta Braves,San Diego Padres,0,,,,
2015-12-15,Christian Bethancourt,San Diego Padres,Atlanta Braves,-0.39,,,,
2015-12-15,Trevor Gott,Washington Nationals,Los Angeles Angels,-0.49,,,,
2015-12-15,Michael Brady,Washington Nationals,Los Angeles Angels,0,,,,
2015-12-15,Yunel Escobar,Los Angeles Angels,Washington Nationals,1.67,,,,
2015-12-15,Manny Pina,Milwaukee Brewers,Detroit Tigers,6.54,,,,
2015-12-15,Garin Cecchini,Milwaukee Brewers,Boston Red Sox,0,,,,
2015-12-15,Shelby Miller,Arizona Diamondbacks,Atlanta Braves,0.36,,,,
2015-12-15,Gabe Speier,Arizona Diamondbacks,Atlanta Braves,0,,,,
2015-12-15,Dansby Swanson,Atlanta Braves,Arizona Diamondbacks,14.86,,,,
2015-12-15,Ender Inciarte,Atlanta Braves,Arizona Diamondbacks,9.57,,,,
2015-12-15,Aaron Blair,Atlanta Braves,Arizona Diamondbacks,-2.03,,,,
2015-12-15,Evan Scribner,Seattle Mariners,Oakland Athletics,0.4,,,,
2015-12-15,Trey Cochran-Gill,Oakland Athletics,Seattle Mariners,0,,,,
2015-12-16,Todd Frazier,Chicago White Sox,Cincinnati Reds,5.39,,,,
2015-12-16,Jose Peraza,Cincinnati Reds,Los Angeles Dodgers,0.68,,,,
2015-12-16,Brandon Dixon,Cincinnati Reds,Los Angeles Dodgers,-0.6,,,,
2015-12-16,Scott Schebler,Cincinnati Reds,Los Angeles Dodgers,2.03,,,,
2015-12-16,Frankie Montas,Los Angeles Dodgers,Chicago White Sox,0,,,,
2015-12-16,Micah Johnson,Los Angeles Dodgers,Chicago White Sox,-0.07,,,,
2015-12-16,Trayce Thompson,Los Angeles Dodgers,Chicago White Sox,2.24,,,,
2015-12-19,Tyler Olson,Los Angeles Dodgers,Seattle Mariners,0,,,,
2015-12-19,Dan Otero,Cleveland Guardians,Philadelphia Phillies,3,,,,
2015-12-19,Keon Broxton,Milwaukee Brewers,Pittsburgh Pirates,4.2,,,,
2015-12-19,Trey Supak,Milwaukee Brewers,Pittsburgh Pirates,0,,,,
2015-12-19,Jason Rogers,Pittsburgh Pirates,Milwaukee Brewers,-0.14,,,,
2015-12-22,Kyle Lobstein,Pittsburgh Pirates,Detroit Tigers,0.38,,,,
2015-12-28,Ryne Harper,Seattle Mariners,Atlanta Braves,0,,,,
2015-12-28,Zach Kapstein,Baltimore Orioles,Boston Red Sox,0,,,,
2015-12-28,Myles Jaye,Texas Rangers,Chicago White Sox,0,,,,
2015-12-28,Will Lamb,Chicago White Sox,Texas Rangers,0,,,,
2015-12-28,Aroldis Chapman,New York Yankees,Cincinnati Reds,7.25,,,,
2015-12-28,Eric Jagielo,Cincinnati Reds,New York Yankees,0,,,,
2015-12-28,Tony Renda,Cincinnati Reds,New York Yankees,-0.49,,,,
2015-12-28,Caleb Cotham,Cincinnati Reds,New York Yankees,-0.75,,,,
2015-12-28,Rookie Davis,Cincinnati Reds,New York Yankees,-0.81,,,,
2016-01-09,Ben Revere,Washington Nationals,Toronto Blue Jays,-0.97,,,,
2016-01-09,Drew Storen,Toronto Blue Jays,Washington Nationals,-0.54,,,,
2016-01-09,Kirby Yates,New York Yankees,Cleveland Guardians,-0.07,,,,
2016-01-09,Arnold Leon,Toronto Blue Jays,Oakland Athletics,-0.15,,,,
2016-01-13,Cody Hall,Arizona Diamondbacks,San Francisco Giants,0,,,,
2016-01-13,Ronald Torreyes,New York Yankees,Los Angeles Dodgers,1.29,,,,
2016-01-13,Tyler Olson,New York Yankees,Los Angeles Dodgers,-0.03,,,,
2016-01-13,Rob Segedin,Los Angeles Dodgers,New York Yankees,-0.35,,,,
2016-01-13,Joe Wieland,Seattle Mariners,Los Angeles Dodgers,-0.23,,,,
2016-01-13,Erick Mejia,Los Angeles Dodgers,Seattle Mariners,0,,,,
2016-01-26,Efren Navarro,Baltimore Orioles,Los Angeles Angels,0,,,,
2016-01-27,Jefry Marte,Los Angeles Angels,Detroit Tigers,0.31,,,,
2016-01-27,Kody Eaves,Detroit Tigers,Los Angeles Angels,0,,,,
2016-01-29,Rymer Liriano,Milwaukee Brewers,San Diego Padres,0,,,,
2016-01-29,Trevor Seidenberger,San Diego Padres,Milwaukee Brewers,0,,,,
2016-01-29,Jake McGee,Colorado Rockies,Tampa Bay Rays,0.99,,,,
2016-01-29,German Marquez,Colorado Rockies,Tampa Bay Rays,16.5,,,,
2016-01-29,Kevin Padlo,Tampa Bay Rays,Colorado Rockies,-0.1,,,,
2016-01-29,Corey Dickerson,Tampa Bay Rays,Colorado Rockies,4.37,,,,
2016-01-31,Jean Segura,Arizona Diamondbacks,Milwaukee Brewers,6.59,,,,
2016-01-31,Tyler Wagner,Arizona Diamondbacks,Milwaukee Brewers,0.35,,,,
2016-01-31,Aaron Hill,Milwaukee Brewers,Arizona Diamondbacks,1.91,,,,
2016-01-31,Chase Anderson,Milwaukee Brewers,Arizona Diamondbacks,7.42,,,,
2016-01-31,Isan Diaz,Milwaukee Brewers,Arizona Diamondbacks,0,,,,
2016-02-02,Darrell Ceciliani,Toronto Blue Jays,New York Mets,-0.33,,,,
2016-02-05,Odrisamer Despaigne,Baltimore Orioles,San Diego Padres,-0.21,,,,
2016-02-05,Jean Cosme,San Diego Padres,Baltimore Orioles,0,,,,
2016-02-05,Yoervis Medina,Philadelphia Phillies,Pittsburgh Pirates,0,,,,
2016-02-05,Jesse Biddle,Pittsburgh Pirates,Philadelphia Phillies,0,,,,
2016-02-11,Taylor Featherston,Philadelphia Phillies,Los Angeles Angels,-0.27,,,,
2016-02-13,Khris Davis,Oakland Athletics,Milwaukee Brewers,7.35,,,,
2016-02-13,Bubba Derby,Milwaukee Brewers,Oakland Athletics,0,,,,
2016-02-13,Jacob Nottingham,Milwaukee Brewers,Oakland Athletics,0.74,,,,
2016-02-26,Aaron Brooks,Chicago Cubs,Oakland Athletics,0,,,,
2016-02-26,Chris Coghlan,Oakland Athletics,Chicago Cubs,-1.33,,,,
2016-03-24,Brandon Sinnery,Chicago White Sox,Arizona Diamondbacks,0,,,,
2016-03-25,Edgar Olmos,Baltimore Orioles,Chicago Cubs,0,,,,
2016-03-26,Troy Scribner,Los Angeles Angels,Houston Astros,-0.09,,,,
2016-03-27,Eric O'Flaherty,Atlanta Braves,Pittsburgh Pirates,-1.34,,,,
2016-03-27,Tyler Moore,Atlanta Braves,Washington Nationals,0,,,,
2016-03-27,Nate Freiman,Washington Nationals,Atlanta Braves,0,,,,
2016-03-28,Erik Kratz,Houston Astros,San Diego Padres,-0.56,,,,
2016-03-29,Bryan Holaday,Texas Rangers,Detroit Tigers,0.36,,,,
2016-03-29,Bobby Wilson,Detroit Tigers,Texas Rangers,-0.77,,,,
2016-03-29,Myles Jaye,Detroit Tigers,Texas Rangers,-0.61,,,,
2016-03-29,Chris Jones,Los Angeles Angels,Baltimore Orioles,0,,,,
2016-03-29,Erick Salcedo,Baltimore Orioles,Los Angeles Angels,0,,,,
2016-03-30,Nick Vincent,Seattle Mariners,San Diego Padres,2.2,,,,
2016-04-01,Dan Straily,San Diego Padres,Houston Astros,0,,,,
2016-04-02,Carlos Corporan,Tampa Bay Rays,New York Yankees,0,,,,
2016-04-04,Chris Leroux,Toronto Blue Jays,Philadelphia Phillies,0,,,,
2016-04-05,Sam Freeman,Milwaukee Brewers,Texas Rangers,-0.32,,,,
2016-04-07,Jayson Aquino,Baltimore Orioles,St. Louis Cardinals,-0.25,,,,
2016-04-11,Zach Walters,Los Angeles Dodgers,Cleveland Guardians,-0.12,,,,
2016-04-11,James Ramsey,Los Angeles Dodgers,Cleveland Guardians,0,,,,
2016-04-11,Giovanni Soto,Chicago Cubs,Cleveland Guardians,0,,,,
2016-04-19,Alfredo Marte,Philadelphia Phillies,Baltimore Orioles,0,,,,
2016-04-21,Cody Decker,Colorado Rockies,Kansas City Royals,0,,,,
2016-05-04,Bobby Wilson,Texas Rangers,Detroit Tigers,-0.38,,,,
2016-05-04,Chad Bell,Detroit Tigers,Texas Rangers,-0.61,,,,
2016-05-05,Chris Gimenez,Chicago Cubs,Texas Rangers,-0.17,,,,
2016-05-05,Pin-Chieh Chen,Los Angeles Dodgers,Cincinnati Reds,0,,,,
2016-05-10,Anthony Recker,Atlanta Braves,Cleveland Guardians,0.51,,,,
2016-05-11,Brendan Ryan,Los Angeles Angels,Washington Nationals,-0.23,,,,
2016-05-12,Jhoulys Chacin,Los Angeles Angels,Atlanta Braves,0.36,,,,
2016-05-12,Adam McCreery,Atlanta Braves,Los Angeles Angels,-0.08,,,,
2016-05-12,Matt Ball,Texas Rangers,Chicago White Sox,0,,,,
2016-05-13,Jhan Marinez,Milwaukee Brewers,Tampa Bay Rays,0.41,,,,
2016-05-13,Anthony Ranaudo,Chicago White Sox,Texas Rangers,-0.56,,,,
2016-05-14,J.R. Graham,New York Yankees,Minnesota Twins,0,,,,
2016-05-17,Jason Bourgeois,Chicago White Sox,Arizona Diamondbacks,0,,,,
2016-05-21,Ryan Jackson,Los Angeles Angels,Philadelphia Phillies,0,,,,
2016-05-24,Brian Matusz,Atlanta Braves,Baltimore Orioles,0,,,,
2016-05-24,Brandon Barker,Baltimore Orioles,Atlanta Braves,0,,,,
2016-05-24,Trevor Belicek,Baltimore Orioles,Atlanta Braves,0,,,,
2016-05-25,Jose A. Martinez,St. Louis Cardinals,Kansas City Royals,0,,,,
2016-05-26,Alex Romero,Baltimore Orioles,Cincinnati Reds,0,,,,
2016-05-28,James Loney,New York Mets,San Diego Padres,0,,,,
2016-05-30,Patrick Kivlehan,Seattle Mariners,Texas Rangers,0,,,,
2016-06-01,Jason Grilli,Toronto Blue Jays,Atlanta Braves,0.01,,,,
2016-06-01,Sean Ratcliffe,Atlanta Braves,Toronto Blue Jays,0,,,,
2016-06-02,Brett Hayes,Chicago White Sox,Arizona Diamondbacks,0,,,,
2016-06-04,Fernando Tatis,San Diego Padres,Chicago White Sox,27.2,,,,
2016-06-05,Erik Johnson,San Diego Padres,Chicago White Sox,-0.7,,,,
2016-06-05,James Shields,Chicago White Sox,San Diego Padres,-0.23,,,,
2016-06-08,Jose A. Valdez,Los Angeles Angels,Detroit Tigers,0,,,,
2016-06-08,Akeel Morris,Atlanta Braves,New York Mets,0.3,,,,
2016-06-09,Kelly Johnson,New York Mets,Atlanta Braves,0.67,,,,
2016-06-09,Arismendy Alcantara,Oakland Athletics,Chicago Cubs,-0.34,,,,
2016-06-10,Chris Coghlan,Chicago Cubs,Oakland Athletics,0.69,,,,
2016-06-11,Shawon Dunston,San Francisco Giants,Chicago Cubs,0,,,,
2016-06-12,Justin De Fratus,Texas Rangers,Seattle Mariners,0,,,,
2016-06-13,Erik Kratz,Pittsburgh Pirates,Los Angeles Angels,-0.6,,,,
2016-06-19,Patrick McCoy,Colorado Rockies,Toronto Blue Jays,0,,,,
2016-06-20,Chris Taylor,Los Angeles Dodgers,Seattle Mariners,16.03,,,,
2016-06-20,Zach Lee,Seattle Mariners,Los Angeles Dodgers,0,,,,
2016-06-21,Kyle Kubitza,Texas Rangers,Los Angeles Angels,0,,,,
2016-06-23,Wade LeBlanc,Seattle Mariners,Toronto Blue Jays,2.63,,,,
2016-06-23,Eury Perez,Tampa Bay Rays,Houston Astros,0,,,,
2016-06-25,Oswaldo Arcia,Tampa Bay Rays,Minnesota Twins,-0.05,,,,
2016-06-30,Caleb Dirks,Atlanta Braves,Los Angeles Dodgers,0,,,,
2016-06-30,Chris Paddack,San Diego Padres,Miami Marlins,2.08,,,,
2016-06-30,Phil Pfeifer,Atlanta Braves,Los Angeles Dodgers,0,,,,
2016-07-01,Fernando Rodney,Miami Marlins,San Diego Padres,-0.77,,,,
2016-07-01,Bud Norris,Los Angeles Dodgers,Atlanta Braves,-0.57,,,,
2016-07-01,Dian Toscano,Los Angeles Dodgers,Atlanta Braves,0,,,,
2016-07-06,Ryan Strausborger,Seattle Mariners,Texas Rangers,0,,,,
2016-07-07,Wendell Rijo,Milwaukee Brewers,Boston Red Sox,0,,,,
2016-07-08,Aaron Hill,Boston Red Sox,Milwaukee Brewers,-0.45,,,,
2016-07-08,Aaron Wilkerson,Milwaukee Brewers,Boston Red Sox,-0.34,,,,
2016-07-09,Brad Ziegler,Boston Red Sox,Arizona Diamondbacks,0.93,,,,
2016-07-09,Eric Jokisch,Texas Rangers,Miami Marlins,0,,,,
2016-07-09,Michael Martinez,Boston Red Sox,Cleveland Guardians,-0.04,,,,
2016-07-09,Jose Almonte,Arizona Diamondbacks,Boston Red Sox,0,,,,
2016-07-09,Luis Alejandro Basabe,Arizona Diamondbacks,Boston Red Sox,0,,,,
2016-07-09,Pedro Ciriaco,Miami Marlins,Texas Rangers,0,,,,
2016-07-11,Jaye Chapman,Tampa Bay Rays,Milwaukee Brewers,0,,,,
2016-07-15,Drew Pomeranz,Boston Red Sox,San Diego Padres,3.47,,,,
2016-07-15,Anderson Espinoza,San Diego Padres,Boston Red Sox,0,,,,
2016-07-17,Ross Detwiler,Oakland Athletics,Cleveland Guardians,-0.21,,,,
2016-07-21,Mike Montgomery,Chicago Cubs,Seattle Mariners,3.31,,,,
2016-07-21,Paul Blackburn,Seattle Mariners,Chicago Cubs,0,,,,
2016-07-21,Jordan Pries,Chicago Cubs,Seattle Mariners,0,,,,
2016-07-21,Daniel Vogelbach,Seattle Mariners,Chicago Cubs,0,,,,
2016-07-21,Scott Carroll,Texas Rangers,Chicago White Sox,0,,,,
2016-07-26,Aroldis Chapman,Chicago Cubs,New York Yankees,1.2,,,,
2016-07-26,Adam Warren,New York Yankees,Chicago Cubs,2.39,,,,
2016-07-26,Rashad Crawford,New York Yankees,Chicago Cubs,0,,,,
2016-07-26,Gleyber Torres,New York Yankees,Chicago Cubs,15.78,,,,
2016-07-26,Billy McKinney,New York Yankees,Chicago Cubs,0.05,,,,
2016-07-27,Joaquin Benoit,Toronto Blue Jays,Seattle Mariners,1.44,,,,
2016-07-27,Drew Storen,Seattle Mariners,Toronto Blue Jays,0.26,,,,
2016-07-27,B.J. Upton,Toronto Blue Jays,San Diego Padres,0,,,,
2016-07-27,Hansel Rodriguez,San Diego Padres,Toronto Blue Jays,0,,,,
2016-07-28,Lucas Harrell,Texas Rangers,Atlanta Braves,0.04,,,,
2016-07-28,Dario Alvarez,Texas Rangers,Atlanta Braves,0,,,,
2016-07-28,Travis Demeritte,Atlanta Braves,Texas Rangers,-0.47,,,,
2016-07-28,Adalberto Mejia,Minnesota Twins,San Francisco Giants,1.23,,,,
2016-07-29,Eduardo Nunez,San Francisco Giants,Minnesota Twins,1.31,,,,
2016-07-29,Luis Castillo,San Diego Padres,Miami Marlins,0,,,,
2016-07-29,Tayron Guerrero,Miami Marlins,San Diego Padres,-1.6,,,,
2016-07-29,Josh Naylor,San Diego Padres,Miami Marlins,-0.03,,,,
2016-07-30,Andrew Cashner,Miami Marlins,San Diego Padres,-0.47,,,,
2016-07-30,Colin Rea,Miami Marlins,San Diego Padres,0.23,,,,
2016-07-30,Jarred Cosart,San Diego Padres,Miami Marlins,-0.58,,,,
2016-07-30,Carter Capps,San Diego Padres,Miami Marlins,-0.12,,,,
2016-07-31,Hector Olivera,San Diego Padres,Atlanta Braves,0,,,,
2016-07-31,Matt Kemp,Atlanta Braves,San Diego Padres,-1.25,,,,
2016-07-31,Billy Burns,Kansas City Royals,Oakland Athletics,-0.67,,,,
2016-07-31,Brett Eibner,Oakland Athletics,Kansas City Royals,-0.8,,,,
2016-07-31,Taylor Hearn,Pittsburgh Pirates,Washington Nationals,0,,,,
2016-07-31,Mark Melancon,Washington Nationals,Pittsburgh Pirates,1.2,,,,
2016-07-31,Jose Campos,Arizona Diamondbacks,New York Yankees,0.07,,,,
2016-08-01,Wade Miley,Baltimore Orioles,Seattle Mariners,-0.62,,,,
2016-08-01,Tyler Clippard,New York Yankees,Arizona Diamondbacks,0.38,,,,
2016-08-01,Charlie Tilson,Chicago White Sox,St. Louis Cardinals,-1.49,,,,
2016-08-01,Zach Duke,St. Louis Cardinals,Chicago White Sox,1.16,,,,
2016-08-01,Andrew Miller,Cleveland Guardians,New York Yankees,4.62,,,,
2016-08-01,J.P. Feyereisen,New York Yankees,Cleveland Guardians,0,,,,
2016-08-01,Justus Sheffield,New York Yankees,Cleveland Guardians,-0.07,,,,
2016-08-01,Francisco Liriano,Toronto Blue Jays,Pittsburgh Pirates,0.35,,,,
2016-08-01,Harold Ramirez,Toronto Blue Jays,Pittsburgh Pirates,0,,,,
2016-08-01,Reese McGuire,Toronto Blue Jays,Pittsburgh Pirates,1.12,,,,
2016-08-01,Jesse Chavez,Los Angeles Dodgers,Toronto Blue Jays,-0.09,,,,
2016-08-01,Mike Bolsinger,Toronto Blue Jays,Los Angeles Dodgers,-0.45,,,,
2016-08-01,Josh Fields,Los Angeles Dodgers,Houston Astros,1.94,,,,
2016-08-01,Jonathan Lucroy,Texas Rangers,Milwaukee Brewers,1.25,,,,
2016-08-01,Jeremy Jeffress,Texas Rangers,Milwaukee Brewers,0.45,,,,
2016-08-01,Lewis Brinson,Milwaukee Brewers,Texas Rangers,-0.35,,,,
2016-08-01,Luis Ortiz,Milwaukee Brewers,Texas Rangers,0,,,,
2016-08-01,Steve Pearce,Baltimore Orioles,Tampa Bay Rays,-0.03,,,,
2016-08-01,Matt Moore,San Francisco Giants,Tampa Bay Rays,0.32,,,,
2016-08-01,Lucius Fox,Tampa Bay Rays,San Francisco Giants,0,,,,
2016-08-01,Matt Duffy,Tampa Bay Rays,San Francisco Giants,3.05,,,,
2016-08-01,Michael Santos,Tampa Bay Rays,San Francisco Giants,0,,,,
2016-08-01,Joe Smith,Chicago Cubs,Los Angeles Angels,0.27,,,,
2016-08-01,Jesus Castillo,Los Angeles Angels,Chicago Cubs,0,,,,
2016-08-01,Ivan Nova,Pittsburgh Pirates,New York Yankees,2.98,,,,
2016-08-01,Hector Santiago,Minnesota Twins,Los Angeles Angels,0.29,,,,
2016-08-01,Ricky Nolasco,Los Angeles Angels,Minnesota Twins,1.96,,,,
2016-08-01,Alex Meyer,Los Angeles Angels,Minnesota Twins,1.12,,,,
2016-08-01,Jay Bruce,New York Mets,Cincinnati Reds,1.75,,,,
2016-08-01,Max Wotell,Cincinnati Reds,New York Mets,0,,,,
2016-08-01,Dilson Herrera,Cincinnati Reds,New York Mets,-0.2,,,,
2016-08-01,Scott Feldman,Toronto Blue Jays,Houston Astros,-0.56,,,,
2016-08-01,Lupe Chavez,Houston Astros,Toronto Blue Jays,0,,,,
2016-08-01,Carlos Beltran,Texas Rangers,New York Yankees,0.26,,,,
2016-08-01,Dillon Tate,New York Yankees,Texas Rangers,0,,,,
2016-08-01,Erik Swanson,New York Yankees,Texas Rangers,0,,,,
2016-08-01,Nick Green,New York Yankees,Texas Rangers,0,,,,
2016-08-01,Andrew Susac,Milwaukee Brewers,San Francisco Giants,-0.16,,,,
2016-08-01,Phil Bickford,Milwaukee Brewers,San Francisco Giants,-0.2,,,,
2016-08-01,Will Smith,San Francisco Giants,Milwaukee Brewers,3.82,,,,
2016-08-01,Brandon Guyer,Cleveland Guardians,Tampa Bay Rays,0.76,,,,
2016-08-01,Nathan Lukes,Tampa Bay Rays,Cleveland Guardians,0,,,,
2016-08-01,Jhonleider Salinas,Tampa Bay Rays,Cleveland Guardians,0,,,,
2016-08-01,Josh Reddick,Los Angeles Dodgers,Oakland Athletics,0.03,,,,
2016-08-01,Rich Hill,Los Angeles Dodgers,Oakland Athletics,5.89,,,,
2016-08-01,Frankie Montas,Oakland Athletics,Los Angeles Dodgers,7.49,,,,
2016-08-01,Grant Holmes,Oakland Athletics,Los Angeles Dodgers,0,,,,
2016-08-01,Luis Castillo,Miami Marlins,San Diego Padres,0,,,,
2016-08-01,Pat Light,Minnesota Twins,Boston Red Sox,-0.48,,,,
2016-08-01,Fernando Abad,Boston Red Sox,Minnesota Twins,0.19,,,,
2016-08-01,Alan Busenitz,Minnesota Twins,Los Angeles Angels,-0.41,,,,
2016-08-01,Jharel Cotton,Oakland Athletics,Los Angeles Dodgers,0.21,,,,
2016-08-01,Clint Frazier,New York Yankees,Cleveland Guardians,0.04,,,,
2016-08-01,Jonah Heim,Tampa Bay Rays,Baltimore Orioles,0,,,,
2016-08-01,Ben Heller,New York Yankees,Cleveland Guardians,0.73,,,,
2016-08-01,Ariel Miranda,Seattle Mariners,Baltimore Orioles,1.62,,,,
2016-08-01,Jonathon Niese,New York Mets,Pittsburgh Pirates,-0.56,,,,
2016-08-01,Drew Hutchison,Pittsburgh Pirates,Toronto Blue Jays,-0.04,,,,
2016-08-01,Yordan Alvarez,Houston Astros,Los Angeles Dodgers,24.25,,,,
2016-08-02,Colin Rea,San Diego Padres,Miami Marlins,-0.54,,,,
2016-08-02,Antonio Bastardo,Pittsburgh Pirates,New York Mets,-0.74,,,,
2016-08-05,Chad Rogers,Atlanta Braves,Cincinnati Reds,0,,,,
2016-08-06,Pat Venditte,Seattle Mariners,Toronto Blue Jays,-0.15,,,,
2016-08-06,Hunter Cervenka,Miami Marlins,Atlanta Braves,-0.38,,,,
2016-08-06,Michael Mader,Atlanta Braves,Miami Marlins,0,,,,
2016-08-06,Anfernee Seymour,Atlanta Braves,Miami Marlins,0,,,,
2016-08-06,Arquimedes Caminero,Seattle Mariners,Pittsburgh Pirates,-0.38,,,,
2016-08-15,Luis Sardinas,San Diego Padres,Seattle Mariners,-0.17,,,,
2016-08-15,Michael McKenry,Milwaukee Brewers,Atlanta Braves,0,,,,
2016-08-16,Mike Aviles,Atlanta Braves,Detroit Tigers,0,,,,
2016-08-16,Kade Scivicque,Atlanta Braves,Detroit Tigers,0,,,,
2016-08-16,Erick Aybar,Detroit Tigers,Atlanta Braves,0.3,,,,
2016-08-19,Sean Burnett,Washington Nationals,Minnesota Twins,0.1,,,,
2016-08-20,Richard Reina,Toronto Blue Jays,New York Mets,0,,,,
2016-08-24,Jeff Francoeur,Miami Marlins,Atlanta Braves,-0.26,,,,
2016-08-25,A.J. Ellis,Philadelphia Phillies,Los Angeles Dodgers,0,,,,
2016-08-25,Tommy Bergjans,Philadelphia Phillies,Los Angeles Dodgers,0,,,,
2016-08-25,Marc Rzepczynski,Washington Nationals,Oakland Athletics,0.35,,,,
2016-08-25,Max Schrock,Oakland Athletics,Washington Nationals,0,,,,
2016-08-26,Dylan Moore,Atlanta Braves,Texas Rangers,0,,,,
2016-08-26,Dioner Navarro,Toronto Blue Jays,Chicago White Sox,-0.18,,,,
2016-08-26,Colton Turner,Chicago White Sox,Toronto Blue Jays,0,,,,
2016-08-29,Daniel Nava,Kansas City Royals,Los Angeles Angels,-0.12,,,,
2016-08-31,Eric Young,New York Yankees,Milwaukee Brewers,-0.05,,,,
2016-08-31,Michael Bourn,Baltimore Orioles,Arizona Diamondbacks,0.13,,,,
2016-08-31,Fernando Salas,New York Mets,Los Angeles Angels,-0.4,,,,
2016-08-31,Erik Manoah,Los Angeles Angels,New York Mets,0,,,,
2016-08-31,Nevin Ashley,Texas Rangers,New York Mets,0,,,,
2016-08-31,Ben Gamel,Seattle Mariners,New York Yankees,1.43,,,,
2016-08-31,Juan De Paula,New York Yankees,Seattle Mariners,0,,,,
2016-08-31,Jio Orozco,New York Yankees,Seattle Mariners,0,,,,
2016-08-31,Kyle Lobstein,Baltimore Orioles,Pittsburgh Pirates,0,,,,
2016-08-31,Zach Phillips,Pittsburgh Pirates,Baltimore Orioles,0.18,,,,
2016-08-31,Coco Crisp,Cleveland Guardians,Oakland Athletics,0.12,,,,
2016-08-31,Colt Hynes,Oakland Athletics,Cleveland Guardians,0,,,,
2016-08-31,Jason Heinrich,Arizona Diamondbacks,Baltimore Orioles,0,,,,
2016-09-03,Stephen Tarpley,New York Yankees,Pittsburgh Pirates,-0.29,,,,
2016-09-03,Tito Polo,New York Yankees,Pittsburgh Pirates,0,,,,
2016-09-05,Ryan Cordell,Milwaukee Brewers,Texas Rangers,0,,,,
2016-09-13,Wade LeBlanc,Pittsburgh Pirates,Seattle Mariners,0.56,,,,
2016-09-14,Josh Collmenter,Atlanta Braves,Chicago Cubs,-0.26,,,,
2016-09-14,Joe Wieland,Atlanta Braves,Seattle Mariners,0,,,,
2016-09-15,Joey Curletta,Philadelphia Phillies,Los Angeles Dodgers,0,,,,
2016-09-22,Phil Coke,Pittsburgh Pirates,New York Yankees,0.24,,,,
2016-09-27,Gordon Beckham,San Francisco Giants,Atlanta Braves,-0.23,,,,
2016-09-27,Richard Rodriguez,Atlanta Braves,San Francisco Giants,0.57,,,,
2016-09-30,Taylor Gushue,Washington Nationals,Pittsburgh Pirates,0,,,,
2016-09-30,Christopher Bostick,Pittsburgh Pirates,Washington Nationals,0.02,,,,
2016-11-01,John Lamb,Tampa Bay Rays,Cincinnati Reds,0,,,,
2016-11-02,Victor Alcantara,Detroit Tigers,Los Angeles Angels,1.33,,,,
2016-11-02,Cameron Maybin,Los Angeles Angels,Detroit Tigers,1.46,,,,
2016-11-02,Pat Neshek,Philadelphia Phillies,Houston Astros,2.71,,,,
2016-11-06,Carlos Ruiz,Seattle Mariners,Los Angeles Dodgers,0.47,,,,
2016-11-06,Vidal Nuno,Los Angeles Dodgers,Seattle Mariners,0,,,,
2016-11-10,Darnell Sweeney,Los Angeles Dodgers,Philadelphia Phillies,0,,,,
2016-11-10,Darin Ruf,Los Angeles Dodgers,Philadelphia Phillies,0,,,,
2016-11-10,Howie Kendrick,Philadelphia Phillies,Los Angeles Dodgers,1.23,,,,
2016-11-11,Paul Blackburn,Oakland Athletics,Seattle Mariners,3.27,,,,
2016-11-12,Danny Valencia,Seattle Mariners,Oakland Athletics,1.15,,,,
2016-11-16,Albert Abreu,New York Yankees,Houston Astros,-0.31,,,,
2016-11-16,Jorge Guzman,New York Yankees,Houston Astros,0,,,,
2016-11-16,Brian McCann,Houston Astros,New York Yankees,1.66,,,,
2016-11-17,James Pazos,Seattle Mariners,New York Yankees,0.66,,,,
2016-11-17,Zack Littell,New York Yankees,Seattle Mariners,0,,,,
2016-11-17,Taylor Motter,Seattle Mariners,Tampa Bay Rays,-0.65,,,,
2016-11-17,Dalton Kelly,Tampa Bay Rays,Seattle Mariners,0,,,,
2016-11-17,Andrew Kittredge,Tampa Bay Rays,Seattle Mariners,2.68,,,,
2016-11-17,Dylan Thompson,Tampa Bay Rays,Seattle Mariners,0,,,,
2016-11-18,Richie Shaffer,Seattle Mariners,Tampa Bay Rays,0,,,,
2016-11-22,Ketel Marte,Arizona Diamondbacks,Seattle Mariners,33.11,,,,
2016-11-22,Taijuan Walker,Arizona Diamondbacks,Seattle Mariners,3.27,,,,
2016-11-22,Jean Segura,Seattle Mariners,Arizona Diamondbacks,7.1,,,,
2016-11-22,Mitch Haniger,Seattle Mariners,Arizona Diamondbacks,15.15,,,,
2016-11-22,Zac Curtis,Seattle Mariners,Arizona Diamondbacks,0,,,,
2016-11-29,Logan Verrett,Baltimore Orioles,New York Mets,0.06,,,,
2016-12-01,Brooks Pounders,Los Angeles Angels,Kansas City Royals,-0.41,,,,
2016-12-01,Jared Ruxer,Kansas City Royals,Los Angeles Angels,0,,,,
2016-12-01,Jaime Garcia,Atlanta Braves,St. Louis Cardinals,1.46,,,,
2016-12-01,John Gant,St. Louis Cardinals,Atlanta Braves,2.56,,,,
2016-12-01,Luke Dykstra,St. Louis Cardinals,Atlanta Braves,0,,,,
2016-12-01,Chris Ellis,St. Louis Cardinals,Atlanta Braves,0,,,,
2016-12-01,Alex Jackson,Atlanta Braves,Seattle Mariners,-0.61,,,,
2016-12-01,Max Povse,Seattle Mariners,Atlanta Braves,-0.15,,,,
2016-12-01,Rob Whalen,Seattle Mariners,Atlanta Braves,0,,,,
2016-12-01,Derek Norris,Washington Nationals,San Diego Padres,0,,,,
2016-12-01,Pedro Avila,San Diego Padres,Washington Nationals,0.55,,,,
2016-12-03,Jimmy Cordero,Washington Nationals,Philadelphia Phillies,-0.2,,,,
2016-12-04,Mauricio Dubon,Milwaukee Brewers,Boston Red Sox,-0.05,,,,
2016-12-04,Travis Shaw,Milwaukee Brewers,Boston Red Sox,6.25,,,,
2016-12-04,Tyler Thornburg,Boston Red Sox,Milwaukee Brewers,-0.33,,,,
2016-12-04,Chris Sale,Boston Red Sox,Chicago White Sox,17.04,,,,
2016-12-04,Yoan Moncada,Chicago White Sox,Boston Red Sox,14.52,,,,
2016-12-04,Michael Kopech,Chicago White Sox,Boston Red Sox,4.76,,,,
2016-12-04,Luis Alexander Basabe,Chicago White Sox,Boston Red Sox,0,,,,
2016-12-04,Victor Diaz,Chicago White Sox,Boston Red Sox,0,,,,
2016-12-06,Chris Heston,Seattle Mariners,San Francisco Giants,-0.55,,,,
2016-12-06,Adam Eaton,Washington Nationals,Chicago White Sox,2.76,,,,
2016-12-06,Lucas Giolito,Chicago White Sox,Washington Nationals,13.92,,,,
2016-12-06,Dane Dunning,Chicago White Sox,Washington Nationals,0.13,,,,
2016-12-06,Reynaldo Lopez,Chicago White Sox,Washington Nationals,5.89,,,,
2016-12-06,Jorge Soler,Kansas City Royals,Chicago Cubs,1.73,,,,
2016-12-06,Wade Davis,Chicago Cubs,Kansas City Royals,1.86,,,,
2016-12-06,Tyrell Jenkins,Texas Rangers,Atlanta Braves,0,,,,
2016-12-06,Brady Feigl,Texas Rangers,Atlanta Braves,0,,,,
2016-12-08,Luke Jackson,Atlanta Braves,Texas Rangers,2.73,,,,
2016-12-09,Tyler Pike,Atlanta Braves,Seattle Mariners,0,,,,
2016-12-09,Josh VanMeter,Cincinnati Reds,San Diego Padres,-0.25,,,,
2016-12-09,Danny Espinosa,Los Angeles Angels,Washington Nationals,-0.49,,,,
2016-12-09,Austin Adams,Washington Nationals,Los Angeles Angels,0,,,,
2016-12-09,Kyle McGowin,Washington Nationals,Los Angeles Angels,-0.1,,,,
2016-12-10,Luis Torrens,San Diego Padres,Cincinnati Reds,-1.22,,,,
2016-12-12,Martin Maldonado,Los Angeles Angels,Milwaukee Brewers,1.91,,,,
2016-12-12,Jett Bandy,Milwaukee Brewers,Los Angeles Angels,-1.17,,,,
2016-12-12,Drew Gagnon,Los Angeles Angels,Milwaukee Brewers,0,,,,
2016-12-12,Mario Sanchez,Washington Nationals,Philadelphia Phillies,0,,,,
2016-12-19,Nick Goody,Cleveland Guardians,New York Yankees,1.03,,,,
2016-12-19,Clay Buchholz,Philadelphia Phillies,Boston Red Sox,-0.41,,,,
2016-12-19,Josh Tobias,Boston Red Sox,Philadelphia Phillies,0,,,,
2016-12-21,James Dykstra,Texas Rangers,Chicago White Sox,0,,,,
2016-12-21,Tyler Barnette,San Diego Padres,Chicago White Sox,0,,,,
2016-12-22,Alberto Rodriguez,San Francisco Giants,Atlanta Braves,0,,,,
2017-01-02,Peter O'Brien,Kansas City Royals,Arizona Diamondbacks,0,,,,
2017-01-02,Sam Lewis,Arizona Diamondbacks,Kansas City Royals,0,,,,
2017-01-05,Nate Karns,Kansas City Royals,Seattle Mariners,1.03,,,,
2017-01-05,Jarrod Dyson,Seattle Mariners,Kansas City Royals,2.69,,,,
2017-01-05,Seth Smith,Baltimore Orioles,Seattle Mariners,0.52,,,,
2017-01-05,Yovani Gallardo,Seattle Mariners,Baltimore Orioles,-0.29,,,,
2017-01-10,Mallex Smith,Seattle Mariners,Atlanta Braves,-0.52,,,,
2017-01-10,Shae Simmons,Seattle Mariners,Atlanta Braves,-0.15,,,,
2017-01-10,Luiz Gohara,Atlanta Braves,Seattle Mariners,-0.27,,,,
2017-01-10,Thomas Burrows,Atlanta Braves,Seattle Mariners,0,,,,
2017-01-10,Ryan Yarbrough,Tampa Bay Rays,Seattle Mariners,2.63,,,,
2017-01-11,Drew Smyly,Seattle Mariners,Tampa Bay Rays,0,,,,
2017-01-11,Mallex Smith,Tampa Bay Rays,Seattle Mariners,4.8,,,,
2017-01-12,Micah Johnson,Atlanta Braves,Los Angeles Dodgers,-0.13,,,,
2017-01-17,Mikie Mahtook,Detroit Tigers,Tampa Bay Rays,0.16,,,,
2017-01-18,Austin Brice,Cincinnati Reds,Miami Marlins,-0.57,,,,
2017-01-18,Luis Castillo,Cincinnati Reds,Miami Marlins,17.34,,,,
2017-01-18,Zeek White,Cincinnati Reds,Miami Marlins,0,,,,
2017-01-18,Dan Straily,Miami Marlins,Cincinnati Reds,1.98,,,,
2017-01-22,Logan Forsythe,Los Angeles Dodgers,Tampa Bay Rays,1.27,,,,
2017-01-22,Jose De Leon,Tampa Bay Rays,Los Angeles Dodgers,-0.13,,,,
2017-01-23,Severino Gonzalez,Miami Marlins,Philadelphia Phillies,0,,,,
2017-01-24,Brett Eibner,Los Angeles Dodgers,Oakland Athletics,-0.35,,,,
2017-01-24,Jordan Tarsovich,Oakland Athletics,Los Angeles Dodgers,0,,,,
2017-01-25,Dillon Overton,Seattle Mariners,Oakland Athletics,-0.28,,,,
2017-01-25,Jason Goldstein,Oakland Athletics,Seattle Mariners,0,,,,
2017-01-28,Carlos Frias,Cleveland Guardians,Los Angeles Dodgers,0,,,,
2017-01-31,Eddie Butler,Chicago Cubs,Colorado Rockies,0.63,,,,
2017-01-31,James Farris,Colorado Rockies,Chicago Cubs,0,,,,
2017-02-06,Enny Romero,Washington Nationals,Tampa Bay Rays,0.47,,,,
2017-02-06,Jeffrey Rosa,Tampa Bay Rays,Washington Nationals,0,,,,
2017-02-07,Jesus Sucre,Tampa Bay Rays,Seattle Mariners,-0.22,,,,
2017-02-07,Donnie Dewees,Kansas City Royals,Chicago Cubs,0,,,,
2017-02-08,Alec Mills,Chicago Cubs,Kansas City Royals,-0.17,,,,
2017-02-08,Pat Light,Pittsburgh Pirates,Minnesota Twins,0,,,,
2017-02-09,Phil Gosselin,Pittsburgh Pirates,Arizona Diamondbacks,0,,,,
2017-02-09,Frank Duncan,Arizona Diamondbacks,Pittsburgh Pirates,0,,,,
2017-02-09,Austin Adams,Los Angeles Angels,Cleveland Guardians,0,,,,
2017-02-09,Gabriel Ynoa,Baltimore Orioles,New York Mets,0.38,,,,
2017-02-09,Brandon Phillips,Atlanta Braves,Cincinnati Reds,1.08,,,,
2017-02-09,Carlos Portuondo,Cincinnati Reds,Atlanta Braves,0,,,,
2017-02-09,Andrew McKirahan,Cincinnati Reds,Atlanta Braves,0,,,,
2017-02-13,Eddie Gamboa,Texas Rangers,Tampa Bay Rays,0,,,,
2017-02-18,Vidal Nuno,Baltimore Orioles,Los Angeles Dodgers,-0.54,,,,
2017-02-18,Ryan Moseley,Los Angeles Dodgers,Baltimore Orioles,0,,,,
2017-02-20,Richard Bleier,Baltimore Orioles,New York Yankees,3.24,,,,
2017-03-03,Chase De Jong,Seattle Mariners,Los Angeles Dodgers,-0.36,,,,
2017-03-03,Aneurys Zabala,Los Angeles Dodgers,Seattle Mariners,0,,,,
2017-03-03,Drew Jackson,Los Angeles Dodgers,Seattle Mariners,0,,,,
2017-03-11,Pat Venditte,Philadelphia Phillies,Seattle Mariners,0,,,,
2017-03-11,Joey Curletta,Seattle Mariners,Philadelphia Phillies,0,,,,
2017-03-24,Brandon Dulin,Chicago White Sox,Kansas City Royals,0,,,,
2017-03-27,Peter Bourjos,Tampa Bay Rays,Chicago White Sox,0.55,,,,
2017-03-27,Alec Asher,Baltimore Orioles,Philadelphia Phillies,-0.02,,,,
2017-03-31,Kyle Kubat,Chicago White Sox,Kansas City Royals,0,,,,
2017-03-31,Tyler Heineman,Milwaukee Brewers,Houston Astros,0,,,,
2017-03-31,Clayton Mortensen,Miami Marlins,Kansas City Royals,0,,,,
2017-03-31,Zach Hartman,Los Angeles Dodgers,Los Angeles Angels,0,,,,
2017-03-31,Julian Leon,Los Angeles Angels,Los Angeles Dodgers,0,,,,
2017-04-06,Andrew Faulkner,Baltimore Orioles,Texas Rangers,0,,,,
2017-04-07,Miguel Castro,Baltimore Orioles,Colorado Rockies,2.96,,,,
2017-04-10,Joe Gunkel,Los Angeles Dodgers,Baltimore Orioles,0,,,,
2017-04-13,Damien Magnifico,Baltimore Orioles,Milwaukee Brewers,0,,,,
2017-04-14,Paul Fry,Baltimore Orioles,Seattle Mariners,-0.06,,,,
2017-04-14,Oliver Drake,Milwaukee Brewers,Baltimore Orioles,-0.11,,,,
2017-04-16,Clayton Blackburn,Texas Rangers,San Francisco Giants,0,,,,
2017-04-17,Parker Bridwell,Los Angeles Angels,Baltimore Orioles,1.36,,,,
2017-04-17,Johnny Barbato,Pittsburgh Pirates,New York Yankees,0.24,,,,
2017-04-18,Frandy De La Rosa,San Francisco Giants,Texas Rangers,0,,,,
2017-04-18,Juan Graterol,Los Angeles Angels,Toronto Blue Jays,0.12,,,,
2017-04-22,Ty Kelly,Philadelphia Phillies,Toronto Blue Jays,0.15,,,,
2017-04-24,David Hernandez,Los Angeles Angels,Atlanta Braves,0.92,,,,
2017-05-02,Seth Mejias-Brean,Seattle Mariners,Cincinnati Reds,0,,,,
2017-05-05,Yoiber Marquina,New York Yankees,Cleveland Guardians,0,,,,
2017-05-06,Pat Cantwell,Toronto Blue Jays,Texas Rangers,0,,,,
2017-05-06,Damien Magnifico,Los Angeles Angels,Baltimore Orioles,0.01,,,,
2017-05-06,Jordan Kipper,Baltimore Orioles,Los Angeles Angels,0,,,,
2017-05-08,Matt Szczur,San Diego Padres,Chicago Cubs,0.02,,,,
2017-05-08,Justin Hancock,Chicago Cubs,San Diego Padres,0.31,,,,
2017-05-08,Kevin Chapman,Minnesota Twins,Atlanta Braves,0,,,,
2017-05-08,Danny Santana,Atlanta Braves,Minnesota Twins,-0.11,,,,
2017-05-09,Casey Fien,Philadelphia Phillies,Seattle Mariners,-0.53,,,,
2017-05-11,Barry Enright,Colorado Rockies,San Diego Padres,0,,,,
2017-05-11,Nick Noonan,Miami Marlins,Milwaukee Brewers,0,,,,
2017-05-13,Victor Roache,Los Angeles Dodgers,Milwaukee Brewers,0,,,,
2017-05-16,Steve Cishek,Tampa Bay Rays,Seattle Mariners,1.13,,,,
2017-05-18,Michael Martinez,Tampa Bay Rays,Cleveland Guardians,-0.29,,,,
2017-05-20,Matt Adams,Atlanta Braves,St. Louis Cardinals,-0.23,,,,
2017-05-20,Enrique Burgos,Atlanta Braves,Arizona Diamondbacks,0,,,,
2017-05-21,Juan Yepez,St. Louis Cardinals,Atlanta Braves,-0.4,,,,
2017-05-21,Alex Katz,Baltimore Orioles,Chicago White Sox,0,,,,
2017-05-25,Andrew Aplin,Seattle Mariners,Houston Astros,0,,,,
2017-05-25,Nick Rickles,Philadelphia Phillies,Washington Nationals,0,,,,
2017-05-26,Ryan Raburn,Washington Nationals,Chicago White Sox,0.03,,,,
2017-05-28,Darnell Sweeney,Cincinnati Reds,Los Angeles Angels,0,,,,
2017-06-01,Josh Wilson,Cleveland Guardians,Texas Rangers,0,,,,
2017-06-03,Jason Wheeler,Los Angeles Dodgers,Minnesota Twins,0,,,,
2017-06-04,Ruben Tejada,Baltimore Orioles,New York Yankees,-0.16,,,,
2017-06-05,Yeison Coca,Milwaukee Brewers,Boston Red Sox,0,,,,
2017-06-06,Sam Dyson,San Francisco Giants,Texas Rangers,3.15,,,,
2017-06-09,Taylor Featherston,Tampa Bay Rays,Philadelphia Phillies,-0.22,,,,
2017-06-13,Joely Rodriguez,Texas Rangers,Philadelphia Phillies,-0.18,,,,
2017-06-16,Nick Noonan,Milwaukee Brewers,Miami Marlins,0,,,,
2017-06-16,Trevor Plouffe,Tampa Bay Rays,Oakland Athletics,-0.84,,,,
2017-06-18,Jarrett Grube,Cleveland Guardians,Toronto Blue Jays,0,,,,
2017-06-24,Mark Peterson,Philadelphia Phillies,Kansas City Royals,0,,,,
2017-06-26,Matt Carasiti,Chicago Cubs,Colorado Rockies,0,,,,
2017-06-26,Adeiny Hechavarria,Tampa Bay Rays,Miami Marlins,0.78,,,,
2017-06-26,Ethan Clark,Miami Marlins,Tampa Bay Rays,0,,,,
2017-06-26,Zac Rosscup,Colorado Rockies,Chicago Cubs,0.07,,,,
2017-06-26,Braxton Lee,Miami Marlins,Tampa Bay Rays,0,,,,
2017-06-30,Nick Franklin,Los Angeles Angels,Milwaukee Brewers,0.13,,,,
2017-07-02,Jason Grilli,Texas Rangers,Toronto Blue Jays,-0.03,,,,
2017-07-02,Eduard Pinto,Toronto Blue Jays,Texas Rangers,0,,,,
2017-07-02,Matt Wotherspoon,Baltimore Orioles,New York Yankees,-0.41,,,,
2017-07-02,Tyler Frohwirth,Miami Marlins,Philadelphia Phillies,0,,,,
2017-07-02,Caleb Eldridge,Seattle Mariners,Philadelphia Phillies,0,,,,
2017-07-03,Nick Longhi,Cincinnati Reds,Boston Red Sox,0,,,,
2017-07-03,Tony Renda,Arizona Diamondbacks,Cincinnati Reds,0,,,,
2017-07-03,Jason Wheeler,Baltimore Orioles,Los Angeles Dodgers,0,,,,
2017-07-03,Lane Thomas,St. Louis Cardinals,Toronto Blue Jays,-0.15,,,,
2017-07-03,Miguel Montero,Toronto Blue Jays,Chicago Cubs,-0.62,,,,
2017-07-03,James Lovett,Seattle Mariners,Philadelphia Phillies,0,,,,
2017-07-05,Tyler Herb,San Francisco Giants,Seattle Mariners,0,,,,
2017-07-06,Jonathan Diaz,New York Yankees,Toronto Blue Jays,0,,,,
2017-07-08,Aaron Myers,Baltimore Orioles,Milwaukee Brewers,0,,,,
2017-07-11,Todd Cunningham,Los Angeles Dodgers,St. Louis Cardinals,0,,,,
2017-07-13,Dylan Cease,Chicago White Sox,Chicago Cubs,11.63,,,,
2017-07-13,Garrett Cooper,New York Yankees,Milwaukee Brewers,0.2,,,,
2017-07-13,Bryant Flete,Chicago White Sox,Chicago Cubs,0,,,,
2017-07-13,Eloy Jimenez,Chicago White Sox,Chicago Cubs,5.55,,,,
2017-07-13,Matt Rose,Chicago White Sox,Chicago Cubs,0,,,,
2017-07-13,Tyler Webb,Milwaukee Brewers,New York Yankees,-0.15,,,,
2017-07-13,Jose Quintana,Chicago Cubs,Chicago White Sox,2.64,,,,
2017-07-15,Blake Treinen,Oakland Athletics,Washington Nationals,5.64,,,,
2017-07-15,Sheldon Neuse,Oakland Athletics,Washington Nationals,-0.34,,,,
2017-07-15,Sean Doolittle,Washington Nationals,Oakland Athletics,4.43,,,,
2017-07-15,Ryan Madson,Washington Nationals,Oakland Athletics,0.36,,,,
2017-07-15,Jesus Luzardo,Oakland Athletics,Washington Nationals,0.47,,,,
2017-07-16,Yeyson Yrizarri,Chicago White Sox,Texas Rangers,0,,,,
2017-07-18,Tyler Clippard,Chicago White Sox,New York Yankees,0.5,,,,
2017-07-18,Blake Rutherford,Chicago White Sox,New York Yankees,0,,,,
2017-07-18,Ian Clarkin,Chicago White Sox,New York Yankees,0,,,,
2017-07-18,Tito Polo,Chicago White Sox,New York Yankees,0,,,,
2017-07-18,Tommy Kahnle,New York Yankees,Chicago White Sox,2.71,,,,
2017-07-18,Todd Frazier,New York Yankees,Chicago White Sox,1.18,,,,
2017-07-18,David Robertson,New York Yankees,Chicago White Sox,2.47,,,,
2017-07-18,Dawel Lugo,Detroit Tigers,Arizona Diamondbacks,-1,,,,
2017-07-18,Jose King,Detroit Tigers,Arizona Diamondbacks,0,,,,
2017-07-18,Sergio Alcantara,Detroit Tigers,Arizona Diamondbacks,-0.29,,,,
2017-07-18,J.D. Martinez,Arizona Diamondbacks,Detroit Tigers,2.6,,,,
2017-07-19,Chaz Roe,Tampa Bay Rays,Atlanta Braves,0.99,,,,
2017-07-20,David Phelps,Seattle Mariners,Miami Marlins,0.22,,,,
2017-07-20,Brayan Hernandez,Miami Marlins,Seattle Mariners,0,,,,
2017-07-20,Brandon Miller,Miami Marlins,Seattle Mariners,0,,,,
2017-07-20,Lukas Schiraldi,Miami Marlins,Seattle Mariners,0,,,,
2017-07-20,Pablo Lopez,Miami Marlins,Seattle Mariners,8.56,,,,
2017-07-21,Marco Gonzales,Seattle Mariners,St. Louis Cardinals,8.44,,,,
2017-07-21,Tyler O'Neill,St. Louis Cardinals,Seattle Mariners,10.15,,,,
2017-07-22,Sergio Romo,Tampa Bay Rays,Los Angeles Dodgers,1.28,,,,
2017-07-22,Jean Machi,Chicago White Sox,Seattle Mariners,0,,,,
2017-07-22,Mark Lowe,Chicago White Sox,Seattle Mariners,0,,,,
2017-07-23,Nick Tepesch,Toronto Blue Jays,Minnesota Twins,0.09,,,,
2017-07-23,Rob Refsnyder,Toronto Blue Jays,New York Yankees,-0.21,,,,
2017-07-23,Ryan McBroom,New York Yankees,Toronto Blue Jays,0,,,,
2017-07-24,Esteury Ruiz,San Diego Padres,Kansas City Royals,-0.37,,,,
2017-07-24,Matt Strahm,San Diego Padres,Kansas City Royals,3.23,,,,
2017-07-24,Travis Wood,San Diego Padres,Kansas City Royals,-0.8,,,,
2017-07-24,Brandon Maurer,Kansas City Royals,San Diego Padres,-1.58,,,,
2017-07-24,Ryan Buchter,Kansas City Royals,San Diego Padres,0.61,,,,
2017-07-24,Trevor Cahill,Kansas City Royals,San Diego Padres,-0.46,,,,
2017-07-25,Jaime Garcia,Minnesota Twins,Atlanta Braves,0.09,,,,
2017-07-25,Anthony Recker,Minnesota Twins,Atlanta Braves,0,,,,
2017-07-25,Huascar Ynoa,Atlanta Braves,Minnesota Twins,1.07,,,,
2017-07-26,Ryan Cordell,Chicago White Sox,Milwaukee Brewers,-1.33,,,,
2017-07-26,Pat Neshek,Colorado Rockies,Philadelphia Phillies,0.68,,,,
2017-07-26,JD Hammer,Philadelphia Phillies,Colorado Rockies,0,,,,
2017-07-26,Jose Gomez,Philadelphia Phillies,Colorado Rockies,0,,,,
2017-07-26,Anthony Swarzak,Milwaukee Brewers,Chicago White Sox,0.9,,,,
2017-07-26,Eduardo Nunez,Boston Red Sox,San Francisco Giants,-1.61,,,,
2017-07-26,Shaun Anderson,San Francisco Giants,Boston Red Sox,-0.09,,,,
2017-07-26,Will Lamb,Colorado Rockies,Chicago White Sox,0,,,,
2017-07-26,Alejandro Requena,Philadelphia Phillies,Colorado Rockies,0,,,,
2017-07-27,John Ryan Murphy,Arizona Diamondbacks,Minnesota Twins,0,,,,
2017-07-27,Drew Smith,New York Mets,Tampa Bay Rays,1.98,,,,
2017-07-27,Lucas Duda,Tampa Bay Rays,New York Mets,0.12,,,,
2017-07-27,Gabriel Moya,Minnesota Twins,Arizona Diamondbacks,0.17,,,,
2017-07-27,Dan Jennings,Tampa Bay Rays,Chicago White Sox,0.34,,,,
2017-07-28,Howie Kendrick,Washington Nationals,Philadelphia Phillies,2.89,,,,
2017-07-28,McKenzie Mills,Philadelphia Phillies,Washington Nationals,0,,,,
2017-07-28,Jeremy Hellickson,Baltimore Orioles,Philadelphia Phillies,-0.86,,,,
2017-07-28,AJ Ramos,New York Mets,Miami Marlins,-0.4,,,,
2017-07-28,Ricardo Cespedes,Miami Marlins,New York Mets,0,,,,
2017-07-28,Merandy Gonzalez,Miami Marlins,New York Mets,-0.13,,,,
2017-07-28,Erasmo Ramirez,Seattle Mariners,Tampa Bay Rays,0.19,,,,
2017-07-29,Luke Farrell,Los Angeles Dodgers,Kansas City Royals,0,,,,
2017-07-29,Luis Ysla,Los Angeles Dodgers,Boston Red Sox,0,,,,
2017-07-30,Jonathan Lucroy,Colorado Rockies,Texas Rangers,0.72,,,,
2017-07-30,Melky Cabrera,Kansas City Royals,Chicago White Sox,-1.06,,,,
2017-07-30,Andre Davis,Chicago White Sox,Kansas City Royals,0,,,,
2017-07-30,Jaime Garcia,New York Yankees,Minnesota Twins,-0.13,,,,
2017-07-30,Zack Littell,Minnesota Twins,New York Yankees,0.2,,,,
2017-07-30,Scott Van Slyke,Cincinnati Reds,Los Angeles Dodgers,0,,,,
2017-07-30,Tony Cingrani,Los Angeles Dodgers,Cincinnati Reds,-0.01,,,,
2017-07-30,Yu Darvish,Los Angeles Dodgers,Texas Rangers,0.52,,,,
2017-07-30,Brendon Davis,Texas Rangers,Los Angeles Dodgers,0,,,,
2017-07-30,A.J. Alexy,Texas Rangers,Los Angeles Dodgers,0,,,,
2017-07-30,Joaquin Benoit,Pittsburgh Pirates,Philadelphia Phillies,-0.57,,,,
2017-07-30,Seth McGarry,Philadelphia Phillies,Pittsburgh Pirates,0,,,,
2017-07-30,Tony Watson,Los Angeles Dodgers,Pittsburgh Pirates,0.4,,,,
2017-07-30,Willie Calhoun,Texas Rangers,Los Angeles Dodgers,-1.64,,,,
2017-07-30,Dietrich Enns,Minnesota Twins,New York Yankees,-0.07,,,,
2017-07-30,Hendrik Clementina,Cincinnati Reds,Los Angeles Dodgers,0,,,,
2017-07-31,Tim Beckham,Baltimore Orioles,Tampa Bay Rays,2.3,,,,
2017-07-31,Tobias Myers,Tampa Bay Rays,Baltimore Orioles,0,,,,
2017-07-31,Brandon Kintzler,Washington Nationals,Minnesota Twins,1.17,,,,
2017-07-31,Norichika Aoki,Toronto Blue Jays,Houston Astros,0,,,,
2017-07-31,Francisco Liriano,Houston Astros,Toronto Blue Jays,-0.17,,,,
2017-07-31,David Hernandez,Arizona Diamondbacks,Los Angeles Angels,0.04,,,,
2017-07-31,Jeremy Jeffress,Milwaukee Brewers,Texas Rangers,3.36,,,,
2017-07-31,Tayler Scott,Texas Rangers,Milwaukee Brewers,0,,,,
2017-07-31,Joe Smith,Cleveland Guardians,Toronto Blue Jays,0.32,,,,
2017-07-31,Thomas Pannone,Toronto Blue Jays,Cleveland Guardians,0.2,,,,
2017-07-31,Jorge Mateo,Oakland Athletics,New York Yankees,0,,,,
2017-07-31,James Kaprielian,Oakland Athletics,New York Yankees,2.37,,,,
2017-07-31,Dustin Fowler,Oakland Athletics,New York Yankees,-0.98,,,,
2017-07-31,Sonny Gray,New York Yankees,Oakland Athletics,1.16,,,,
2017-07-31,Addison Reed,Boston Red Sox,New York Mets,0.54,,,,
2017-07-31,Adam Rosales,Arizona Diamondbacks,Oakland Athletics,-0.66,,,,
2017-07-31,Jeferson Mejia,Oakland Athletics,Arizona Diamondbacks,0,,,,
2017-07-31,Alex Avila,Chicago Cubs,Detroit Tigers,0.67,,,,
2017-07-31,Justin Wilson,Chicago Cubs,Detroit Tigers,0.42,,,,
2017-07-31,Jeimer Candelario,Detroit Tigers,Chicago Cubs,7.8,,,,
2017-07-31,Gerson Bautista,New York Mets,Boston Red Sox,-0.29,,,,
2017-07-31,Jamie Callahan,New York Mets,Boston Red Sox,-0.02,,,,
2017-07-31,Stephen Nogosek,New York Mets,Boston Red Sox,-0.28,,,,
2017-07-31,Isaac Paredes,Detroit Tigers,Chicago Cubs,-0.53,,,,
2017-07-31,Tyler Watson,Minnesota Twins,Washington Nationals,0,,,,
2017-07-31,Luis Madero,Los Angeles Angels,Arizona Diamondbacks,0,,,,
2017-07-31,Oneil Cruz,Pittsburgh Pirates,Los Angeles Dodgers,5.38,,,,
2017-07-31,Samad Taylor,Toronto Blue Jays,Cleveland Guardians,0,,,,
2017-08-01,Yefry Ramirez,Baltimore Orioles,New York Yankees,-0.14,,,,
2017-08-03,Casey Gillaspie,Chicago White Sox,Tampa Bay Rays,0,,,,
2017-08-04,Eury Perez,Miami Marlins,Pittsburgh Pirates,3.88,,,,
2017-08-05,Connor Joe,Atlanta Braves,Pittsburgh Pirates,0,,,,
2017-08-05,Sean Rodriguez,Pittsburgh Pirates,Atlanta Braves,-0.63,,,,
2017-08-06,Ryan Garton,Seattle Mariners,Tampa Bay Rays,0.3,,,,
2017-08-06,Anthony Misiewicz,Tampa Bay Rays,Seattle Mariners,0,,,,
2017-08-06,Luis Rengifo,Tampa Bay Rays,Seattle Mariners,0,,,,
2017-08-06,Yonder Alonso,Seattle Mariners,Oakland Athletics,0.37,,,,
2017-08-06,Boog Powell,Oakland Athletics,Seattle Mariners,0.62,,,,
2017-08-06,Mike Marjama,Seattle Mariners,Tampa Bay Rays,0.05,,,,
2017-08-08,Ernesto Frieri,Seattle Mariners,Texas Rangers,0,,,,
2017-08-09,Jay Bruce,Cleveland Guardians,New York Mets,0.25,,,,
2017-08-09,Steve Johnson,Chicago White Sox,Baltimore Orioles,0,,,,
2017-08-09,Ryder Ryan,New York Mets,Cleveland Guardians,0,,,,
2017-08-12,Kevin Franklin,Atlanta Braves,Cincinnati Reds,0,,,,
2017-08-12,Neil Walker,Milwaukee Brewers,New York Mets,0.62,,,,
2017-08-12,Ryan Burr,Chicago White Sox,Arizona Diamondbacks,0.75,,,,
2017-08-13,Tyler Clippard,Houston Astros,Chicago White Sox,-0.25,,,,
2017-08-14,Andrew Albers,Seattle Mariners,Atlanta Braves,0.39,,,,
2017-08-15,Jake Elmore,Miami Marlins,Toronto Blue Jays,0,,,,
2017-08-15,Chris Hatcher,Oakland Athletics,Los Angeles Dodgers,0.25,,,,
2017-08-15,Travis Snider,New York Mets,Texas Rangers,0,,,,
2017-08-16,Sam Moll,Oakland Athletics,Colorado Rockies,1,,,,
2017-08-18,Curtis Granderson,Los Angeles Dodgers,New York Mets,-0.14,,,,
2017-08-19,Osman Gutierrez,Miami Marlins,Toronto Blue Jays,0,,,,
2017-08-19,Tom Koehler,Toronto Blue Jays,Miami Marlins,0.47,,,,
2017-08-20,Jacob Rhame,New York Mets,Los Angeles Dodgers,-0.63,,,,
2017-08-23,Rajai Davis,Boston Red Sox,Oakland Athletics,-0.05,,,,
2017-08-23,Rafael Rincones,Oakland Athletics,Boston Red Sox,0,,,,
2017-08-26,Paolo Espino,Texas Rangers,Milwaukee Brewers,0.05,,,,
2017-08-30,Mike Leake,Seattle Mariners,St. Louis Cardinals,4,,,,
2017-08-30,Rayder Ascanio,St. Louis Cardinals,Seattle Mariners,0,,,,
2017-08-31,Erik Kratz,New York Yankees,Cleveland Guardians,0.45,,,,
2017-08-31,Brandon Phillips,Los Angeles Angels,Atlanta Braves,-0.21,,,,
2017-08-31,Tony Sanchez,Atlanta Braves,Los Angeles Angels,-0.03,,,,
2017-08-31,Leonys Martin,Chicago Cubs,Seattle Mariners,0.18,,,,
2017-08-31,Justin Verlander,Houston Astros,Detroit Tigers,22.24,,,,
2017-08-31,Franklin Perez,Detroit Tigers,Houston Astros,0,,,,
2017-08-31,Miguel Gonzalez,Texas Rangers,Chicago White Sox,-0.04,,,,
2017-08-31,Ti'Quan Forbes,Chicago White Sox,Texas Rangers,0,,,,
2017-08-31,Justin Upton,Los Angeles Angels,Detroit Tigers,1.97,,,,
2017-08-31,GTampa Bay Rayson Long,Detroit Tigers,Los Angeles Angels,0,,,,
2017-08-31,Daz Cameron,Detroit Tigers,Houston Astros,-0.75,,,,
2017-08-31,Jake Rogers,Detroit Tigers,Houston Astros,2.55,,,,
2017-09-06,Juan Nicasio,St. Louis Cardinals,Philadelphia Phillies,0.44,,,,
2017-09-06,Eliezer Alvarez,Philadelphia Phillies,St. Louis Cardinals,0,,,,
2017-09-20,Elvin Rodriguez,Detroit Tigers,Los Angeles Angels,-1.45,,,,
2017-09-20,Eric Hanhold,New York Mets,Milwaukee Brewers,-0.07,,,,
2017-09-29,Connor Joe,Los Angeles Dodgers,Atlanta Braves,0,,,,
2017-10-09,Felix Pena,Los Angeles Angels,Chicago Cubs,2.17,,,,
2017-10-13,Juan Ramirez,Houston Astros,Detroit Tigers,0,,,,
2017-10-13,Osmy Gregorio,Tampa Bay Rays,Seattle Mariners,0,,,,
2017-11-15,Ryon Healy,Seattle Mariners,Oakland Athletics,-0.33,,,,
2017-11-15,Emilio Pagan,Oakland Athletics,Seattle Mariners,0.37,,,,
2017-11-16,Thyago Vieira,Chicago White Sox,Seattle Mariners,-0.46,,,,
2017-11-18,Nick Rumbelow,Seattle Mariners,New York Yankees,-0.43,,,,
2017-11-18,JP Sears,New York Yankees,Seattle Mariners,0.56,,,,
2017-11-18,Juan Then,New York Yankees,Seattle Mariners,0,,,,
2017-11-20,Josh Ravin,Atlanta Braves,Los Angeles Dodgers,-0.06,,,,
2017-11-20,Gift Ngoepe,Toronto Blue Jays,Pittsburgh Pirates,-0.29,,,,
2017-11-20,Caleb Smith,Miami Marlins,New York Yankees,2.77,,,,
2017-11-20,Garrett Cooper,Miami Marlins,New York Yankees,4.48,,,,
2017-11-20,Michael King,New York Yankees,Miami Marlins,0,,,,
2017-11-20,Ronald Herrera,Texas Rangers,New York Yankees,0,,,,
2017-11-20,Reiver Sanmartin,New York Yankees,Texas Rangers,0,,,,
2017-11-20,Konner Wade,Baltimore Orioles,Colorado Rockies,-0.39,,,,
2017-11-20,Ramon Laureano,Oakland Athletics,Houston Astros,11.77,,,,
2017-11-20,Brandon Bailey,Houston Astros,Oakland Athletics,0.13,,,,
2017-11-20,Hunter Cole,Texas Rangers,San Francisco Giants,0,,,,
2017-11-22,Jaycob Brugman,Baltimore Orioles,Oakland Athletics,0,,,,
2017-11-30,Jim Johnson,Los Angeles Angels,Atlanta Braves,-0.36,,,,
2017-11-30,Justin Kelly,Atlanta Braves,Los Angeles Angels,0,,,,
2017-11-30,Brad Boxberger,Arizona Diamondbacks,Tampa Bay Rays,-0.78,,,,
2017-11-30,Curtis Taylor,Tampa Bay Rays,Arizona Diamondbacks,0,,,,
2017-12-01,Aledmys Diaz,Toronto Blue Jays,St. Louis Cardinals,2.11,,,,
2017-12-01,J.B. Woodman,St. Louis Cardinals,Toronto Blue Jays,0,,,,
2017-12-07,Dee Strange-Gordon,Seattle Mariners,Miami Marlins,1.74,,,,
2017-12-07,Robert Dugger,Miami Marlins,Seattle Mariners,-1.13,,,,
2017-12-07,Nick Neidert,Miami Marlins,Seattle Mariners,0.42,,,,
2017-12-07,Chris Torres,Miami Marlins,Seattle Mariners,0,,,,
2017-12-10,Burch Smith,Kansas City Royals,New York Mets,-0.95,,,,
2017-12-11,Joey Wendle,Tampa Bay Rays,Oakland Athletics,10.49,,,,
2017-12-11,Starlin Castro,Miami Marlins,New York Yankees,2.9,,,,
2017-12-11,Jose Devers,Miami Marlins,New York Yankees,-0.15,,,,
2017-12-11,Jorge Guzman,Miami Marlins,New York Yankees,-0.36,,,,
2017-12-11,Giancarlo Stanton,New York Yankees,Miami Marlins,10.97,,,,
2017-12-12,Ryan Schimpf,Tampa Bay Rays,San Diego Padres,0,,,,
2017-12-12,Deion Tansel,San Diego Padres,Tampa Bay Rays,0,,,,
2017-12-12,Bryan Mitchell,San Diego Padres,New York Yankees,-0.49,,,,
2017-12-12,Chase Headley,San Diego Padres,New York Yankees,-0.33,,,,
2017-12-12,Jabari Blash,New York Yankees,San Diego Padres,0,,,,
2017-12-13,Ian Kinsler,Los Angeles Angels,Detroit Tigers,2.27,,,,
2017-12-13,Troy Montgomery,Detroit Tigers,Los Angeles Angels,0,,,,
2017-12-13,Wilkel Hernandez,Detroit Tigers,Los Angeles Angels,0,,,,
2017-12-13,Shawn Armstrong,Seattle Mariners,Cleveland Guardians,0.31,,,,
2017-12-14,Sandy Alcantara,Miami Marlins,St. Louis Cardinals,20.16,,,,
2017-12-14,Zac Gallen,Miami Marlins,St. Louis Cardinals,1.28,,,,
2017-12-14,Daniel Castano,Miami Marlins,St. Louis Cardinals,0.73,,,,
2017-12-14,Magneuris Sierra,Miami Marlins,St. Louis Cardinals,-1.16,,,,
2017-12-14,Marcell Ozuna,St. Louis Cardinals,Miami Marlins,4.63,,,,
2017-12-14,Yairo Munoz,St. Louis Cardinals,Oakland Athletics,-0.22,,,,
2017-12-14,Max Schrock,St. Louis Cardinals,Oakland Athletics,0.03,,,,
2017-12-14,Stephen Piscotty,Oakland Athletics,St. Louis Cardinals,2.66,,,,
2017-12-15,Nick Burdi,Pittsburgh Pirates,Philadelphia Phillies,-0.56,,,,
2017-12-15,Matt Moore,Texas Rangers,San Francisco Giants,1.4,,,,
2017-12-15,Sam Wolff,Philadelphia Phillies,Texas Rangers,0,,,,
2017-12-15,Israel Cruz,Philadelphia Phillies,Texas Rangers,0,,,,
2017-12-15,Freddy Galvis,San Diego Padres,Philadelphia Phillies,1.71,,,,
2017-12-15,Enyel De Los Santos,Philadelphia Phillies,San Diego Padres,-0.84,,,,
2017-12-15,Adrian Gonzalez,Atlanta Braves,Los Angeles Dodgers,0,,,,
2017-12-15,Charlie Culberson,Atlanta Braves,Los Angeles Dodgers,0.51,,,,
2017-12-15,Scott Kazmir,Atlanta Braves,Los Angeles Dodgers,0,,,,
2017-12-15,Brandon McCarthy,Atlanta Braves,Los Angeles Dodgers,-0.12,,,,
2017-12-15,Matt Kemp,Los Angeles Dodgers,Atlanta Braves,1.22,,,,
2017-12-15,Carlos Tocci,Texas Rangers,Chicago White Sox,-1.47,,,,
2017-12-15,Brad Keller,Kansas City Royals,Cincinnati Reds,9.11,,,,
2017-12-18,Jacob Pearson,Minnesota Twins,Los Angeles Angels,0,,,,
2017-12-19,Jake Bray,Oakland Athletics,Baltimore Orioles,0,,,,
2017-12-19,Jonah Heim,Oakland Athletics,Tampa Bay Rays,0.08,,,,
2017-12-20,Preston Tucker,Atlanta Braves,Houston Astros,-0.02,,,,
2017-12-20,Evan Longoria,San Francisco Giants,Tampa Bay Rays,6.83,,,,
2017-12-20,Denard Span,Tampa Bay Rays,San Francisco Giants,1.12,,,,
2017-12-20,Christian Arroyo,Tampa Bay Rays,San Francisco Giants,0.21,,,,
2017-12-20,Stephen Woods,Tampa Bay Rays,San Francisco Giants,0,,,,
2017-12-20,Matt Krook,Tampa Bay Rays,San Francisco Giants,0,,,,
2018-01-02,Dylan Baker,Los Angeles Dodgers,Milwaukee Brewers,0,,,,
2018-01-04,Scott Alexander,Los Angeles Dodgers,Kansas City Royals,0.88,,,,
2018-01-04,Jake Peter,Los Angeles Dodgers,Chicago White Sox,0,,,,
2018-01-04,Trevor Oaks,Kansas City Royals,Los Angeles Dodgers,-0.2,,,,
2018-01-04,Erick Mejia,Kansas City Royals,Los Angeles Dodgers,-0.45,,,,
2018-01-04,Joakim Soria,Chicago White Sox,Kansas City Royals,1.03,,,,
2018-01-04,Luis Avilan,Chicago White Sox,Los Angeles Dodgers,0.23,,,,
2018-01-06,Yangervis Solarte,Toronto Blue Jays,San Diego Padres,-0.37,,,,
2018-01-06,Jared Carkuff,San Diego Padres,Toronto Blue Jays,0,,,,
2018-01-06,Edward Olivares,San Diego Padres,Toronto Blue Jays,-0.52,,,,
2018-01-10,Jose Rondon,Chicago White Sox,San Diego Padres,-0.2,,,,
2018-01-13,Gerrit Cole,Houston Astros,Pittsburgh Pirates,11.61,,,,
2018-01-13,Joe Musgrove,Pittsburgh Pirates,Houston Astros,3.53,,,,
2018-01-13,Colin Moran,Pittsburgh Pirates,Houston Astros,0.13,,,,
2018-01-13,Jason Martin,Pittsburgh Pirates,Houston Astros,-0.49,,,,
2018-01-13,Michael Feliz,Pittsburgh Pirates,Houston Astros,-0.45,,,,
2018-01-15,Andrew McCutchen,San Francisco Giants,Pittsburgh Pirates,1.72,,,,
2018-01-15,Bryan Reynolds,Pittsburgh Pirates,San Francisco Giants,21.05,,,,
2018-01-15,Kyle Crick,Pittsburgh Pirates,San Francisco Giants,1.02,,,,
2018-01-17,Shane Carle,Atlanta Braves,Pittsburgh Pirates,0.69,,,,
2018-01-18,Engelb Vielma,San Francisco Giants,Pittsburgh Pirates,0,,,,
2018-01-19,Randal Grichuk,Toronto Blue Jays,St. Louis Cardinals,4.48,,,,
2018-01-19,Dominic Leone,St. Louis Cardinals,Toronto Blue Jays,-0.39,,,,
2018-01-19,Conner Greene,St. Louis Cardinals,Toronto Blue Jays,0,,,,
2018-01-25,Christian Yelich,Milwaukee Brewers,Miami Marlins,27.53,,,,
2018-01-25,Lewis Brinson,Miami Marlins,Milwaukee Brewers,-3.12,,,,
2018-01-25,Monte Harrison,Miami Marlins,Milwaukee Brewers,-0.11,,,,
2018-01-25,Isan Diaz,Miami Marlins,Milwaukee Brewers,-2.67,,,,
2018-01-25,Jordan Yamamoto,Miami Marlins,Milwaukee Brewers,-0.24,,,,
2018-01-26,Engelb Vielma,Baltimore Orioles,San Francisco Giants,-0.02,,,,
2018-01-29,Brandon Moss,Oakland Athletics,Kansas City Royals,0,,,,
2018-01-29,Jesse Hahn,Kansas City Royals,Oakland Athletics,0.22,,,,
2018-01-29,Ryan Buchter,Oakland Athletics,Kansas City Royals,1.47,,,,
2018-01-29,Heath Fillmyer,Kansas City Royals,Oakland Athletics,0.63,,,,
2018-01-31,Josh Smoker,Pittsburgh Pirates,New York Mets,-0.38,,,,
2018-01-31,Daniel Zamora,New York Mets,Pittsburgh Pirates,0.25,,,,
2018-02-02,Andrew Susac,Baltimore Orioles,Milwaukee Brewers,-0.33,,,,
2018-02-07,Russell Wilson,New York Yankees,Texas Rangers,0,,,,
2018-02-17,Jake Odorizzi,Minnesota Twins,Tampa Bay Rays,4.75,,,,
2018-02-17,Jermaine Palacios,Tampa Bay Rays,Minnesota Twins,0,,,,
2018-02-17,C.J. Cron,Tampa Bay Rays,Los Angeles Angels,2.1,,,,
2018-02-20,Brandon Drury,New York Yankees,Arizona Diamondbacks,-0.29,,,,
2018-02-20,Steven Souza,Arizona Diamondbacks,Tampa Bay Rays,-0.52,,,,
2018-02-20,Anthony Banda,Tampa Bay Rays,Arizona Diamondbacks,-0.35,,,,
2018-02-20,Taylor Widener,Arizona Diamondbacks,New York Yankees,1.07,,,,
2018-02-20,Bryce Brentz,Pittsburgh Pirates,Boston Red Sox,0,,,,
2018-02-20,Nick Solak,Tampa Bay Rays,New York Yankees,0,,,,
2018-02-21,Jabari Blash,Los Angeles Angels,New York Yankees,-0.82,,,,
2018-02-21,Miguel Medrano,Cincinnati Reds,Texas Rangers,0,,,,
2018-02-27,Daniel Hudson,Tampa Bay Rays,Pittsburgh Pirates,0,,,,
2018-02-27,Corey Dickerson,Pittsburgh Pirates,Tampa Bay Rays,4.16,,,,
2018-02-28,Domingo Pena,Kansas City Royals,Texas Rangers,0,,,,
2018-03-05,Ryan Schimpf,Atlanta Braves,Tampa Bay Rays,0,,,,
2018-03-16,Jake Cave,Minnesota Twins,New York Yankees,2.08,,,,
2018-03-16,Eric Jagielo,Miami Marlins,Cincinnati Reds,0,,,,
2018-03-16,Luis Gil,New York Yankees,Minnesota Twins,4.64,,,,
2018-03-20,Luis Rengifo,Los Angeles Angels,Tampa Bay Rays,6.73,,,,
2018-03-20,Robby Rinn,Minnesota Twins,Kansas City Royals,0,,,,
2018-03-21,Eliezer Alvarez,Texas Rangers,Philadelphia Phillies,0,,,,
2018-03-21,Sam Gaviglio,Toronto Blue Jays,Kansas City Royals,0.82,,,,
2018-03-24,Robinson Leyer,Cincinnati Reds,Chicago White Sox,0,,,,
2018-03-24,Mike Ohlman,Boston Red Sox,Texas Rangers,0,,,,
2018-03-24,Deven Marrero,Arizona Diamondbacks,Boston Red Sox,-0.36,,,,
2018-03-26,Ashton Goudeau,Seattle Mariners,Kansas City Royals,0,,,,
2018-03-26,Colin Rodgers,Seattle Mariners,Kansas City Royals,0,,,,
2018-03-26,Matt Tenuta,Seattle Mariners,Kansas City Royals,0,,,,
2018-03-26,Ramon Flores,Boston Red Sox,Arizona Diamondbacks,0,,,,
2018-03-26,David McKay,Seattle Mariners,Kansas City Royals,-0.02,,,,
2018-03-27,Rob Refsnyder,Tampa Bay Rays,Cleveland Guardians,-0.09,,,,
2018-03-28,Ricardo Pinto,Chicago White Sox,Philadelphia Phillies,0,,,,
2018-03-30,Darrell Miller,Los Angeles Dodgers,Kansas City Royals,0,,,,
2018-03-30,Casey Meisner,St. Louis Cardinals,Oakland Athletics,0,,,,
2018-03-31,Josh Lucas,Oakland Athletics,St. Louis Cardinals,-0.19,,,,
2018-03-31,Ryan Schimpf,Los Angeles Angels,Atlanta Braves,0.14,,,,
2018-03-31,Carlos Perez,Atlanta Braves,Los Angeles Angels,-0.36,,,,
2018-04-01,Breyvic Valera,Los Angeles Dodgers,St. Louis Cardinals,-0.2,,,,
2018-04-01,Johan Mieses,St. Louis Cardinals,Los Angeles Dodgers,0,,,,
2018-04-02,Stefan Crichton,Arizona Diamondbacks,Baltimore Orioles,0.62,,,,
2018-04-02,Jesus Liranzo,Los Angeles Dodgers,Baltimore Orioles,0,,,,
2018-04-02,Luis Ysla,Baltimore Orioles,Los Angeles Dodgers,0,,,,
2018-04-02,Ronnie Freeman,San Francisco Giants,Arizona Diamondbacks,0,,,,
2018-04-02,Dean Anna,Philadelphia Phillies,Chicago White Sox,0,,,,
2018-04-02,Ariel Sandoval,Minnesota Twins,Los Angeles Dodgers,0,,,,
2018-04-02,Adam Bray,Minnesota Twins,Los Angeles Dodgers,0,,,,
2018-04-02,Brandon Bednar,Philadelphia Phillies,San Francisco Giants,0,,,,
2018-04-02,Rainis Silva,Seattle Mariners,Minnesota Twins,0,,,,
2018-04-02,Garrett Kennedy,Seattle Mariners,Los Angeles Dodgers,0,,,,
2018-04-03,Akeel Morris,Los Angeles Angels,Atlanta Braves,-0.02,,,,
2018-04-03,Daniel Camarena,New York Yankees,Chicago Cubs,0,,,,
2018-04-04,Cody Asche,New York Yankees,Kansas City Royals,0,,,,
2018-04-04,Miguel Almonte,Los Angeles Angels,Kansas City Royals,-0.23,,,,
2018-04-07,Brett Nicholas,San Diego Padres,Texas Rangers,0,,,,
2018-04-10,L.J. Mazzilli,New York Yankees,New York Mets,0,,,,
2018-04-10,Kendall Coleman,New York Mets,New York Yankees,0,,,,
2018-04-10,Jeremy Hazelbaker,Tampa Bay Rays,Arizona Diamondbacks,0,,,,
2018-04-16,Tony Sanchez,Texas Rangers,Cincinnati Reds,0,,,,
2018-04-17,Ariel Hernandez,Los Angeles Dodgers,Cincinnati Reds,0,,,,
2018-04-17,Ibandel Isabel,Cincinnati Reds,Los Angeles Dodgers,0,,,,
2018-04-17,Zach Neal,Cincinnati Reds,Los Angeles Dodgers,0,,,,
2018-04-19,Trayce Thompson,Chicago White Sox,Oakland Athletics,-1.3,,,,
2018-04-19,Tyler Saladino,Milwaukee Brewers,Chicago White Sox,0.03,,,,
2018-04-20,Tyler Pill,Los Angeles Dodgers,Arizona Diamondbacks,0,,,,
2018-04-21,Jon Berti,Cleveland Guardians,Toronto Blue Jays,0,,,,
2018-04-23,A.J. Cole,New York Yankees,Washington Nationals,0,,,,
2018-04-23,Roenis Elias,Seattle Mariners,Boston Red Sox,0.91,,,,
2018-04-25,Wilmer Font,Oakland Athletics,Los Angeles Dodgers,-0.29,,,,
2018-04-25,Logan Salow,Los Angeles Dodgers,Oakland Athletics,0,,,,
2018-04-27,Todd Cunningham,Chicago White Sox,Pittsburgh Pirates,0,,,,
2018-05-01,Sam McWilliams,Tampa Bay Rays,Arizona Diamondbacks,0,,,,
2018-05-01,Colin Poche,Tampa Bay Rays,Arizona Diamondbacks,2.14,,,,
2018-05-03,Oliver Drake,Cleveland Guardians,Milwaukee Brewers,-0.17,,,,
2018-05-08,Devin Mesoraco,New York Mets,Cincinnati Reds,0.62,,,,
2018-05-08,Matt Harvey,Cincinnati Reds,New York Mets,1.22,,,,
2018-05-08,Wilson Garcia,Baltimore Orioles,Philadelphia Phillies,0,,,,
2018-05-09,Anthony McIver,Seattle Mariners,Minnesota Twins,0,,,,
2018-05-09,Gio Urshela,Toronto Blue Jays,Cleveland Guardians,-0.3,,,,
2018-05-11,Tanner Murphy,San Francisco Giants,Atlanta Braves,0,,,,
2018-05-14,Emmanuel Clase,Texas Rangers,San Diego Padres,0.92,,,,
2018-05-15,Josh Taylor,Boston Red Sox,Arizona Diamondbacks,2.25,,,,
2018-05-22,Chris Carter,Minnesota Twins,Los Angeles Angels,0,,,,
2018-05-25,Alex Colome,Seattle Mariners,Tampa Bay Rays,1.31,,,,
2018-05-25,Denard Span,Seattle Mariners,Tampa Bay Rays,1.02,,,,
2018-05-25,Erik Kratz,Milwaukee Brewers,New York Yankees,-0.03,,,,
2018-05-25,Tommy Romero,Tampa Bay Rays,Seattle Mariners,-0.13,,,,
2018-05-25,Wilmer Font,Tampa Bay Rays,Oakland Athletics,0.98,,,,
2018-05-25,Pete Bayer,Oakland Athletics,Tampa Bay Rays,0,,,,
2018-05-25,Andrew Moore,Tampa Bay Rays,Seattle Mariners,0,,,,
2018-05-27,Phil Hughes,San Diego Padres,Minnesota Twins,-0.19,,,,
2018-05-27,Janigson Villalobos,Minnesota Twins,San Diego Padres,0,,,,
2018-05-29,Myles Jaye,Cleveland Guardians,Minnesota Twins,0,,,,
2018-05-30,Tyler Ladendorf,Arizona Diamondbacks,Toronto Blue Jays,0,,,,
2018-05-31,Curt Casali,Cincinnati Reds,Tampa Bay Rays,2.57,,,,
2018-06-01,Peter O'Brien,Miami Marlins,Los Angeles Dodgers,-0.13,,,,
2018-06-01,Michael Roth,Texas Rangers,Chicago Cubs,0,,,,
2018-06-01,Tommy Bergjans,Cincinnati Reds,Philadelphia Phillies,0,,,,
2018-06-03,Brad Goldberg,Arizona Diamondbacks,Chicago White Sox,0,,,,
2018-06-06,Gabe Speier,Kansas City Royals,Arizona Diamondbacks,0.51,,,,
2018-06-06,Jon Jay,Arizona Diamondbacks,Kansas City Royals,-0.64,,,,
2018-06-06,Elvis Luciano,Kansas City Royals,Arizona Diamondbacks,0,,,,
2018-06-08,Jon Berti,Toronto Blue Jays,Cleveland Guardians,0.09,,,,
2018-06-10,Ji Man Choi,Tampa Bay Rays,Milwaukee Brewers,5.75,,,,
2018-06-10,Brad Miller,Milwaukee Brewers,Tampa Bay Rays,-0.1,,,,
2018-06-12,Eric Filia,Boston Red Sox,Seattle Mariners,0,,,,
2018-06-15,Chad Whitmer,Milwaukee Brewers,New York Yankees,0,,,,
2018-06-16,Wendell Rijo,New York Yankees,Milwaukee Brewers,0,,,,
2018-06-18,Kelvin Herrera,Washington Nationals,Kansas City Royals,0.09,,,,
2018-06-18,Kelvin Gutierrez,Kansas City Royals,Washington Nationals,-0.59,,,,
2018-06-18,Blake Perkins,Kansas City Royals,Washington Nationals,0,,,,
2018-06-18,Yohanse Morel,Kansas City Royals,Washington Nationals,0,,,,
2018-06-20,Deck McGuire,Los Angeles Angels,Texas Rangers,-0.31,,,,
2018-06-21,Brandon Downes,Atlanta Braves,Kansas City Royals,0,,,,
2018-06-28,Steve Pearce,Boston Red Sox,Toronto Blue Jays,0.66,,,,
2018-06-28,Santiago Espinal,Toronto Blue Jays,Boston Red Sox,5.4,,,,
2018-06-30,Joe Hudson,Los Angeles Angels,Cincinnati Reds,-0.08,,,,
2018-07-02,Lorenzo Cedrola,Cincinnati Reds,Boston Red Sox,0,,,,
2018-07-03,Dylan Floro,Los Angeles Dodgers,Cincinnati Reds,1.23,,,,
2018-07-03,Zach Neal,Los Angeles Dodgers,Cincinnati Reds,-0.03,,,,
2018-07-04,James Marinan,Cincinnati Reds,Los Angeles Dodgers,0,,,,
2018-07-05,Elniery Garcia,St. Louis Cardinals,Philadelphia Phillies,0,,,,
2018-07-06,Tommy DeJuneas,Houston Astros,Cleveland Guardians,0,,,,
2018-07-06,Jon Kemmer,Minnesota Twins,Houston Astros,0,,,,
2018-07-06,James Hoyt,Cleveland Guardians,Houston Astros,0.22,,,,
2018-07-08,Austin Jackson,Texas Rangers,San Francisco Giants,0,,,,
2018-07-08,Cory Gearrin,Texas Rangers,San Francisco Giants,0.8,,,,
2018-07-08,Jason Bahr,Texas Rangers,San Francisco Giants,0,,,,
2018-07-15,Hoby Milner,Tampa Bay Rays,Philadelphia Phillies,-0.42,,,,
2018-07-18,Breyvic Valera,Baltimore Orioles,Los Angeles Dodgers,0.01,,,,
2018-07-18,Yusniel Diaz,Baltimore Orioles,Los Angeles Dodgers,-0.03,,,,
2018-07-18,Rylan Bannon,Baltimore Orioles,Los Angeles Dodgers,-0.17,,,,
2018-07-18,Zach Pop,Baltimore Orioles,Los Angeles Dodgers,0,,,,
2018-07-18,Manny Machado,Los Angeles Dodgers,Baltimore Orioles,2.58,,,,
2018-07-18,Dean Kremer,Baltimore Orioles,Los Angeles Dodgers,6.37,,,,
2018-07-19,Jesse Chavez,Chicago Cubs,Texas Rangers,1.8,,,,
2018-07-19,Tyler Thomas,Texas Rangers,Chicago Cubs,0,,,,
2018-07-19,Jeremy Hazelbaker,Minnesota Twins,Tampa Bay Rays,0,,,,
2018-07-19,Brad Hand,Cleveland Guardians,San Diego Padres,2.72,,,,
2018-07-19,Adam Cimber,Cleveland Guardians,San Diego Padres,0.33,,,,
2018-07-19,Francisco Mejia,San Diego Padres,Cleveland Guardians,0.13,,,,
2018-07-21,Jeurys Familia,Oakland Athletics,New York Mets,-0.04,,,,
2018-07-21,Bobby Wahl,New York Mets,Oakland Athletics,-0.33,,,,
2018-07-21,Will Toffey,New York Mets,Oakland Athletics,0,,,,
2018-07-22,Brian Goodwin,Kansas City Royals,Washington Nationals,0.13,,,,
2018-07-22,Jacob Condra-Bogan,Washington Nationals,Kansas City Royals,0,,,,
2018-07-24,Zack Britton,New York Yankees,Baltimore Orioles,2.81,,,,
2018-07-24,Cody Carroll,Baltimore Orioles,New York Yankees,-0.91,,,,
2018-07-24,Dillon Tate,Baltimore Orioles,New York Yankees,2.18,,,,
2018-07-24,Josh Rogers,Baltimore Orioles,New York Yankees,-0.56,,,,
2018-07-25,Matt Andriese,Arizona Diamondbacks,Tampa Bay Rays,-0.82,,,,
2018-07-25,Michael Perez,Tampa Bay Rays,Arizona Diamondbacks,0.56,,,,
2018-07-25,Brian Shaffer,Tampa Bay Rays,Arizona Diamondbacks,0,,,,
2018-07-25,Nathan Eovaldi,Boston Red Sox,Tampa Bay Rays,7.7,,,,
2018-07-25,Jalen Beeks,Tampa Bay Rays,Boston Red Sox,1.19,,,,
2018-07-26,J.A. Happ,New York Yankees,Toronto Blue Jays,0,,,,
2018-07-26,Billy McKinney,Toronto Blue Jays,New York Yankees,0.86,,,,
2018-07-26,Brandon Drury,Toronto Blue Jays,New York Yankees,-1.74,,,,
2018-07-26,Joakim Soria,Milwaukee Brewers,Chicago White Sox,-0.19,,,,
2018-07-26,Kodi Medeiros,Chicago White Sox,Milwaukee Brewers,0,,,,
2018-07-26,Martin Maldonado,Houston Astros,Los Angeles Angels,2,,,,
2018-07-26,Patrick Sandoval,Los Angeles Angels,Houston Astros,6.22,,,,
2018-07-26,Seunghwan Oh,Colorado Rockies,Toronto Blue Jays,0.08,,,,
2018-07-26,Forrest Wall,Toronto Blue Jays,Colorado Rockies,0,,,,
2018-07-26,Chad Spanberger,Toronto Blue Jays,Colorado Rockies,0,,,,
2018-07-26,Wilber Perez,Chicago White Sox,Milwaukee Brewers,0,,,,
2018-07-27,Asdrubal Cabrera,Philadelphia Phillies,New York Mets,-0.66,,,,
2018-07-27,Franklyn Kilome,New York Mets,Philadelphia Phillies,-0.32,,,,
2018-07-27,Cole Hamels,Chicago Cubs,Texas Rangers,4.99,,,,
2018-07-27,Rollie Lacy,Texas Rangers,Chicago Cubs,0,,,,
2018-07-27,Eddie Butler,Texas Rangers,Chicago Cubs,-0.28,,,,
2018-07-27,Eduardo Escobar,Arizona Diamondbacks,Minnesota Twins,6.18,,,,
2018-07-27,Ernie De La Trinidad,Minnesota Twins,Arizona Diamondbacks,0,,,,
2018-07-27,Gabriel Maciel,Minnesota Twins,Arizona Diamondbacks,0,,,,
2018-07-27,Sam Tuivailala,Seattle Mariners,St. Louis Cardinals,0.97,,,,
2018-07-27,Seth Elledge,St. Louis Cardinals,Seattle Mariners,-0.06,,,,
2018-07-27,Gilberto Celestino,Minnesota Twins,Houston Astros,0.24,,,,
2018-07-27,Jhoan Duran,Minnesota Twins,Arizona Diamondbacks,7.27,,,,
2018-07-27,Jonny Venters,Atlanta Braves,Tampa Bay Rays,-0.74,,,,
2018-07-27,Ryan Pressly,Houston Astros,Minnesota Twins,6.41,,,,
2018-07-28,Chasen Shreve,St. Louis Cardinals,New York Yankees,0.22,,,,
2018-07-28,Jorge Alcala,Minnesota Twins,Houston Astros,1.11,,,,
2018-07-28,Mike Moustakas,Milwaukee Brewers,Kansas City Royals,3.26,,,,
2018-07-28,Brett Phillips,Kansas City Royals,Milwaukee Brewers,0.83,,,,
2018-07-28,Luke Voit,New York Yankees,St. Louis Cardinals,4.77,,,,
2018-07-28,Jorge Lopez,Kansas City Royals,Milwaukee Brewers,-1.53,,,,
2018-07-28,Giovanny Gallegos,St. Louis Cardinals,New York Yankees,4.35,,,,
2018-07-29,Caleb Frare,Chicago White Sox,New York Yankees,-0.08,,,,
2018-07-30,Adam Warren,Seattle Mariners,New York Yankees,0.34,,,,
2018-07-30,Roberto Osuna,Houston Astros,Toronto Blue Jays,2.9,,,,
2018-07-30,Ken Giles,Toronto Blue Jays,Houston Astros,2.15,,,,
2018-07-30,David Paulino,Toronto Blue Jays,Houston Astros,0.15,,,,
2018-07-30,Hector Perez,Toronto Blue Jays,Houston Astros,-0.03,,,,
2018-07-30,Zach Duke,Seattle Mariners,Minnesota Twins,-0.04,,,,
2018-07-30,Ryan Costello,Minnesota Twins,Seattle Mariners,0,,,,
2018-07-30,Lance Lynn,New York Yankees,Minnesota Twins,0.28,,,,
2018-07-30,Tyler Austin,Minnesota Twins,New York Yankees,0.28,,,,
2018-07-30,Luis Rijo,Minnesota Twins,New York Yankees,0,,,,
2018-07-30,Chase De Jong,Minnesota Twins,Seattle Mariners,0.02,,,,
2018-07-31,Keone Kela,Pittsburgh Pirates,Texas Rangers,1.55,,,,
2018-07-31,Ian Kinsler,Boston Red Sox,Los Angeles Angels,-0.25,,,,
2018-07-31,Ty Buttrey,Los Angeles Angels,Boston Red Sox,1.32,,,,
2018-07-31,Williams Jerez,Los Angeles Angels,Boston Red Sox,-0.56,,,,
2018-07-31,Adam Duvall,Atlanta Braves,Cincinnati Reds,0.85,,,,
2018-07-31,Lucas Sims,Cincinnati Reds,Atlanta Braves,3.83,,,,
2018-07-31,Matt Wisler,Cincinnati Reds,Atlanta Braves,0.28,,,,
2018-07-31,Jean Carmona,Baltimore Orioles,Milwaukee Brewers,0,,,,
2018-07-31,JC Encarnacion,Baltimore Orioles,Atlanta Braves,0,,,,
2018-07-31,Bryson Brigman,Miami Marlins,Seattle Mariners,0,,,,
2018-07-31,Conner Capel,St. Louis Cardinals,Cleveland Guardians,-0.11,,,,
2018-07-31,Jhon Romero,Washington Nationals,Chicago Cubs,0.05,,,,
2018-07-31,Hunter Schryver,Chicago White Sox,Tampa Bay Rays,0,,,,
2018-07-31,Genesis Cabrera,St. Louis Cardinals,Tampa Bay Rays,-0.37,,,,
2018-07-31,Roel Ramirez,St. Louis Cardinals,Tampa Bay Rays,-0.45,,,,
2018-07-31,Wei-Chieh Huang,Texas Rangers,Arizona Diamondbacks,-0.06,,,,
2018-07-31,Devin Smeltzer,Minnesota Twins,Los Angeles Dodgers,1.55,,,,
2018-07-31,Tommy Eveld,Miami Marlins,Arizona Diamondbacks,0,,,,
2018-07-31,Luke Raley,Minnesota Twins,Los Angeles Dodgers,0,,,,
2018-07-31,Bruce Zimmermann,Baltimore Orioles,Atlanta Braves,-0.46,,,,
2018-07-31,Brett Cumberland,Baltimore Orioles,Atlanta Braves,0,,,,
2018-07-31,Kyle Dowdy,Cleveland Guardians,Detroit Tigers,0,,,,
2018-07-31,Corey Copping,Toronto Blue Jays,Los Angeles Dodgers,0,,,,
2018-07-31,Luis Ortiz,Baltimore Orioles,Milwaukee Brewers,-0.44,,,,
2018-07-31,Jacob Waguespack,Toronto Blue Jays,Philadelphia Phillies,0.05,,,,
2018-07-31,Wilson Ramos,Philadelphia Phillies,Tampa Bay Rays,0.79,,,,
2018-07-31,Brad Ziegler,Arizona Diamondbacks,Miami Marlins,0.09,,,,
2018-07-31,Jake Diekman,Arizona Diamondbacks,Texas Rangers,-0.84,,,,
2018-07-31,Brian Dozier,Los Angeles Dodgers,Minnesota Twins,0.21,,,,
2018-07-31,Logan Forsythe,Minnesota Twins,Los Angeles Dodgers,0.22,,,,
2018-07-31,Oscar Mercado,Cleveland Guardians,St. Louis Cardinals,2.56,,,,
2018-07-31,Jonathan Schoop,Milwaukee Brewers,Baltimore Orioles,-0.27,,,,
2018-07-31,Jonathan Villar,Baltimore Orioles,Milwaukee Brewers,6.04,,,,
2018-07-31,Chris Archer,Pittsburgh Pirates,Tampa Bay Rays,1.25,,,,
2018-07-31,Tyler Glasnow,Tampa Bay Rays,Pittsburgh Pirates,8.62,,,,
2018-07-31,Austin Meadows,Tampa Bay Rays,Pittsburgh Pirates,6.18,,,,
2018-07-31,John Axford,Los Angeles Dodgers,Toronto Blue Jays,-0.4,,,,
2018-07-31,Cameron Maybin,Seattle Mariners,Miami Marlins,-0.16,,,,
2018-07-31,Kevin Gausman,Atlanta Braves,Baltimore Orioles,-0.01,,,,
2018-07-31,Darren O'Day,Atlanta Braves,Baltimore Orioles,0.98,,,,
2018-07-31,Aaron Loup,Philadelphia Phillies,Toronto Blue Jays,0.08,,,,
2018-07-31,Brandon Kintzler,Chicago Cubs,Washington Nationals,0.93,,,,
2018-07-31,Leonys Martin,Cleveland Guardians,Detroit Tigers,0.03,,,,
2018-07-31,Tommy Pham,Tampa Bay Rays,St. Louis Cardinals,6.44,,,,
2018-07-31,Justin Williams,St. Louis Cardinals,Tampa Bay Rays,-0.52,,,,
2018-07-31,Evan Phillips,Baltimore Orioles,Atlanta Braves,-0.56,,,,
2018-07-31,Preston Tucker,Cincinnati Reds,Atlanta Braves,-0.27,,,,
2018-07-31,Willi Castro,Detroit Tigers,Cleveland Guardians,-0.05,,,,
2018-07-31,Taylor Hearn,Texas Rangers,Pittsburgh Pirates,-0.77,,,,
2018-07-31,Jhon Torres,St. Louis Cardinals,Cleveland Guardians,0,,,,
2018-08-03,Christian Binford,Detroit Tigers,Baltimore Orioles,0,,,,
2018-08-04,Gio Urshela,New York Yankees,Toronto Blue Jays,6.42,,,,
2018-08-04,Eric Villanueva,Detroit Tigers,New York Mets,0,,,,
2018-08-04,George Kontos,New York Yankees,Cleveland Guardians,0.06,,,,
2018-08-05,Shawn Kelley,Oakland Athletics,Washington Nationals,0.5,,,,
2018-08-06,Adeiny Hechavarria,Pittsburgh Pirates,Tampa Bay Rays,-0.11,,,,
2018-08-06,Matt Seelinger,Tampa Bay Rays,Pittsburgh Pirates,0,,,,
2018-08-06,Mike Fiers,Oakland Athletics,Detroit Tigers,4.74,,,,
2018-08-07,Jon Perrin,Kansas City Royals,Milwaukee Brewers,0,,,,
2018-08-07,Sal Biasi,Milwaukee Brewers,Kansas City Royals,0,,,,
2018-08-09,Nick Tepesch,Detroit Tigers,Toronto Blue Jays,0,,,,
2018-08-09,Fernando Rodney,Oakland Athletics,Minnesota Twins,-0.34,,,,
2018-08-10,McKenzie Mills,Miami Marlins,Philadelphia Phillies,0,,,,
2018-08-10,Justin Bour,Philadelphia Phillies,Miami Marlins,-0.3,,,,
2018-08-12,Christopher Bostick,Miami Marlins,Pittsburgh Pirates,-0.03,,,,
2018-08-14,Odrisamer Despaigne,Los Angeles Angels,Miami Marlins,-0.56,,,,
2018-08-14,Shane Baz,Tampa Bay Rays,Pittsburgh Pirates,3.13,,,,
2018-08-14,Alexander Ovalles,Texas Rangers,Chicago Cubs,0,,,,
2018-08-15,Terrance Gore,Chicago Cubs,Kansas City Royals,0.25,,,,
2018-08-16,Kelvin Gonzalez,Texas Rangers,Kansas City Royals,0,,,,
2018-08-17,Sherten Apostel,Texas Rangers,Pittsburgh Pirates,-0.47,,,,
2018-08-17,Joshua Javier,Texas Rangers,Arizona Diamondbacks,0,,,,
2018-08-18,Nolan Blackwood,Detroit Tigers,Oakland Athletics,0,,,,
2018-08-21,Daniel Murphy,Chicago Cubs,Washington Nationals,0.51,,,,
2018-08-21,Andruw Monasterio,Washington Nationals,Chicago Cubs,0,,,,
2018-08-22,Felix Paulino,Chicago White Sox,Philadelphia Phillies,0,,,,
2018-08-27,Jack Zoellner,Baltimore Orioles,Philadelphia Phillies,0,,,,
2018-08-28,Jose Bautista,Philadelphia Phillies,New York Mets,0.39,,,,
2018-08-29,Lucas Duda,Atlanta Braves,Kansas City Royals,0.05,,,,
2018-08-30,Bobby Wilson,Chicago Cubs,Minnesota Twins,0,,,,
2018-08-30,Chris Stewart,Arizona Diamondbacks,Atlanta Braves,-0.03,,,,
2018-08-30,Kristopher Negron,Seattle Mariners,Arizona Diamondbacks,0.25,,,,
2018-08-30,Chris Gimenez,Minnesota Twins,Chicago Cubs,-0.01,,,,
2018-08-31,Gio Gonzalez,Milwaukee Brewers,Washington Nationals,2.51,,,,
2018-08-31,K.J. Harrison,Washington Nationals,Milwaukee Brewers,0,,,,
2018-08-31,Gilbert Lara,Washington Nationals,Milwaukee Brewers,0,,,,
2018-08-31,Curtis Granderson,Milwaukee Brewers,Toronto Blue Jays,0.27,,,,
2018-08-31,Demi Orimoloye,Toronto Blue Jays,Milwaukee Brewers,0,,,,
2018-08-31,Adeiny Hechavarria,New York Yankees,Pittsburgh Pirates,-0.05,,,,
2018-08-31,Josh Donaldson,Cleveland Guardians,Toronto Blue Jays,0.49,,,,
2018-08-31,David Freese,Los Angeles Dodgers,Pittsburgh Pirates,1.97,,,,
2018-08-31,Xavier Cedeno,Milwaukee Brewers,Chicago White Sox,0.31,,,,
2018-08-31,Abdiel Mendoza,Texas Rangers,Oakland Athletics,0,,,,
2018-08-31,Juan De Paula,San Francisco Giants,New York Yankees,0,,,,
2018-08-31,Abiatal Avelino,San Francisco Giants,New York Yankees,-0.05,,,,
2018-08-31,Cory Gearrin,Oakland Athletics,Texas Rangers,-0.05,,,,
2018-08-31,Ryan Madson,Los Angeles Dodgers,Washington Nationals,-0.19,,,,
2018-08-31,Andrew Istler,Washington Nationals,Los Angeles Dodgers,0,,,,
2018-08-31,Drew Butera,Colorado Rockies,Kansas City Royals,-0.56,,,,
2018-08-31,Andrew McCutchen,New York Yankees,San Francisco Giants,0.92,,,,
2018-08-31,Jerry Vasto,Kansas City Royals,Colorado Rockies,0.01,,,,
2018-08-31,Teodoro Ortega,Texas Rangers,Oakland Athletics,0,,,,
2018-09-02,Tyler Watson,Chicago White Sox,Atlanta Braves,0,,,,
2018-09-03,Aaron Brooks,Oakland Athletics,Milwaukee Brewers,0.11,,,,
2018-09-06,Patrick Kivlehan,Arizona Diamondbacks,New York Mets,0.15,,,,
2018-09-19,Logan Shore,Detroit Tigers,Oakland Athletics,0,,,,
2018-10-05,Julian Merryweather,Toronto Blue Jays,Cleveland Guardians,-0.16,,,,
2018-10-06,Ryan Lillie,Cincinnati Reds,Miami Marlins,0,,,,
2018-10-10,Kyle Barraclough,Washington Nationals,Miami Marlins,-0.77,,,,
2018-10-16,Adonis Giron,Houston Astros,Miami Marlins,0,,,,
2018-11-01,Raffy Lopez,Atlanta Braves,San Diego Padres,0,,,,
2018-11-01,Manny Banuelos,Chicago White Sox,Los Angeles Dodgers,-0.44,,,,
2018-11-01,Justin Yurchak,Los Angeles Dodgers,Chicago White Sox,0,,,,
2018-11-02,Drew Smyly,Texas Rangers,Chicago Cubs,-0.65,,,,
2018-11-08,Mike Zunino,Tampa Bay Rays,Seattle Mariners,2.57,,,,
2018-11-08,Guillermo Heredia,Tampa Bay Rays,Seattle Mariners,0.23,,,,
2018-11-08,Mallex Smith,Seattle Mariners,Tampa Bay Rays,-0.52,,,,
2018-11-08,Michael Plassmeyer,Tampa Bay Rays,Seattle Mariners,0,,,,
2018-11-08,Jake Fraley,Seattle Mariners,Tampa Bay Rays,0.63,,,,
2018-11-14,Jordan Luplow,Cleveland Guardians,Pittsburgh Pirates,2.29,,,,
2018-11-14,Max Moroff,Cleveland Guardians,Pittsburgh Pirates,-0.37,,,,
2018-11-14,Dante Mendoza,Pittsburgh Pirates,Cleveland Guardians,0,,,,
2018-11-14,Erik Gonzalez,Pittsburgh Pirates,Cleveland Guardians,0.34,,,,
2018-11-14,Tahnaj Thomas,Pittsburgh Pirates,Cleveland Guardians,0,,,,
2018-11-17,Trent Thornton,Toronto Blue Jays,Houston Astros,1.02,,,,
2018-11-17,Aledmys Diaz,Houston Astros,Toronto Blue Jays,3.77,,,,
2018-11-19,Chih-Wei Hu,Cleveland Guardians,Tampa Bay Rays,0,,,,
2018-11-19,Gionti Turner,Tampa Bay Rays,Cleveland Guardians,0,,,,
2018-11-19,James Paxton,New York Yankees,Seattle Mariners,1.93,,,,
2018-11-19,Justus Sheffield,Seattle Mariners,New York Yankees,-0.84,,,,
2018-11-19,Erik Swanson,Seattle Mariners,New York Yankees,0.9,,,,
2018-11-19,Dom Thompson-Williams,Seattle Mariners,New York Yankees,0,,,,
2018-11-20,Esteban Quiroz,San Diego Padres,Boston Red Sox,0,,,,
2018-11-20,Colten Brewer,Boston Red Sox,San Diego Padres,0.75,,,,
2018-11-20,Walker Lockett,Cleveland Guardians,San Diego Padres,0,,,,
2018-11-20,Ignacio Feliz,San Diego Padres,Cleveland Guardians,0,,,,
2018-11-20,Rowan Wick,Chicago Cubs,San Diego Padres,0.89,,,,
2018-11-20,Jason Vosler,San Diego Padres,Chicago Cubs,0,,,,
2018-11-20,Tanner Anderson,Oakland Athletics,Pittsburgh Pirates,-0.18,,,,
2018-11-20,Nick Anderson,Miami Marlins,Minnesota Twins,0.62,,,,
2018-11-20,Brian Schales,Minnesota Twins,Miami Marlins,0,,,,
2018-11-20,Jordan Foley,Colorado Rockies,New York Yankees,0,,,,
2018-11-20,Jefry Valdez,New York Yankees,Colorado Rockies,0,,,,
2018-11-21,Tim Locastro,New York Yankees,Los Angeles Dodgers,-0.38,,,,
2018-11-21,Drew Finley,Los Angeles Dodgers,New York Yankees,0,,,,
2018-11-21,Dillon Peters,Los Angeles Angels,Miami Marlins,-0.1,,,,
2018-11-21,Tyler Stevens,Miami Marlins,Los Angeles Angels,0,,,,
2018-11-27,Ronald Torreyes,Chicago Cubs,New York Yankees,0,,,,
2018-11-27,Adam McCreery,Los Angeles Dodgers,Atlanta Braves,0,,,,
2018-11-28,Ricardo Sanchez,Seattle Mariners,Atlanta Braves,0,,,,
2018-11-29,Tommy La Stella,Los Angeles Angels,Chicago Cubs,2.15,,,,
2018-11-30,Alex Colome,Chicago White Sox,Seattle Mariners,1.7,,,,
2018-11-30,Omar Narvaez,Seattle Mariners,Chicago White Sox,2.3,,,,
2018-11-30,Yan Gomes,Washington Nationals,Cleveland Guardians,4.15,,,,
2018-11-30,Jefry Rodriguez,Cleveland Guardians,Washington Nationals,0.19,,,,
2018-11-30,Daniel Johnson,Cleveland Guardians,Washington Nationals,-0.44,,,,
2018-12-01,Wilkin Ramos,Pittsburgh Pirates,Oakland Athletics,0,,,,
2018-12-03,Robinson Cano,New York Mets,Seattle Mariners,1.38,,,,
2018-12-03,Edwin Diaz,New York Mets,Seattle Mariners,8.5,,,,
2018-12-03,Jay Bruce,Seattle Mariners,New York Mets,0.22,,,,
2018-12-03,Anthony Swarzak,Seattle Mariners,New York Mets,-0.34,,,,
2018-12-03,Gerson Bautista,Seattle Mariners,New York Mets,-0.34,,,,
2018-12-03,Jarred Kelenic,Seattle Mariners,New York Mets,0.24,,,,
2018-12-03,Justin Dunn,Seattle Mariners,New York Mets,1.6,,,,
2018-12-03,Jean Segura,Philadelphia Phillies,Seattle Mariners,8.92,,,,
2018-12-03,Juan Nicasio,Philadelphia Phillies,Seattle Mariners,-0.12,,,,
2018-12-03,James Pazos,Philadelphia Phillies,Seattle Mariners,0,,,,
2018-12-03,Carlos Santana,Seattle Mariners,Philadelphia Phillies,0.48,,,,
2018-12-03,J.P. Crawford,Seattle Mariners,Philadelphia Phillies,0,,,,
2018-12-05,Paul Goldschmidt,St. Louis Cardinals,Arizona Diamondbacks,22.64,,,,
2018-12-05,Carson Kelly,Arizona Diamondbacks,St. Louis Cardinals,4.23,,,,
2018-12-05,Luke Weaver,Arizona Diamondbacks,St. Louis Cardinals,1.95,,,,
2018-12-05,Andrew Young,Arizona Diamondbacks,St. Louis Cardinals,-0.86,,,,
2018-12-06,Luis Garcia,Los Angeles Angels,Philadelphia Phillies,1.15,,,,
2018-12-06,Jose Alvarez,Philadelphia Phillies,Los Angeles Angels,1.08,,,,
2018-12-11,Ivan Nova,Chicago White Sox,Pittsburgh Pirates,1.83,,,,
2018-12-11,Yordi Rosario,Pittsburgh Pirates,Chicago White Sox,0,,,,
2018-12-11,Drew Robinson,St. Louis Cardinals,Texas Rangers,-0.09,,,,
2018-12-11,Patrick Wisdom,Texas Rangers,St. Louis Cardinals,-0.25,,,,
2018-12-12,Edwin Encarnacion,Seattle Mariners,Cleveland Guardians,2.13,,,,
2018-12-12,Jake Bauers,Cleveland Guardians,Tampa Bay Rays,-0.82,,,,
2018-12-12,Carlos Santana,Cleveland Guardians,Seattle Mariners,6.98,,,,
2018-12-12,Yandy Diaz,Tampa Bay Rays,Cleveland Guardians,17.58,,,,
2018-12-12,Alex Claudio,Milwaukee Brewers,Texas Rangers,0.8,,,,
2018-12-12,Cole Sulser,Tampa Bay Rays,Cleveland Guardians,1.53,,,,
2018-12-13,Conor Lillis-White,Chicago Cubs,Los Angeles Angels,0,,,,
2018-12-13,Cristofer Melendez,Pittsburgh Pirates,San Diego Padres,0,,,,
2018-12-13,Tanner Roark,Cincinnati Reds,Washington Nationals,1.96,,,,
2018-12-13,Tanner Rainey,Washington Nationals,Cincinnati Reds,0.88,,,,
2018-12-14,Alex Call,Cleveland Guardians,Chicago White Sox,0.14,,,,
2018-12-14,Yonder Alonso,Chicago White Sox,Cleveland Guardians,-0.96,,,,
2018-12-14,Tyler Hill,New York Yankees,Detroit Tigers,0,,,,
2018-12-18,Andruw Monasterio,Cleveland Guardians,Washington Nationals,0,,,,
2018-12-21,Domingo Santana,Seattle Mariners,Milwaukee Brewers,0.45,,,,
2018-12-21,Ben Gamel,Milwaukee Brewers,Seattle Mariners,0.22,,,,
2018-12-21,Noah Zavolas,Milwaukee Brewers,Seattle Mariners,0,,,,
2018-12-21,Yasiel Puig,Cincinnati Reds,Los Angeles Dodgers,0.48,,,,
2018-12-21,Matt Kemp,Cincinnati Reds,Los Angeles Dodgers,-1.02,,,,
2018-12-21,Kyle Farmer,Cincinnati Reds,Los Angeles Dodgers,2.93,,,,
2018-12-21,Alex Wood,Cincinnati Reds,Los Angeles Dodgers,-0.12,,,,
2018-12-21,Homer Bailey,Los Angeles Dodgers,Cincinnati Reds,0,,,,
2018-12-21,Jeter Downs,Los Angeles Dodgers,Cincinnati Reds,0,,,,
2018-12-21,Jurickson Profar,Oakland Athletics,Texas Rangers,-0.02,,,,
2018-12-21,Emilio Pagan,Tampa Bay Rays,Oakland Athletics,2.27,,,,
2018-12-21,Rollie Lacy,Tampa Bay Rays,Texas Rangers,0,,,,
2018-12-21,Eli White,Texas Rangers,Oakland Athletics,0.55,,,,
2018-12-21,Brock Burke,Texas Rangers,Tampa Bay Rays,1.46,,,,
2018-12-21,Kyle Bird,Texas Rangers,Tampa Bay Rays,-0.12,,,,
2018-12-21,Yoel Espinal,Texas Rangers,Tampa Bay Rays,0,,,,
2018-12-21,Josiah Gray,Los Angeles Dodgers,Cincinnati Reds,-0.14,,,,
2018-12-30,Robby Scott,Arizona Diamondbacks,Cincinnati Reds,0.01,,,,
2018-12-30,Clayton Richard,Toronto Blue Jays,San Diego Padres,-0.28,,,,
2018-12-30,Connor Panas,San Diego Padres,Toronto Blue Jays,0,,,,
2019-01-05,Breyvic Valera,San Francisco Giants,Baltimore Orioles,0,,,,
2019-01-05,Keon Broxton,New York Mets,Milwaukee Brewers,-0.5,,,,
2019-01-05,Bobby Wahl,Milwaukee Brewers,New York Mets,-0.15,,,,
2019-01-05,Adam Hill,Milwaukee Brewers,New York Mets,0,,,,
2019-01-05,Felix Valerio,Milwaukee Brewers,New York Mets,0,,,,
2019-01-06,Kevin Plawecki,Cleveland Guardians,New York Mets,-0.04,,,,
2019-01-06,Walker Lockett,New York Mets,Cleveland Guardians,-0.49,,,,
2019-01-06,Sam Haggerty,New York Mets,Cleveland Guardians,-0.08,,,,
2019-01-06,Cody Bohanek,New York Mets,Houston Astros,0,,,,
2019-01-06,J.D. Davis,New York Mets,Houston Astros,2.5,,,,
2019-01-06,Luis Santana,Houston Astros,New York Mets,0,,,,
2019-01-06,Ross Adolph,Houston Astros,New York Mets,0,,,,
2019-01-06,Scott Manea,Houston Astros,New York Mets,0,,,,
2019-01-08,Jaime Schultz,Los Angeles Dodgers,Tampa Bay Rays,-0.06,,,,
2019-01-08,Caleb Sampen,Tampa Bay Rays,Los Angeles Dodgers,0,,,,
2019-01-11,Russell Martin,Los Angeles Dodgers,Toronto Blue Jays,0.71,,,,
2019-01-11,Andrew Sopko,Toronto Blue Jays,Los Angeles Dodgers,0,,,,
2019-01-11,Ronny Brito,Toronto Blue Jays,Los Angeles Dodgers,0,,,,
2019-01-15,Daniel Ozoria,Minnesota Twins,Los Angeles Angels,0,,,,
2019-01-15,John Curtiss,Los Angeles Angels,Minnesota Twins,0.04,,,,
2019-01-16,Tim Locastro,Arizona Diamondbacks,New York Yankees,0.74,,,,
2019-01-16,Ronald Roman,New York Yankees,Arizona Diamondbacks,0,,,,
2019-01-21,Sonny Gray,Cincinnati Reds,New York Yankees,9.97,,,,
2019-01-21,Shed Long,New York Yankees,Cincinnati Reds,0,,,,
2019-01-21,Reiver Sanmartin,Cincinnati Reds,New York Yankees,-0.48,,,,
2019-01-21,Josh Stowers,New York Yankees,Seattle Mariners,0,,,,
2019-01-22,Reiver Sanmartin,Seattle Mariners,Cincinnati Reds,0,,,,
2019-01-22,Shed Long,Seattle Mariners,New York Yankees,-0.43,,,,
2019-02-04,Nick Wittgren,Cleveland Guardians,Miami Marlins,1.31,,,,
2019-02-04,Jordan Milbrath,Miami Marlins,Cleveland Guardians,0,,,,
2019-02-07,J.T. Realmuto,Philadelphia Phillies,Miami Marlins,4.4,,,,
2019-02-07,Will Stewart,Miami Marlins,Philadelphia Phillies,0,,,,
2019-02-07,Sixto Sanchez,Miami Marlins,Philadelphia Phillies,0.99,,,,
2019-02-07,Jorge Alfaro,Miami Marlins,Philadelphia Phillies,0.18,,,,
2019-02-13,Trevor Gott,San Francisco Giants,Washington Nationals,-0.51,,,,
2019-02-23,David Lebron,Baltimore Orioles,Texas Rangers,0,,,,
2019-03-03,Zack Granite,Texas Rangers,Minnesota Twins,0,,,,
2019-03-03,Xavier Moore,Minnesota Twins,Texas Rangers,0,,,,
2019-03-04,Xavier Moore,Baltimore Orioles,Minnesota Twins,0,,,,
2019-03-08,Dwight Smith,Baltimore Orioles,Toronto Blue Jays,-0.97,,,,
2019-03-08,Donnie Dewees,Chicago Cubs,Kansas City Royals,0,,,,
2019-03-08,Stephen Ridings,Kansas City Royals,Chicago Cubs,0,,,,
2019-03-08,Cameron Rupp,Detroit Tigers,San Francisco Giants,0,,,,
2019-03-18,Lenin Rodriguez,Baltimore Orioles,Philadelphia Phillies,0,,,,
2019-03-20,Cristian Castillo,Chicago White Sox,Kansas City Royals,0,,,,
2019-03-21,Connor Joe,San Francisco Giants,Cincinnati Reds,-0.21,,,,
2019-03-21,Jordan Johnson,Cincinnati Reds,San Francisco Giants,0,,,,
2019-03-23,Mike Tauchman,New York Yankees,Colorado Rockies,3.95,,,,
2019-03-23,Michael Reed,San Francisco Giants,Minnesota Twins,-0.32,,,,
2019-03-23,Mike Yastrzemski,San Francisco Giants,Baltimore Orioles,15.89,,,,
2019-03-23,Phillip Diehl,Colorado Rockies,New York Yankees,-0.27,,,,
2019-03-23,John Andreoli,Minnesota Twins,San Francisco Giants,0,,,,
2019-03-23,Tyler Herb,Baltimore Orioles,San Francisco Giants,0,,,,
2019-03-24,Erik Kratz,San Francisco Giants,Milwaukee Brewers,-0.21,,,,
2019-03-24,C.J. Hinojosa,Milwaukee Brewers,San Francisco Giants,0,,,,
2019-03-24,Matt Joyce,Atlanta Braves,San Francisco Giants,0.84,,,,
2019-03-25,Chris Stratton,Los Angeles Angels,San Francisco Giants,-0.63,,,,
2019-03-26,Williams Jerez,San Francisco Giants,Los Angeles Angels,0.18,,,,
2019-03-27,Kendrys Morales,Oakland Athletics,Toronto Blue Jays,-0.32,,,,
2019-03-27,Jordan Patterson,Toronto Blue Jays,Cincinnati Reds,0,,,,
2019-03-27,Adrian Rondon,Los Angeles Angels,Tampa Bay Rays,0,,,,
2019-03-27,Jesus Lopez,Toronto Blue Jays,Oakland Athletics,0,,,,
2019-03-29,Tom Murphy,Seattle Mariners,San Francisco Giants,5.21,,,,
2019-03-29,Jesus Ozoria,San Francisco Giants,Seattle Mariners,0,,,,
2019-03-30,Aaron Slegers,Tampa Bay Rays,Pittsburgh Pirates,0.49,,,,
2019-04-01,Connor Sadzeck,Seattle Mariners,Texas Rangers,0.39,,,,
2019-04-01,Diomar Lopez,Cincinnati Reds,San Diego Padres,0,,,,
2019-04-01,Matt Wisler,San Diego Padres,Cincinnati Reds,-0.05,,,,
2019-04-02,Grant Anderson,Texas Rangers,Seattle Mariners,-1.37,,,,
2019-04-02,Kevin Pillar,San Francisco Giants,Toronto Blue Jays,0.63,,,,
2019-04-02,Alen Hanson,Toronto Blue Jays,San Francisco Giants,-0.49,,,,
2019-04-02,Socrates Brito,Toronto Blue Jays,San Diego Padres,-0.82,,,,
2019-04-02,Juan De Paula,Toronto Blue Jays,San Francisco Giants,0,,,,
2019-04-02,Andrew Susac,Kansas City Royals,Baltimore Orioles,0,,,,
2019-04-02,Derek Law,Toronto Blue Jays,San Francisco Giants,-0.04,,,,
2019-04-02,Rodrigo Orozco,San Diego Padres,Toronto Blue Jays,0,,,,
2019-04-07,Rob Refsnyder,Cincinnati Reds,Arizona Diamondbacks,0,,,,
2019-04-08,Tyler Austin,San Francisco Giants,Minnesota Twins,0.33,,,,
2019-04-08,Malique Ziegler,Minnesota Twins,San Francisco Giants,0,,,,
2019-04-14,Sal Biasi,Seattle Mariners,Milwaukee Brewers,0,,,,
2019-04-14,David Freitas,Milwaukee Brewers,Seattle Mariners,-0.19,,,,
2019-04-19,Blake Swihart,Arizona Diamondbacks,Boston Red Sox,-0.95,,,,
2019-04-19,Marcus Wilson,Boston Red Sox,Arizona Diamondbacks,0,,,,
2019-04-24,Ryne Ogren,Baltimore Orioles,Seattle Mariners,0,,,,
2019-04-24,Mike Wright,Seattle Mariners,Baltimore Orioles,-0.23,,,,
2019-04-25,Cameron Maybin,New York Yankees,Cleveland Guardians,1.6,,,,
2019-04-26,Hunter Stovall,Philadelphia Phillies,Colorado Rockies,0,,,,
2019-04-28,Jerry Blevins,Atlanta Braves,Oakland Athletics,0.39,,,,
2019-05-02,Francisco Pena,San Francisco Giants,St. Louis Cardinals,0,,,,
2019-05-04,Adam Rosales,Cleveland Guardians,Minnesota Twins,0,,,,
2019-05-04,Austin Adams,Seattle Mariners,Washington Nationals,0.6,,,,
2019-05-04,Nick Wells,Washington Nationals,Seattle Mariners,0,,,,
2019-05-06,Wilmer Font,New York Mets,Tampa Bay Rays,0.21,,,,
2019-05-10,Paulo Orlando,Chicago White Sox,Los Angeles Dodgers,0,,,,
2019-05-10,Patrick Kivlehan,Toronto Blue Jays,Pittsburgh Pirates,0,,,,
2019-05-10,Travis d'Arnaud,Tampa Bay Rays,Los Angeles Dodgers,1.41,,,,
2019-05-12,Edwin Jackson,Toronto Blue Jays,Oakland Athletics,-1.64,,,,
2019-05-12,Chris Stratton,Pittsburgh Pirates,Los Angeles Angels,0.7,,,,
2019-05-12,Neraldo Catalina,Tampa Bay Rays,New York Mets,0,,,,
2019-05-14,Kendrys Morales,New York Yankees,Oakland Athletics,-0.4,,,,
2019-05-16,Erik Kratz,Tampa Bay Rays,San Francisco Giants,-0.31,,,,
2019-05-20,Jesse Biddle,Seattle Mariners,Atlanta Braves,-0.55,,,,
2019-05-20,Arodys Vizcaino,Seattle Mariners,Atlanta Braves,0,,,,
2019-05-20,Anthony Swarzak,Atlanta Braves,Seattle Mariners,0.46,,,,
2019-05-22,Keon Broxton,Baltimore Orioles,New York Mets,0.12,,,,
2019-05-22,Matt Seelinger,San Francisco Giants,Tampa Bay Rays,0,,,,
2019-05-23,Mike Ahmed,Seattle Mariners,Los Angeles Dodgers,0,,,,
2019-05-28,Yefry Ramirez,Pittsburgh Pirates,Baltimore Orioles,-0.37,,,,
2019-06-02,Jay Bruce,Philadelphia Phillies,Seattle Mariners,0.54,,,,
2019-06-02,Jake Scheiner,Seattle Mariners,Philadelphia Phillies,0,,,,
2019-06-02,John Andreoli,Seattle Mariners,Minnesota Twins,0,,,,
2019-06-04,Tyler Heineman,Miami Marlins,Arizona Diamondbacks,0.08,,,,
2019-06-07,Tim Federowicz,Texas Rangers,Cleveland Guardians,-0.36,,,,
2019-06-10,Tyler Jay,Cincinnati Reds,Minnesota Twins,0,,,,
2019-06-10,Alex Dickerson,San Francisco Giants,San Diego Padres,1.46,,,,
2019-06-10,Franklin Van Gurp,San Diego Padres,San Francisco Giants,0,,,,
2019-06-10,Thomas Eshelman,Baltimore Orioles,Philadelphia Phillies,-0.04,,,,
2019-06-13,Nick Kingham,Toronto Blue Jays,Pittsburgh Pirates,0.49,,,,
2019-06-14,Jake Petricka,Texas Rangers,Milwaukee Brewers,0,,,,
2019-06-15,Brooks Pounders,New York Mets,Cleveland Guardians,-0.04,,,,
2019-06-15,Juan Then,Seattle Mariners,New York Yankees,-0.02,,,,
2019-06-16,Edwin Encarnacion,New York Yankees,Seattle Mariners,0.75,,,,
2019-06-19,Cesar Puello,Miami Marlins,Los Angeles Angels,0.38,,,,
2019-06-22,Ben Lively,Arizona Diamondbacks,Kansas City Royals,0,,,,
2019-06-27,Patrick Dorrian,Baltimore Orioles,Pittsburgh Pirates,0,,,,
2019-07-04,Casey Sadler,Los Angeles Dodgers,Tampa Bay Rays,0.31,,,,
2019-07-04,Nathan Witt,Tampa Bay Rays,Los Angeles Dodgers,0,,,,
2019-07-04,Andrew Velazquez,Cleveland Guardians,Tampa Bay Rays,0.01,,,,
2019-07-04,Matt Wisler,Seattle Mariners,San Diego Padres,-0.38,,,,
2019-07-12,Adam McCreery,Los Angeles Angels,Los Angeles Dodgers,0,,,,
2019-07-12,Phil Maton,Cleveland Guardians,San Diego Padres,0.08,,,,
2019-07-12,Josh Thole,Los Angeles Angels,Los Angeles Dodgers,0,,,,
2019-07-13,Pete Fairbanks,Tampa Bay Rays,Texas Rangers,5.08,,,,
2019-07-13,Nick Solak,Texas Rangers,Tampa Bay Rays,0.47,,,,
2019-07-13,Andrew Cashner,Boston Red Sox,Baltimore Orioles,-0.32,,,,
2019-07-13,Noelberth Romero,Baltimore Orioles,Boston Red Sox,0,,,,
2019-07-13,Elio Prado,Baltimore Orioles,Boston Red Sox,0,,,,
2019-07-14,Homer Bailey,Oakland Athletics,Kansas City Royals,1.06,,,,
2019-07-14,Kevin Merrell,Kansas City Royals,Oakland Athletics,0,,,,
2019-07-15,Mike Montgomery,Kansas City Royals,Chicago Cubs,0.5,,,,
2019-07-15,Martin Maldonado,Chicago Cubs,Kansas City Royals,-0.37,,,,
2019-07-16,Anthony Bemboom,Los Angeles Angels,Tampa Bay Rays,-0.37,,,,
2019-07-17,Yeltsin Gudino,Baltimore Orioles,Toronto Blue Jays,0,,,,
2019-07-17,Terrance Gore,New York Yankees,Kansas City Royals,0,,,,
2019-07-17,Wilmer Font,Toronto Blue Jays,New York Mets,0.06,,,,
2019-07-17,Justin Grimm,Cincinnati Reds,Los Angeles Dodgers,0,,,,
2019-07-20,Mike Morin,Philadelphia Phillies,Minnesota Twins,-0.33,,,,
2019-07-21,Matt Magill,Seattle Mariners,Minnesota Twins,0.18,,,,
2019-07-25,Tyler White,Los Angeles Dodgers,Houston Astros,-0.46,,,,
2019-07-25,Andre Scrubb,Houston Astros,Los Angeles Dodgers,0.88,,,,
2019-07-25,Shane Carle,Texas Rangers,Atlanta Braves,0,,,,
2019-07-25,Jeremy Bleich,Minnesota Twins,Boston Red Sox,0,,,,
2019-07-25,Brian Navarreto,New York Yankees,Minnesota Twins,0,,,,
2019-07-26,Derek Holland,Chicago Cubs,San Francisco Giants,-0.29,,,,
2019-07-27,Jake Diekman,Oakland Athletics,Kansas City Royals,1.77,,,,
2019-07-27,Dairon Blanco,Kansas City Royals,Oakland Athletics,1.32,,,,
2019-07-27,Ismael Aquino,Kansas City Royals,Oakland Athletics,0,,,,
2019-07-27,Sergio Romo,Minnesota Twins,Miami Marlins,0.4,,,,
2019-07-27,Lewin Diaz,Miami Marlins,Minnesota Twins,0.13,,,,
2019-07-27,Chris Vallimont,Minnesota Twins,Miami Marlins,0,,,,
2019-07-27,Jose Pirela,Philadelphia Phillies,San Diego Padres,0.11,,,,
2019-07-28,Christian Arroyo,Cleveland Guardians,Tampa Bay Rays,0,,,,
2019-07-28,Ruben Cardenas,Tampa Bay Rays,Cleveland Guardians,0,,,,
2019-07-28,Eric Sogard,Tampa Bay Rays,Toronto Blue Jays,0.7,,,,
2019-07-28,Hunter Wood,Cleveland Guardians,Tampa Bay Rays,0.03,,,,
2019-07-28,Marcus Stroman,New York Mets,Toronto Blue Jays,4.7,,,,
2019-07-28,Anthony Kay,Toronto Blue Jays,New York Mets,0.01,,,,
2019-07-28,Simeon Woods Richardson,Toronto Blue Jays,New York Mets,0,,,,
2019-07-28,Ian Gibaut,Texas Rangers,Tampa Bay Rays,-0.02,,,,
2019-07-29,Kristopher Negron,Los Angeles Dodgers,Seattle Mariners,0.04,,,,
2019-07-29,Daniel Castro,Seattle Mariners,Los Angeles Dodgers,0,,,,
2019-07-29,Jordan Lyles,Milwaukee Brewers,Pittsburgh Pirates,1.93,,,,
2019-07-29,Cody Ponce,Pittsburgh Pirates,Milwaukee Brewers,-0.64,,,,
2019-07-29,Jason Vargas,Philadelphia Phillies,New York Mets,-0.55,,,,
2019-07-29,Austin Bossart,New York Mets,Philadelphia Phillies,0,,,,
2019-07-29,Zac Rosscup,St. Louis Cardinals,Los Angeles Dodgers,0,,,,
2019-07-30,David Phelps,Chicago Cubs,Toronto Blue Jays,0.31,,,,
2019-07-30,Thomas Hatch,Toronto Blue Jays,Chicago Cubs,0.13,,,,
2019-07-30,Chris Martin,Atlanta Braves,Texas Rangers,1.62,,,,
2019-07-30,Kolby Allard,Texas Rangers,Atlanta Braves,-1.14,,,,
2019-07-31,Daniel Hudson,Washington Nationals,Toronto Blue Jays,1.72,,,,
2019-07-31,Zac Gallen,Arizona Diamondbacks,Miami Marlins,19.51,,,,
2019-07-31,Taylor Trammell,San Diego Padres,Cincinnati Reds,0,,,,
2019-07-31,Franmil Reyes,Cleveland Guardians,San Diego Padres,1.38,,,,
2019-07-31,Logan Allen,Cleveland Guardians,San Diego Padres,-0.6,,,,
2019-07-31,Victor Nova,Cleveland Guardians,San Diego Padres,0,,,,
2019-07-31,Scott Moss,Cleveland Guardians,Cincinnati Reds,0,,,,
2019-07-31,Yasiel Puig,Cleveland Guardians,Cincinnati Reds,0.49,,,,
2019-07-31,Trevor Bauer,Cincinnati Reds,Cleveland Guardians,2.62,,,,
2019-07-31,Tony Kemp,Chicago Cubs,Houston Astros,-0.11,,,,
2019-07-31,Martin Maldonado,Houston Astros,Chicago Cubs,1.9,,,,
2019-07-31,Nate Jones,Texas Rangers,Chicago White Sox,0,,,,
2019-07-31,Corey Dickerson,Philadelphia Phillies,Pittsburgh Pirates,0.37,,,,
2019-07-31,Joe Harvey,Colorado Rockies,New York Yankees,0.14,,,,
2019-07-31,Jesus Aguilar,Tampa Bay Rays,Milwaukee Brewers,0.23,,,,
2019-07-31,Elvis Alvarado,Seattle Mariners,Washington Nationals,0,,,,
2019-07-31,Taylor Guilbeau,Seattle Mariners,Washington Nationals,0.42,,,,
2019-07-31,Hunter Strickland,Washington Nationals,Seattle Mariners,-0.02,,,,
2019-07-31,Roenis Elias,Washington Nationals,Seattle Mariners,-0.29,,,,
2019-07-31,Adam Kolarek,Los Angeles Dodgers,Tampa Bay Rays,1.21,,,,
2019-07-31,Jedd Gyorko,Los Angeles Dodgers,St. Louis Cardinals,-0.4,,,,
2019-07-31,Tony Cingrani,St. Louis Cardinals,Los Angeles Dodgers,0,,,,
2019-07-31,Scooter Gennett,San Francisco Giants,Cincinnati Reds,-0.06,,,,
2019-07-31,John Ryan Murphy,Atlanta Braves,Arizona Diamondbacks,0,,,,
2019-07-31,Shane Greene,Atlanta Braves,Detroit Tigers,0.83,,,,
2019-07-31,Joey Wentz,Detroit Tigers,Atlanta Braves,-1.79,,,,
2019-07-31,Travis Demeritte,Detroit Tigers,Atlanta Braves,-1.21,,,,
2019-07-31,Brad Wieck,Chicago Cubs,San Diego Padres,0.78,,,,
2019-07-31,Carl Edwards,San Diego Padres,Chicago Cubs,-0.23,,,,
2019-07-31,Nick Castellanos,Chicago Cubs,Detroit Tigers,1.74,,,,
2019-07-31,Alex Lange,Detroit Tigers,Chicago Cubs,1.21,,,,
2019-07-31,Dan Winkler,San Francisco Giants,Atlanta Braves,0,,,,
2019-07-31,Tristan Beck,San Francisco Giants,Atlanta Braves,1.64,,,,
2019-07-31,Mike Leake,Arizona Diamondbacks,Seattle Mariners,-0.52,,,,
2019-07-31,Sam Dyson,Minnesota Twins,San Francisco Giants,-0.26,,,,
2019-07-31,Jaylin Davis,San Francisco Giants,Minnesota Twins,-0.71,,,,
2019-07-31,Kai-Wei Teng,San Francisco Giants,Minnesota Twins,-0.81,,,,
2019-07-31,Prelander Berroa,San Francisco Giants,Minnesota Twins,0,,,,
2019-07-31,Nick Anderson,Tampa Bay Rays,Miami Marlins,1.9,,,,
2019-07-31,Ryne Stanek,Miami Marlins,Tampa Bay Rays,-0.46,,,,
2019-07-31,Derek Fisher,Toronto Blue Jays,Houston Astros,-0.49,,,,
2019-07-31,Aaron Sanchez,Houston Astros,Toronto Blue Jays,0.06,,,,
2019-07-31,Max Stassi,Los Angeles Angels,Houston Astros,1.5,,,,
2019-07-31,Rainier Rivas,Houston Astros,Los Angeles Angels,0,,,,
2019-07-31,Raider Uceta,Houston Astros,Los Angeles Angels,0,,,,
2019-07-31,Jesus Sanchez,Miami Marlins,Tampa Bay Rays,4.61,,,,
2019-07-31,Jake Faria,Milwaukee Brewers,Tampa Bay Rays,-0.55,,,,
2019-07-31,Joe McCarthy,San Francisco Giants,Tampa Bay Rays,0,,,,
2019-07-31,Jacob Lopez,Tampa Bay Rays,San Francisco Giants,-0.01,,,,
2019-07-31,Drew Pomeranz,Milwaukee Brewers,San Francisco Giants,0.95,,,,
2019-07-31,Mauricio Dubon,San Francisco Giants,Milwaukee Brewers,2.06,,,,
2019-07-31,Ray Black,Milwaukee Brewers,San Francisco Giants,0.08,,,,
2019-07-31,Zack Greinke,Houston Astros,Arizona Diamondbacks,3.35,,,,
2019-07-31,Corbin Martin,Arizona Diamondbacks,Houston Astros,-0.73,,,,
2019-07-31,Joseph Jarneski,Chicago White Sox,Texas Rangers,0,,,,
2019-07-31,Dan Straily,Philadelphia Phillies,Baltimore Orioles,0,,,,
2019-07-31,Jimmy Herron,Colorado Rockies,Chicago Cubs,0,,,,
2019-07-31,Aaron Fletcher,Seattle Mariners,Washington Nationals,-0.39,,,,
2019-07-31,Jazz Chisholm,Miami Marlins,Arizona Diamondbacks,6.66,,,,
2019-07-31,Seth Beer,Arizona Diamondbacks,Houston Astros,-0.83,,,,
2019-07-31,Josh Rojas,Arizona Diamondbacks,Houston Astros,3.12,,,,
2019-07-31,Alfredo Garcia,New York Yankees,Colorado Rockies,0,,,,
2019-07-31,Paul Richan,Detroit Tigers,Chicago Cubs,0,,,,
2019-07-31,Cal Stevenson,Houston Astros,Toronto Blue Jays,0,,,,
2019-07-31,J.B. Bukauskas,Arizona Diamondbacks,Houston Astros,0,,,,
2019-07-31,Tanner Roark,Oakland Athletics,Cincinnati Reds,0.55,,,,
2019-07-31,Kyle Johnston,Toronto Blue Jays,Washington Nationals,0,,,,
2019-07-31,Niko Hulsizer,Tampa Bay Rays,Los Angeles Dodgers,0,,,,
2019-07-31,Joe Biagini,Houston Astros,Toronto Blue Jays,-0.82,,,,
2019-07-31,Mark Melancon,Atlanta Braves,San Francisco Giants,1.33,,,,
2019-07-31,Jameson Hannah,Cincinnati Reds,Oakland Athletics,0,,,,
2019-07-31,Jose Caballero,Seattle Mariners,Arizona Diamondbacks,2.47,,,,
2019-07-31,Ray Castro,Chicago White Sox,Texas Rangers,0,,,,
2019-08-01,Jeffry Abreu,St. Louis Cardinals,Los Angeles Dodgers,0,,,,
2019-08-01,Rocky Gale,Tampa Bay Rays,Los Angeles Dodgers,0,,,,
2019-08-01,Marcos Diplan,Minnesota Twins,Milwaukee Brewers,0,,,,
2019-08-02,Brandon Barnes,Minnesota Twins,Cleveland Guardians,0,,,,
2019-08-05,Drew Hutchison,Los Angeles Angels,Minnesota Twins,0,,,,
2019-08-07,Adam Moore,Kansas City Royals,Texas Rangers,0,,,,
2019-08-09,Miguel Del Pozo,Los Angeles Angels,Texas Rangers,-0.48,,,,
2019-08-09,Jose Lobaton,Los Angeles Dodgers,Seattle Mariners,0,,,,
2019-08-09,Joe Mantiply,New York Yankees,Cincinnati Reds,-0.09,,,,
2019-08-31,Ryan McBroom,Kansas City Royals,New York Yankees,-0.21,,,,
2019-08-31,Caleb Thielbar,Atlanta Braves,Detroit Tigers,0,,,,
2019-09-01,Curtis Taylor,Toronto Blue Jays,Tampa Bay Rays,0,,,,
2019-09-01,Edisson Gonzalez,Toronto Blue Jays,Tampa Bay Rays,0,,,,
2019-09-01,Brenny Escanio,New York Yankees,Milwaukee Brewers,0,,,,
2019-09-02,J.P. Feyereisen,Milwaukee Brewers,New York Yankees,0,,,,
2019-09-08,Ryan LaMarre,Minnesota Twins,Atlanta Braves,0,,,,
2019-10-31,Welington Castillo,Texas Rangers,Chicago White Sox,0,,,,
2019-10-31,Travis Jankowski,Cincinnati Reds,San Diego Padres,-0.28,,,,
2019-10-31,Parker Markel,Los Angeles Angels,Pittsburgh Pirates,0,,,,
2019-10-31,Jonah McReynolds,Chicago White Sox,Texas Rangers,0,,,,
2019-11-04,Chase Anderson,Toronto Blue Jays,Milwaukee Brewers,-0.45,,,,
2019-11-04,Chad Spanberger,Milwaukee Brewers,Toronto Blue Jays,0,,,,
2019-11-20,Mark Mathias,Milwaukee Brewers,Cleveland Guardians,0.23,,,,
2019-11-20,Cristopher Sanchez,Philadelphia Phillies,Tampa Bay Rays,13.22,,,,
2019-11-20,Curtis Mead,Tampa Bay Rays,Philadelphia Phillies,0.42,,,,
2019-11-20,Jose De Leon,Cincinnati Reds,Tampa Bay Rays,-0.95,,,,
2019-11-20,Andres Melendez,Cleveland Guardians,Milwaukee Brewers,0,,,,
2019-11-23,Jharel Cotton,Cincinnati Reds,Oakland Athletics,0,,,,
2019-11-25,Dario Agrazal,Detroit Tigers,Pittsburgh Pirates,0,,,,
2019-11-25,Nestor Cortes,Seattle Mariners,New York Yankees,-0.63,,,,
2019-11-25,Justin Shafer,Cincinnati Reds,Toronto Blue Jays,0,,,,
2019-11-27,Brian O'Grady,Tampa Bay Rays,Cincinnati Reds,0.09,,,,
2019-11-27,Eric Lauer,Milwaukee Brewers,San Diego Padres,2.49,,,,
2019-11-27,Luis Urias,Milwaukee Brewers,San Diego Padres,6.27,,,,
2019-11-27,Trent Grisham,San Diego Padres,Milwaukee Brewers,10.1,,,,
2019-11-27,Zach Davies,San Diego Padres,Milwaukee Brewers,1.68,,,,
2019-12-02,Jonathan Villar,Miami Marlins,Baltimore Orioles,-0.05,,,,
2019-12-02,Easton Lucas,Baltimore Orioles,Miami Marlins,0,,,,
2019-12-02,Austin Allen,Oakland Athletics,San Diego Padres,0.02,,,,
2019-12-02,Jurickson Profar,San Diego Padres,Oakland Athletics,8.22,,,,
2019-12-02,Sandy Leon,Cleveland Guardians,Boston Red Sox,-0.25,,,,
2019-12-02,Adenys Bautista,Boston Red Sox,Cleveland Guardians,0,,,,
2019-12-04,Isaac Mattson,Baltimore Orioles,Los Angeles Angels,0,,,,
2019-12-04,Kyle Brnovich,Baltimore Orioles,Los Angeles Angels,0,,,,
2019-12-04,Zach Peek,Baltimore Orioles,Los Angeles Angels,0,,,,
2019-12-04,Kyle Bradish,Baltimore Orioles,Los Angeles Angels,7.19,,,,
2019-12-05,Jake Marisnick,New York Mets,Houston Astros,0.18,,,,
2019-12-05,Blake Taylor,Houston Astros,New York Mets,1.04,,,,
2019-12-05,Omar Narvaez,Milwaukee Brewers,Seattle Mariners,1.66,,,,
2019-12-05,Adam Hill,Seattle Mariners,Milwaukee Brewers,0,,,,
2019-12-05,Kenedy Corona,Houston Astros,New York Mets,0.01,,,,
2019-12-06,Tommy Pham,San Diego Padres,Tampa Bay Rays,1.39,,,,
2019-12-06,Jake Cronenworth,San Diego Padres,Tampa Bay Rays,15.44,,,,
2019-12-06,Hunter Renfroe,Tampa Bay Rays,San Diego Padres,-0.05,,,,
2019-12-06,Xavier Edwards,Tampa Bay Rays,San Diego Padres,0,,,,
2019-12-10,Zack Cozart,San Francisco Giants,Los Angeles Angels,0,,,,
2019-12-10,Will Wilson,San Francisco Giants,Los Angeles Angels,0,,,,
2019-12-10,Steele Walker,Texas Rangers,Chicago White Sox,-0.23,,,,
2019-12-12,Michael Reed,Oakland Athletics,San Diego Padres,0,,,,
2019-12-12,Garrett Williams,Los Angeles Angels,San Francisco Giants,0,,,,
2019-12-13,Vimael Machin,Oakland Athletics,Philadelphia Phillies,-1.27,,,,
2019-12-15,Corey Kluber,Texas Rangers,Cleveland Guardians,0.06,,,,
2019-12-15,Delino DeShields,Cleveland Guardians,Texas Rangers,0,,,,
2019-12-15,Emmanuel Clase,Cleveland Guardians,Texas Rangers,11.3,,,,
2019-12-20,Jimmy Yacabonis,Seattle Mariners,San Diego Padres,0.03,,,,
2019-12-21,Adolis Garcia,Texas Rangers,St. Louis Cardinals,15.16,,,,
2019-12-22,Cristian Perez,New York Yankees,Kansas City Royals,0,,,,
2019-12-22,Chance Adams,Kansas City Royals,New York Yankees,-0.19,,,,
2020-01-06,Kyle Keller,Los Angeles Angels,Miami Marlins,-0.03,,,,
2020-01-06,Jose Estrada,Miami Marlins,Los Angeles Angels,0,,,,
2020-01-08,Eric Haase,Detroit Tigers,Cleveland Guardians,2.95,,,,
2020-01-09,Jose A. Martinez,Tampa Bay Rays,St. Louis Cardinals,0,,,,
2020-01-09,Randy Arozarena,Tampa Bay Rays,St. Louis Cardinals,11.73,,,,
2020-01-09,Matthew Liberatore,St. Louis Cardinals,Tampa Bay Rays,0.5,,,,
2020-01-09,Edgardo Rodriguez,St. Louis Cardinals,Tampa Bay Rays,0,,,,
2020-01-09,Austin Pruitt,Houston Astros,Tampa Bay Rays,-0.05,,,,
2020-01-09,Cal Stevenson,Tampa Bay Rays,Houston Astros,0,,,,
2020-01-09,Peyton Battenfield,Tampa Bay Rays,Houston Astros,0,,,,
2020-01-10,Austin Brice,Boston Red Sox,Miami Marlins,-0.05,,,,
2020-01-10,Angeudis Santos,Miami Marlins,Boston Red Sox,0,,,,
2020-01-14,Tony Kemp,Oakland Athletics,Chicago Cubs,3.45,,,,
2020-01-14,Alfonso Rivas,Chicago Cubs,Oakland Athletics,0.44,,,,
2020-01-14,Matt Andriese,Los Angeles Angels,Arizona Diamondbacks,0.57,,,,
2020-01-14,Jeremy Beasley,Arizona Diamondbacks,Los Angeles Angels,0.01,,,,
2020-01-14,Austin Dean,St. Louis Cardinals,Miami Marlins,0.02,,,,
2020-01-14,Diowill Burgos,Miami Marlins,St. Louis Cardinals,0,,,,
2020-01-15,Stephen Tarpley,Miami Marlins,New York Yankees,-0.49,,,,
2020-01-15,James Nelson,New York Yankees,Miami Marlins,0,,,,
2020-01-15,Jeffrey Springs,Boston Red Sox,Texas Rangers,-0.25,,,,
2020-01-15,Sam Travis,Texas Rangers,Boston Red Sox,0,,,,
2020-01-17,Matt Hall,Boston Red Sox,Detroit Tigers,-0.9,,,,
2020-01-17,Jhon Nunez,Detroit Tigers,Boston Red Sox,0,,,,
2020-01-17,Casey Sadler,Chicago Cubs,Los Angeles Dodgers,-0.15,,,,
2020-01-17,Clayton Daniel,Los Angeles Dodgers,Chicago Cubs,0,,,,
2020-01-21,Travis Lakins,Chicago Cubs,Boston Red Sox,0,,,,
2020-01-25,Starling Marte,Arizona Diamondbacks,Pittsburgh Pirates,1.08,,,,
2020-01-25,Liover Peguero,Pittsburgh Pirates,Arizona Diamondbacks,-0.33,,,,
2020-01-25,Brennan Malone,Pittsburgh Pirates,Arizona Diamondbacks,0,,,,
2020-01-29,Ryne Harper,Washington Nationals,Minnesota Twins,0.01,,,,
2020-01-29,Hunter McMahon,Minnesota Twins,Washington Nationals,0,,,,
2020-02-08,Logan Driscoll,Tampa Bay Rays,San Diego Padres,-0.07,,,,
2020-02-09,Emilio Pagan,San Diego Padres,Tampa Bay Rays,-0.26,,,,
2020-02-09,Manuel Margot,Tampa Bay Rays,San Diego Padres,6.22,,,,
2020-02-10,Kenta Maeda,Minnesota Twins,Los Angeles Dodgers,3.08,,,,
2020-02-10,Jair Camargo,Minnesota Twins,Los Angeles Dodgers,-0.12,,,,
2020-02-10,Brusdar Graterol,Los Angeles Dodgers,Minnesota Twins,3.41,,,,
2020-02-10,Luke Raley,Los Angeles Dodgers,Minnesota Twins,-0.54,,,,
2020-02-10,Alex Verdugo,Boston Red Sox,Los Angeles Dodgers,8.08,,,,
2020-02-10,Connor Wong,Boston Red Sox,Los Angeles Dodgers,3.32,,,,
2020-02-10,Jeter Downs,Boston Red Sox,Los Angeles Dodgers,-0.62,,,,
2020-02-10,Mookie Betts,Los Angeles Dodgers,Boston Red Sox,32.67,,,,
2020-02-10,David Price,Los Angeles Dodgers,Boston Red Sox,1.52,,,,
2020-02-15,Kyle Garlick,Philadelphia Phillies,Los Angeles Dodgers,-0.4,,,,
2020-02-15,Tyler Gilbert,Los Angeles Dodgers,Philadelphia Phillies,0,,,,
2020-02-15,Burch Smith,Oakland Athletics,San Francisco Giants,0.2,,,,
2020-03-22,Jhonny Pereda,Boston Red Sox,Chicago Cubs,0,,,,
2020-03-26,Esteban Quiroz,Tampa Bay Rays,San Diego Padres,0,,,,
2020-06-30,Jorge Mateo,San Diego Padres,Oakland Athletics,-0.08,,,,
2020-07-17,Tim Hill,San Diego Padres,Kansas City Royals,-0.94,,,,
2020-07-17,Ronald Bolanos,Kansas City Royals,San Diego Padres,0,,,,
2020-07-17,Franchy Cordero,Kansas City Royals,San Diego Padres,-0.03,,,,
2020-07-21,Dylan Covey,Boston Red Sox,Tampa Bay Rays,-0.13,,,,
2020-07-21,Stephen Woods,Kansas City Royals,Tampa Bay Rays,0,,,,
2020-07-24,Scott Schebler,Atlanta Braves,Cincinnati Reds,-0.03,,,,
2020-07-29,Hector Velazquez,Houston Astros,Baltimore Orioles,0,,,,
2020-08-01,Richard Bleier,Miami Marlins,Baltimore Orioles,2.06,,,,
2020-08-01,James Hoyt,Miami Marlins,Cleveland Guardians,0.8,,,,
2020-08-02,Billy Hamilton,New York Mets,San Francisco Giants,-0.14,,,,
2020-08-02,Jordan Humphreys,San Francisco Giants,New York Mets,0,,,,
2020-08-02,Tyler Bashlor,Pittsburgh Pirates,New York Mets,-0.28,,,,
2020-08-05,Ariel Jurado,New York Mets,Texas Rangers,-0.17,,,,
2020-08-07,Mark Payton,Cincinnati Reds,Oakland Athletics,-0.5,,,,
2020-08-09,Luis Alexander Basabe,San Francisco Giants,Chicago White Sox,0.09,,,,
2020-08-10,Brooks Raley,Houston Astros,Cincinnati Reds,-0.17,,,,
2020-08-11,Ildemaro Vargas,Minnesota Twins,Arizona Diamondbacks,-0.21,,,,
2020-08-12,Yonder Alonso,San Diego Padres,Atlanta Braves,0,,,,
2020-08-15,Jesus Tinoco,Miami Marlins,Colorado Rockies,1.37,,,,
2020-08-15,Chad Smith,Colorado Rockies,Miami Marlins,-0.37,,,,
2020-08-18,Edgar Garcia,Tampa Bay Rays,Philadelphia Phillies,-0.27,,,,
2020-08-21,David Hale,Philadelphia Phillies,New York Yankees,0.1,,,,
2020-08-21,Addison Russ,New York Yankees,Philadelphia Phillies,0,,,,
2020-08-21,Brandon Workman,Philadelphia Phillies,Boston Red Sox,-0.25,,,,
2020-08-21,Heath Hembree,Philadelphia Phillies,Boston Red Sox,-0.61,,,,
2020-08-21,Nick Pivetta,Boston Red Sox,Philadelphia Phillies,9.59,,,,
2020-08-21,Connor Seabold,Boston Red Sox,Philadelphia Phillies,-1,,,,
2020-08-24,Daniel Vogelbach,Toronto Blue Jays,Seattle Mariners,0,,,,
2020-08-26,Austin Davis,Pittsburgh Pirates,Philadelphia Phillies,-0.1,,,,
2020-08-27,Rob Brantly,New York Yankees,San Francisco Giants,-0.13,,,,
2020-08-27,Taijuan Walker,Toronto Blue Jays,Seattle Mariners,0.95,,,,
2020-08-27,Brett Phillips,Tampa Bay Rays,Kansas City Royals,2.46,,,,
2020-08-27,Lucius Fox,Kansas City Royals,Tampa Bay Rays,0,,,,
2020-08-28,Jarrod Dyson,Chicago White Sox,Pittsburgh Pirates,-0.18,,,,
2020-08-28,Riley O'Brien,Cincinnati Reds,Tampa Bay Rays,-0.1,,,,
2020-08-28,Cody Reed,Tampa Bay Rays,Cincinnati Reds,0.11,,,,
2020-08-29,Tommy La Stella,Oakland Athletics,Los Angeles Angels,0.55,,,,
2020-08-29,Franklin Barreto,Los Angeles Angels,Oakland Athletics,-0.23,,,,
2020-08-29,Trevor Rosenthal,San Diego Padres,Kansas City Royals,0.65,,,,
2020-08-29,Edward Olivares,Kansas City Royals,San Diego Padres,0.01,,,,
2020-08-30,Mitch Moreland,San Diego Padres,Boston Red Sox,0.01,,,,
2020-08-30,Hudson Potts,Boston Red Sox,San Diego Padres,0,,,,
2020-08-30,Jeisson Rosario,Boston Red Sox,San Diego Padres,0,,,,
2020-08-30,Tommy Milone,Atlanta Braves,Baltimore Orioles,-0.65,,,,
2020-08-30,Jose A. Martinez,Chicago Cubs,Tampa Bay Rays,0,,,,
2020-08-30,Mychal Givens,Colorado Rockies,Baltimore Orioles,0.9,,,,
2020-08-30,Tyler Nevin,Baltimore Orioles,Colorado Rockies,-0.32,,,,
2020-08-30,Terrin Vavra,Baltimore Orioles,Colorado Rockies,-0.52,,,,
2020-08-31,Austin Adams,San Diego Padres,Seattle Mariners,0.26,,,,
2020-08-31,Austin Nola,San Diego Padres,Seattle Mariners,2.57,,,,
2020-08-31,Dan Altavilla,San Diego Padres,Seattle Mariners,0.13,,,,
2020-08-31,Andres Munoz,Seattle Mariners,San Diego Padres,6.42,,,,
2020-08-31,Luis Torrens,Seattle Mariners,San Diego Padres,0.95,,,,
2020-08-31,Taylor Trammell,Seattle Mariners,San Diego Padres,-0.24,,,,
2020-08-31,Ty France,Seattle Mariners,San Diego Padres,8.29,,,,
2020-08-31,Jason Castro,San Diego Padres,Los Angeles Angels,-0.17,,,,
2020-08-31,Gerardo Reyes,Los Angeles Angels,San Diego Padres,-0.21,,,,
2020-08-31,Mike Clevinger,San Diego Padres,Cleveland Guardians,1.3,,,,
2020-08-31,Austin Hedges,Cleveland Guardians,San Diego Padres,-1.39,,,,
2020-08-31,Cal Quantrill,Cleveland Guardians,San Diego Padres,5.72,,,,
2020-08-31,Josh Naylor,Cleveland Guardians,San Diego Padres,5.37,,,,
2020-08-31,Gabriel Arias,Cleveland Guardians,San Diego Padres,0.53,,,,
2020-08-31,Joey Cantillo,Cleveland Guardians,San Diego Padres,1.32,,,,
2020-08-31,Owen Miller,Cleveland Guardians,San Diego Padres,-0.63,,,,
2020-08-31,Robbie Ray,Toronto Blue Jays,Arizona Diamondbacks,7.05,,,,
2020-08-31,Travis Bergen,Arizona Diamondbacks,Toronto Blue Jays,0.07,,,,
2020-08-31,Mike Minor,Oakland Athletics,Texas Rangers,-0.03,,,,
2020-08-31,David Phelps,Philadelphia Phillies,Milwaukee Brewers,-0.6,,,,
2020-08-31,Brian Goodwin,Cincinnati Reds,Los Angeles Angels,-0.49,,,,
2020-08-31,Packy Naughton,Los Angeles Angels,Cincinnati Reds,-0.23,,,,
2020-08-31,Archie Bradley,Cincinnati Reds,Arizona Diamondbacks,0.34,,,,
2020-08-31,Josh VanMeter,Arizona Diamondbacks,Cincinnati Reds,0.09,,,,
2020-08-31,Stuart Fairchild,Arizona Diamondbacks,Cincinnati Reds,-0.02,,,,
2020-08-31,Jonathan Villar,Toronto Blue Jays,Miami Marlins,-0.2,,,,
2020-08-31,Starling Marte,Miami Marlins,Arizona Diamondbacks,3.35,,,,
2020-08-31,Caleb Smith,Arizona Diamondbacks,Miami Marlins,1.15,,,,
2020-08-31,Humberto Mejia,Arizona Diamondbacks,Miami Marlins,-0.38,,,,
2020-08-31,Taylor Williams,San Diego Padres,Seattle Mariners,0.12,,,,
2020-08-31,Ross Stripling,Toronto Blue Jays,Los Angeles Dodgers,3.66,,,,
2020-08-31,Todd Frazier,New York Mets,Texas Rangers,0.15,,,,
2020-08-31,Robinson Chirinos,New York Mets,Texas Rangers,-0.09,,,,
2020-08-31,Miguel Castro,New York Mets,Baltimore Orioles,0.71,,,,
2020-08-31,Kevin Smith,Baltimore Orioles,New York Mets,0,,,,
2020-08-31,Kevin Pillar,Colorado Rockies,Boston Red Sox,0.19,,,,
2020-08-31,Cameron Maybin,Chicago Cubs,Detroit Tigers,0.07,,,,
2020-08-31,Zack Short,Detroit Tigers,Chicago Cubs,-0.35,,,,
2020-08-31,Josh Osich,Chicago Cubs,Boston Red Sox,-0.47,,,,
2020-08-31,Andrew Chafin,Chicago Cubs,Arizona Diamondbacks,1.5,,,,
2020-08-31,Anthony Banda,San Francisco Giants,Tampa Bay Rays,0,,,,
2020-08-31,Greg Allen,San Diego Padres,Cleveland Guardians,0.09,,,,
2020-09-01,Kendall Williams,Los Angeles Dodgers,Toronto Blue Jays,0,,,,
2020-09-01,Alberto Rodriguez,Seattle Mariners,Toronto Blue Jays,0,,,,
2020-09-02,Jose Salvador,Los Angeles Angels,Cincinnati Reds,0,,,,
2020-09-02,Victor Gonzalez,Baltimore Orioles,New York Mets,0,,,,
2020-09-10,Pedro Martinez,Tampa Bay Rays,Chicago Cubs,0,,,,
2020-09-12,Michael Gigliotti,Tampa Bay Rays,Kansas City Royals,0,,,,
2020-09-16,Justin Miller,Cincinnati Reds,Toronto Blue Jays,0,,,,
2020-09-17,Matt Brash,Seattle Mariners,San Diego Padres,2.36,,,,
2020-09-18,Brandon Ramey,Milwaukee Brewers,Philadelphia Phillies,0,,,,
2020-09-18,Juan Geraldo,Milwaukee Brewers,Philadelphia Phillies,0,,,,
2020-09-18,Griffin Conine,Miami Marlins,Toronto Blue Jays,0.81,,,,
2020-09-18,Dustin Harris,Texas Rangers,Oakland Athletics,0.4,,,,
2020-09-18,Marcus Smith,Texas Rangers,Oakland Athletics,0,,,,
2020-09-18,Jacob Wallace,Boston Red Sox,Colorado Rockies,0,,,,
2020-09-18,Mishael Deson,Baltimore Orioles,Colorado Rockies,0,,,,
2020-09-18,Isaac De Leon,Baltimore Orioles,Miami Marlins,0,,,,
2020-09-19,Julio Frias,Arizona Diamondbacks,Miami Marlins,0,,,,
2020-09-20,Stephen Villines,Texas Rangers,New York Mets,0,,,,
2020-09-20,Conner Loeprich,Baltimore Orioles,Pittsburgh Pirates,0,,,,
2020-09-20,Domingo Robles,St. Louis Cardinals,Pittsburgh Pirates,0,,,,
2020-09-20,Joel Cesar,Philadelphia Phillies,Pittsburgh Pirates,0,,,,
2020-11-05,Rodolfo Sanchez,Philadelphia Phillies,Tampa Bay Rays,0,,,,
2020-11-05,Junior Perez,Oakland Athletics,San Diego Padres,0,,,,
2020-11-05,Greg Cullen,Baltimore Orioles,Atlanta Braves,0,,,,
2020-11-05,AJ Graffanino,Baltimore Orioles,Atlanta Braves,0,,,,
2020-11-05,Dylan Coleman,Kansas City Royals,San Diego Padres,1.06,,,,
2020-11-05,Ronny Simon,Arizona Diamondbacks,Chicago Cubs,0,,,,
2020-11-16,Miguel Padilla,Baltimore Orioles,Houston Astros,0,,,,
2020-11-20,Brandon Bailey,Cincinnati Reds,Houston Astros,0,,,,
2020-11-20,Fredy Medina,Cincinnati Reds,Houston Astros,0,,,,
2020-11-25,Robert Stephenson,Colorado Rockies,Cincinnati Reds,0.31,,,,
2020-11-25,Jeff Hoffman,Cincinnati Reds,Colorado Rockies,1.5,,,,
2020-11-25,Case Williams,Cincinnati Reds,Colorado Rockies,0,,,,
2020-11-25,Jameson Hannah,Colorado Rockies,Cincinnati Reds,0,,,,
2020-11-30,Adam Cimber,Miami Marlins,Cleveland Guardians,0.58,,,,
2020-12-02,Jose Iglesias,Los Angeles Angels,Baltimore Orioles,-1.21,,,,
2020-12-02,Corey Knebel,Los Angeles Dodgers,Milwaukee Brewers,0.73,,,,
2020-12-02,Jean Pinto,Baltimore Orioles,Los Angeles Angels,0,,,,
2020-12-02,Garrett Stallings,Baltimore Orioles,Los Angeles Angels,0,,,,
2020-12-03,Yoan Aybar,Colorado Rockies,Boston Red Sox,0,,,,
2020-12-03,Christian Koss,Boston Red Sox,Colorado Rockies,0,,,,
2020-12-07,Raisel Iglesias,Los Angeles Angels,Cincinnati Reds,2.98,,,,
2020-12-07,Noe Ramirez,Cincinnati Reds,Los Angeles Angels,0,,,,
2020-12-08,Lance Lynn,Chicago White Sox,Texas Rangers,5.06,,,,
2020-12-08,Dane Dunning,Texas Rangers,Chicago White Sox,4.01,,,,
2020-12-08,Avery Weems,Texas Rangers,Chicago White Sox,0,,,,
2020-12-10,Nathaniel Lowe,Texas Rangers,Tampa Bay Rays,11.17,,,,
2020-12-10,Jake Guenther,Texas Rangers,Tampa Bay Rays,0,,,,
2020-12-10,Heriberto Hernandez,Tampa Bay Rays,Texas Rangers,0,,,,
2020-12-10,Osleivis Basabe,Tampa Bay Rays,Texas Rangers,0.35,,,,
2020-12-10,Alexander Ovalles,Tampa Bay Rays,Texas Rangers,0,,,,
2020-12-11,Luis Oviedo,Pittsburgh Pirates,New York Mets,-0.92,,,,
2020-12-11,Zach Pop,Miami Marlins,Arizona Diamondbacks,0.26,,,,
2020-12-11,Leo Rivas,Cincinnati Reds,Los Angeles Angels,0,,,,
2020-12-11,Leo Crawford,Milwaukee Brewers,Los Angeles Dodgers,0,,,,
2020-12-15,Jose Corniell,Texas Rangers,Seattle Mariners,-0.4,,,,
2020-12-16,Scott Heineman,Cincinnati Reds,Texas Rangers,-0.22,,,,
2020-12-16,Jose Acosta,Texas Rangers,Cincinnati Reds,0,,,,
2020-12-18,Ryder Ryan,Texas Rangers,New York Mets,0,,,,
2020-12-24,Josh Bell,Washington Nationals,Pittsburgh Pirates,6.83,,,,
2020-12-24,Wil Crowe,Pittsburgh Pirates,Washington Nationals,-0.09,,,,
2020-12-24,Eddy Yean,Pittsburgh Pirates,Washington Nationals,0,,,,
2020-12-29,Jose Alvarado,Philadelphia Phillies,Tampa Bay Rays,3.13,,,,
2020-12-29,Dillon Paulson,Tampa Bay Rays,Los Angeles Dodgers,0,,,,
2020-12-29,Garrett Cleavinger,Los Angeles Dodgers,Philadelphia Phillies,-0.21,,,,
2020-12-29,Cole Wilcox,Tampa Bay Rays,San Diego Padres,-0.28,,,,
2020-12-29,Francisco Mejia,Tampa Bay Rays,San Diego Padres,2.12,,,,
2020-12-29,Luis Patino,Tampa Bay Rays,San Diego Padres,-0.56,,,,
2020-12-29,Blake Snell,San Diego Padres,Tampa Bay Rays,9.99,,,,
2020-12-29,Yu Darvish,San Diego Padres,Chicago Cubs,8.74,,,,
2020-12-29,Victor Caratini,San Diego Padres,Chicago Cubs,-0.03,,,,
2020-12-29,Zach Davies,Chicago Cubs,San Diego Padres,-1,,,,
2020-12-29,Reginald Preciado,Chicago Cubs,San Diego Padres,0,,,,
2020-12-29,Ismael Mena,Chicago Cubs,San Diego Padres,0,,,,
2020-12-29,Owen Caissie,Chicago Cubs,San Diego Padres,-0.08,,,,
2020-12-29,Yeison Santana,Chicago Cubs,San Diego Padres,0,,,,
2020-12-29,Blake Hunt,Tampa Bay Rays,San Diego Padres,0,,,,
2021-01-06,Carl Chester,Texas Rangers,Tampa Bay Rays,0,,,,
2021-01-06,Art Warren,Cincinnati Reds,Texas Rangers,0.2,,,,
2021-01-06,Greg Allen,New York Yankees,San Diego Padres,0.5,,,,
2021-01-06,James Reeves,San Diego Padres,New York Yankees,0,,,,
2021-01-07,Francisco Lindor,New York Mets,Cleveland Guardians,27.32,,,,
2021-01-07,Carlos Carrasco,New York Mets,Cleveland Guardians,-1.03,,,,
2021-01-07,Andres Gimenez,Cleveland Guardians,New York Mets,17.29,,,,
2021-01-07,Amed Rosario,Cleveland Guardians,New York Mets,5.76,,,,
2021-01-07,Isaiah Greene,Cleveland Guardians,New York Mets,0,,,,
2021-01-07,Josh Wolf,Cleveland Guardians,New York Mets,0,,,,
2021-01-09,Sam Coonrod,Philadelphia Phillies,San Francisco Giants,0.06,,,,
2021-01-09,Carson Ragsdale,San Francisco Giants,Philadelphia Phillies,0,,,,
2021-01-14,Nik Turley,Oakland Athletics,Pittsburgh Pirates,0,,,,
2021-01-18,C.J. Chatham,Philadelphia Phillies,Boston Red Sox,0,,,,
2021-01-19,Joe Musgrove,San Diego Padres,Pittsburgh Pirates,10.84,,,,
2021-01-19,Joey Lucchesi,New York Mets,San Diego Padres,1.17,,,,
2021-01-19,David Bednar,Pittsburgh Pirates,San Diego Padres,6.4,,,,
2021-01-19,Hudson Head,Pittsburgh Pirates,San Diego Padres,0,,,,
2021-01-19,Endy Rodriguez,Pittsburgh Pirates,New York Mets,-0.34,,,,
2021-01-19,Drake Fellows,Pittsburgh Pirates,San Diego Padres,0,,,,
2021-01-19,Omar Cruz,Pittsburgh Pirates,San Diego Padres,0,,,,
2021-01-22,Hector Perez,Cincinnati Reds,Toronto Blue Jays,0,,,,
2021-01-23,Cionel Perez,Cincinnati Reds,Houston Astros,-0.5,,,,
2021-01-23,Luke Berryhill,Houston Astros,Cincinnati Reds,0,,,,
2021-01-24,Jameson Taillon,New York Yankees,Pittsburgh Pirates,3.69,,,,
2021-01-24,Roansy Contreras,Pittsburgh Pirates,New York Yankees,0.97,,,,
2021-01-24,Canaan Smith-Njigba,Pittsburgh Pirates,New York Yankees,-0.24,,,,
2021-01-24,Miguel Yajure,Pittsburgh Pirates,New York Yankees,-1.43,,,,
2021-01-24,Maikol Escotto,Pittsburgh Pirates,New York Yankees,0,,,,
2021-01-25,Adam Ottavino,Boston Red Sox,New York Yankees,0.77,,,,
2021-01-25,Frank German,Boston Red Sox,New York Yankees,-0.29,,,,
2021-01-27,Steven Matz,Toronto Blue Jays,New York Mets,2.21,,,,
2021-01-27,Yennsy Diaz,New York Mets,Toronto Blue Jays,-0.18,,,,
2021-01-27,Josh Winckowski,New York Mets,Toronto Blue Jays,0,,,,
2021-01-27,Sean Reid-Foley,New York Mets,Toronto Blue Jays,-0.01,,,,
2021-01-30,Cole Irvin,Oakland Athletics,Philadelphia Phillies,3.5,,,,
2021-01-30,Kyle Holder,Cincinnati Reds,Philadelphia Phillies,0,,,,
2021-02-01,Jordan Yamamoto,New York Mets,Miami Marlins,-0.18,,,,
2021-02-01,Nolan Arenado,St. Louis Cardinals,Colorado Rockies,18.11,,,,
2021-02-01,Austin Gomber,Colorado Rockies,St. Louis Cardinals,2.89,,,,
2021-02-01,Elehuris Montero,Colorado Rockies,St. Louis Cardinals,-1.66,,,,
2021-02-01,Mateo Gil,Colorado Rockies,St. Louis Cardinals,0,,,,
2021-02-01,Federico Polanco,Miami Marlins,New York Mets,0,,,,
2021-02-01,Jake Sommers,Colorado Rockies,St. Louis Cardinals,0,,,,
2021-02-01,Tony Locey,Colorado Rockies,St. Louis Cardinals,0,,,,
2021-02-02,Alex Cobb,Los Angeles Angels,Baltimore Orioles,1.63,,,,
2021-02-02,Jahmai Jones,Baltimore Orioles,Los Angeles Angels,-0.59,,,,
2021-02-04,Dexter Fowler,Los Angeles Angels,St. Louis Cardinals,-0.17,,,,
2021-02-04,LaMonte Wade,San Francisco Giants,Minnesota Twins,5.23,,,,
2021-02-04,Shaun Anderson,Minnesota Twins,San Francisco Giants,-0.45,,,,
2021-02-06,Khris Davis,Texas Rangers,Oakland Athletics,-0.22,,,,
2021-02-06,Jonah Heim,Texas Rangers,Oakland Athletics,6.88,,,,
2021-02-06,Elvis Andrus,Oakland Athletics,Texas Rangers,2.01,,,,
2021-02-06,Aramis Garcia,Oakland Athletics,Texas Rangers,-0.41,,,,
2021-02-06,Dane Acker,Texas Rangers,Oakland Athletics,0,,,,
2021-02-08,Aaron Slegers,Los Angeles Angels,Tampa Bay Rays,-0.51,,,,
2021-02-10,Andrew Benintendi,Kansas City Royals,Boston Red Sox,5.2,,,,
2021-02-10,Franchy Cordero,Boston Red Sox,Kansas City Royals,-0.92,,,,
2021-02-10,Khalil Lee,New York Mets,Kansas City Royals,-0.34,,,,
2021-02-10,Johan Quezada,St. Louis Cardinals,Philadelphia Phillies,0,,,,
2021-02-10,Josh Winckowski,Boston Red Sox,New York Mets,1.78,,,,
2021-02-12,Dylan Floro,Miami Marlins,Los Angeles Dodgers,2.34,,,,
2021-02-12,Alex Vesia,Los Angeles Dodgers,Miami Marlins,4.66,,,,
2021-02-12,Adam Kolarek,Oakland Athletics,Los Angeles Dodgers,-0.32,,,,
2021-02-12,Sheldon Neuse,Los Angeles Dodgers,Oakland Athletics,-0.5,,,,
2021-02-12,Ali Sanchez,St. Louis Cardinals,New York Mets,0.06,,,,
2021-02-12,Kyle Hurt,Los Angeles Dodgers,Miami Marlins,0.18,,,,
2021-02-12,Gus Varland,Los Angeles Dodgers,Oakland Athletics,0.07,,,,
2021-02-15,Derek Fisher,Milwaukee Brewers,Toronto Blue Jays,0.02,,,,
2021-02-16,Josh Sborz,Texas Rangers,Los Angeles Dodgers,-0.61,,,,
2021-02-16,Jhan Zambrano,Los Angeles Dodgers,Texas Rangers,0,,,,
2021-02-17,Ronaldo Hernandez,Boston Red Sox,Tampa Bay Rays,0,,,,
2021-02-17,Nick Sogard,Boston Red Sox,Tampa Bay Rays,0.46,,,,
2021-02-17,Jeffrey Springs,Tampa Bay Rays,Boston Red Sox,5.65,,,,
2021-02-17,Chris Mazza,Tampa Bay Rays,Boston Red Sox,-0.56,,,,
2021-02-17,John Curtiss,Miami Marlins,Tampa Bay Rays,0.86,,,,
2021-02-17,Evan Edwards,Tampa Bay Rays,Miami Marlins,0,,,,
2021-02-23,Ryan Noda,Los Angeles Dodgers,Toronto Blue Jays,0,,,,
2021-02-24,Dustin Fowler,Pittsburgh Pirates,Oakland Athletics,-0.46,,,,
2021-02-25,Jack Mayfield,Los Angeles Angels,Atlanta Braves,0.19,,,,
2021-02-27,Zach Bryant,Boston Red Sox,Chicago Cubs,0,,,,
2021-03-07,Duane Underwood,Pittsburgh Pirates,Chicago Cubs,-0.31,,,,
2021-03-07,Shendrik Apostel,Chicago Cubs,Pittsburgh Pirates,0,,,,
2021-03-12,Mike Freeman,Cincinnati Reds,Cleveland Guardians,-0.53,,,,
2021-03-27,Adam Plutko,Baltimore Orioles,Cleveland Guardians,-1.05,,,,
2021-03-29,James Hoyt,Los Angeles Angels,Miami Marlins,-0.38,,,,
2021-04-05,Kyle Keller,Pittsburgh Pirates,Los Angeles Angels,-0.53,,,,
2021-04-05,Dauris Valdez,Chicago Cubs,San Diego Padres,0,,,,
2021-04-05,James Norwood,San Diego Padres,Chicago Cubs,0.23,,,,
2021-04-06,Rougned Odor,New York Yankees,Texas Rangers,0.36,,,,
2021-04-06,Orlando Arcia,Atlanta Braves,Milwaukee Brewers,2.85,,,,
2021-04-06,Chad Sobotka,Milwaukee Brewers,Atlanta Braves,0,,,,
2021-04-06,Patrick Weigel,Milwaukee Brewers,Atlanta Braves,0,,,,
2021-04-06,Antonio Cabello,Texas Rangers,New York Yankees,0,,,,
2021-04-06,Josh Stowers,Texas Rangers,New York Yankees,0,,,,
2021-04-09,Edgar Santana,Atlanta Braves,Pittsburgh Pirates,0.31,,,,
2021-04-11,Thairo Estrada,San Francisco Giants,New York Yankees,4.48,,,,
2021-04-17,Nick Heath,Arizona Diamondbacks,Kansas City Royals,-0.25,,,,
2021-04-17,Eduardo Herrera,Kansas City Royals,Arizona Diamondbacks,0,,,,
2021-04-21,Albert Suarez,New York Mets,Los Angeles Dodgers,0,,,,
2021-04-22,Jeremy Beasley,Toronto Blue Jays,Arizona Diamondbacks,-0.22,,,,
2021-04-27,Mike Tauchman,San Francisco Giants,New York Yankees,0.1,,,,
2021-04-27,Wandy Peralta,New York Yankees,San Francisco Giants,3.43,,,,
2021-04-28,Leon Hunter,Seattle Mariners,Texas Rangers,0,,,,
2021-04-30,Stephen Kolek,Seattle Mariners,Los Angeles Dodgers,0,,,,
2021-04-30,Corey Stone,Chicago White Sox,Texas Rangers,0,,,,
2021-05-02,Paxton Schultz,Toronto Blue Jays,Milwaukee Brewers,-0.13,,,,
2021-05-02,Jacob Nottingham,Milwaukee Brewers,Seattle Mariners,0.01,,,,
2021-05-03,Cody Thomas,Oakland Athletics,Los Angeles Dodgers,-0.35,,,,
2021-05-05,Skye Bolt,Oakland Athletics,San Francisco Giants,-0.69,,,,
2021-05-07,Drew Butera,Los Angeles Angels,Texas Rangers,-0.54,,,,
2021-05-11,Trayce Thompson,Chicago Cubs,Arizona Diamondbacks,0.57,,,,
2021-05-15,Hunter Strickland,Los Angeles Angels,Tampa Bay Rays,1.25,,,,
2021-05-15,Yoshi Tsutsugo,Los Angeles Dodgers,Tampa Bay Rays,-0.09,,,,
2021-05-16,Wyatt Mathisen,Tampa Bay Rays,Arizona Diamondbacks,0,,,,
2021-05-18,Cameron Maybin,New York Mets,Chicago Cubs,-0.32,,,,
2021-05-18,Sean Poppen,Tampa Bay Rays,Pittsburgh Pirates,0.03,,,,
2021-05-19,Kevan Smith,Atlanta Braves,Tampa Bay Rays,-0.82,,,,
2021-05-21,Trevor Richards,Milwaukee Brewers,Tampa Bay Rays,0.33,,,,
2021-05-21,Willy Adames,Milwaukee Brewers,Tampa Bay Rays,13.88,,,,
2021-05-21,J.P. Feyereisen,Tampa Bay Rays,Milwaukee Brewers,0,,,,
2021-05-21,Drew Rasmussen,Tampa Bay Rays,Milwaukee Brewers,11.23,,,,
2021-05-22,Domingo Tapia,Kansas City Royals,Seattle Mariners,1.01,,,,
2021-05-22,Yoan Lopez,Atlanta Braves,Arizona Diamondbacks,0,,,,
2021-05-22,Deivi Estrada,Arizona Diamondbacks,Atlanta Braves,0,,,,
2021-05-26,Billy McKinney,New York Mets,Milwaukee Brewers,0.29,,,,
2021-05-26,Pedro Quintana,Milwaukee Brewers,New York Mets,0,,,,
2021-05-31,Sam Delaplane,San Francisco Giants,Seattle Mariners,0,,,,
2021-06-01,Connor Cannon,New York Yankees,San Francisco Giants,0,,,,
2021-06-02,Ildemaro Vargas,Arizona Diamondbacks,Pittsburgh Pirates,0.1,,,,
2021-06-03,Tyler Jones,Arizona Diamondbacks,Miami Marlins,0,,,,
2021-06-04,Ty Tice,Atlanta Braves,Toronto Blue Jays,0.03,,,,
2021-06-04,Yacksel Rios,Seattle Mariners,Tampa Bay Rays,-0.09,,,,
2021-06-04,Grant Gambrell,Boston Red Sox,Kansas City Royals,0,,,,
2021-06-04,Luis De La Rosa,Boston Red Sox,Kansas City Royals,0,,,,
2021-06-04,Freddy Valdez,Boston Red Sox,New York Mets,0,,,,
2021-06-05,Bruce Maxwell,San Francisco Giants,New York Mets,0,,,,
2021-06-10,Jake Bauers,Seattle Mariners,Cleveland Guardians,-0.22,,,,
2021-06-11,Michael Plassmeyer,San Francisco Giants,Tampa Bay Rays,0,,,,
2021-06-11,Matt Wisler,Tampa Bay Rays,San Francisco Giants,1.11,,,,
2021-06-12,Hunter Strickland,Milwaukee Brewers,Los Angeles Angels,0.94,,,,
2021-06-13,Lorenzo Quintana,Miami Marlins,Houston Astros,0,,,,
2021-06-14,Yacksel Rios,Boston Red Sox,Seattle Mariners,0.4,,,,
2021-06-14,Andres Mesa,Texas Rangers,Seattle Mariners,0,,,,
2021-06-15,Jose Berroa,Baltimore Orioles,Pittsburgh Pirates,0,,,,
2021-06-15,Taylor Davis,Pittsburgh Pirates,Baltimore Orioles,0.08,,,,
2021-06-17,Mike Ford,Tampa Bay Rays,New York Yankees,0,,,,
2021-06-17,Dennis Santana,Texas Rangers,Los Angeles Dodgers,-0.58,,,,
2021-06-17,Kelvin Bautista,Los Angeles Dodgers,Texas Rangers,0,,,,
2021-06-19,Jacob Barnes,Toronto Blue Jays,New York Mets,-0.45,,,,
2021-06-19,Troy Miller,New York Mets,Toronto Blue Jays,0,,,,
2021-06-24,Wyatt Mathisen,Seattle Mariners,Tampa Bay Rays,0,,,,
2021-06-25,Troy Stokes,Milwaukee Brewers,Pittsburgh Pirates,0,,,,
2021-06-25,Jandel Gustave,Milwaukee Brewers,Pittsburgh Pirates,0.15,,,,
2021-06-25,Samuel Escudero,Pittsburgh Pirates,Milwaukee Brewers,0,,,,
2021-06-28,Matt Lipka,Milwaukee Brewers,Arizona Diamondbacks,0,,,,
2021-06-29,Adam Cimber,Toronto Blue Jays,Miami Marlins,1.36,,,,
2021-06-29,Corey Dickerson,Toronto Blue Jays,Miami Marlins,0.37,,,,
2021-06-29,Joe Panik,Miami Marlins,Toronto Blue Jays,-1.05,,,,
2021-06-29,Andrew McInvale,Miami Marlins,Toronto Blue Jays,0,,,,
2021-06-30,Jordy Barley,Washington Nationals,San Diego Padres,0,,,,
2021-07-01,Tim Locastro,New York Yankees,Arizona Diamondbacks,-0.38,,,,
2021-07-01,Aldenis Sanchez,New York Yankees,Tampa Bay Rays,0,,,,
2021-07-01,Keegan Curtis,Arizona Diamondbacks,New York Yankees,0,,,,
2021-07-02,Anthony Banda,New York Mets,San Francisco Giants,-0.34,,,,
2021-07-02,Sam Moll,Oakland Athletics,Arizona Diamondbacks,1.31,,,,
2021-07-02,Will Toffey,San Francisco Giants,New York Mets,0,,,,
2021-07-03,Kelvin Gutierrez,Baltimore Orioles,Kansas City Royals,0.54,,,,
2021-07-03,David Hess,Miami Marlins,Tampa Bay Rays,-0.93,,,,
2021-07-03,Justin Sterner,Tampa Bay Rays,Miami Marlins,0.02,,,,
2021-07-03,Alcides Escobar,Washington Nationals,Kansas City Royals,1.04,,,,
2021-07-03,John Nogowski,Pittsburgh Pirates,St. Louis Cardinals,-0.14,,,,
2021-07-04,Kevin Kramer,Milwaukee Brewers,Pittsburgh Pirates,0,,,,
2021-07-06,Nathan Kirby,Pittsburgh Pirates,Milwaukee Brewers,0,,,,
2021-07-06,Rowdy Tellez,Milwaukee Brewers,Toronto Blue Jays,0.49,,,,
2021-07-06,Trevor Richards,Toronto Blue Jays,Milwaukee Brewers,-0.8,,,,
2021-07-06,Bowden Francis,Toronto Blue Jays,Milwaukee Brewers,1.77,,,,
2021-07-08,Darlin Guzman,Toronto Blue Jays,Cincinnati Reds,0,,,,
2021-07-08,Joe Kuzia,Minnesota Twins,Texas Rangers,0,,,,
2021-07-09,Damon Casetta-Stubbs,Cleveland Guardians,Seattle Mariners,0,,,,
2021-07-10,Hugo Beltran,Baltimore Orioles,Los Angeles Dodgers,0,,,,
2021-07-11,Tyler Neslony,Chicago White Sox,Atlanta Braves,0,,,,
2021-07-13,Kyle Lobstein,Milwaukee Brewers,Washington Nationals,0,,,,
2021-07-15,Deivy Grullon,Chicago White Sox,Tampa Bay Rays,0,,,,
2021-07-15,Joc Pederson,Atlanta Braves,Chicago Cubs,0.08,,,,
2021-07-15,Bryce Ball,Chicago Cubs,Atlanta Braves,0,,,,
2021-07-16,Mason Berne,Arizona Diamondbacks,Atlanta Braves,0,,,,
2021-07-16,Stephen Vogt,Atlanta Braves,Arizona Diamondbacks,-0.29,,,,
2021-07-17,Victor Santos,Boston Red Sox,Philadelphia Phillies,0,,,,
2021-07-19,Dillon Peters,Pittsburgh Pirates,Los Angeles Angels,0.71,,,,
2021-07-21,Joel Payamps,Kansas City Royals,Toronto Blue Jays,0.79,,,,
2021-07-21,Billy McKinney,Los Angeles Dodgers,New York Mets,-0.35,,,,
2021-07-21,Carlos Rincon,New York Mets,Los Angeles Dodgers,0,,,,
2021-07-22,Drew Strotman,Minnesota Twins,Tampa Bay Rays,0,,,,
2021-07-22,Nelson Cruz,Tampa Bay Rays,Minnesota Twins,0.43,,,,
2021-07-22,Joe Ryan,Minnesota Twins,Tampa Bay Rays,11.02,,,,
2021-07-22,Calvin Faucher,Tampa Bay Rays,Minnesota Twins,-0.82,,,,
2021-07-23,Rich Hill,New York Mets,Tampa Bay Rays,0.52,,,,
2021-07-23,Tommy Hunter,Tampa Bay Rays,New York Mets,0,,,,
2021-07-23,Matthew Dyer,Tampa Bay Rays,New York Mets,0,,,,
2021-07-24,Mark Payton,New York Mets,Cincinnati Reds,0,,,,
2021-07-26,Adam Frazier,San Diego Padres,Pittsburgh Pirates,0.98,,,,
2021-07-26,Tucupita Marcano,Pittsburgh Pirates,San Diego Padres,-0.99,,,,
2021-07-26,Jack Suwinski,Pittsburgh Pirates,San Diego Padres,1.32,,,,
2021-07-26,Michell Miliano,Pittsburgh Pirates,San Diego Padres,0,,,,
2021-07-26,Diego Castillo,Pittsburgh Pirates,New York Yankees,0,,,,
2021-07-26,Hoy Park,Pittsburgh Pirates,New York Yankees,-0.6,,,,
2021-07-26,Clay Holmes,New York Yankees,Pittsburgh Pirates,5.12,,,,
2021-07-26,Andrew Chafin,Oakland Athletics,Chicago Cubs,1.44,,,,
2021-07-26,Greg Deichmann,Chicago Cubs,Oakland Athletics,-0.36,,,,
2021-07-26,Daniel Palencia,Chicago Cubs,Oakland Athletics,0.54,,,,
2021-07-27,Kendall Graveman,Houston Astros,Seattle Mariners,1.02,,,,
2021-07-27,Rafael Montero,Houston Astros,Seattle Mariners,1.13,,,,
2021-07-27,Abraham Toro,Seattle Mariners,Houston Astros,0.09,,,,
2021-07-27,Joe Smith,Seattle Mariners,Houston Astros,0.72,,,,
2021-07-28,Carter Bins,Pittsburgh Pirates,Seattle Mariners,0,,,,
2021-07-28,Joaquin Tejada,Pittsburgh Pirates,Seattle Mariners,0,,,,
2021-07-28,Tyler Anderson,Seattle Mariners,Pittsburgh Pirates,0.28,,,,
2021-07-28,Justin Wilson,Cincinnati Reds,New York Yankees,0.39,,,,
2021-07-28,Luis Cessa,Cincinnati Reds,New York Yankees,1.26,,,,
2021-07-28,Mychal Givens,Cincinnati Reds,Colorado Rockies,0.26,,,,
2021-07-28,Case Williams,Colorado Rockies,Cincinnati Reds,0,,,,
2021-07-28,Noah Davis,Colorado Rockies,Cincinnati Reds,-1.01,,,,
2021-07-28,Starling Marte,Oakland Athletics,Miami Marlins,1.95,,,,
2021-07-28,Bryan De La Cruz,Miami Marlins,Houston Astros,0.7,,,,
2021-07-28,Yimi Garcia,Houston Astros,Miami Marlins,-0.34,,,,
2021-07-28,Eduardo Escobar,Milwaukee Brewers,Arizona Diamondbacks,0.24,,,,
2021-07-28,Cooper Hummel,Arizona Diamondbacks,Milwaukee Brewers,-0.48,,,,
2021-07-28,Alberto Ciprian,Arizona Diamondbacks,Milwaukee Brewers,0,,,,
2021-07-28,Jesus Luzardo,Miami Marlins,Oakland Athletics,7.08,,,,
2021-07-29,Austin Pruitt,Miami Marlins,Houston Astros,0.11,,,,
2021-07-29,Brad Hand,Toronto Blue Jays,Washington Nationals,-0.59,,,,
2021-07-29,Ashton Goudeau,Colorado Rockies,Cincinnati Reds,-0.24,,,,
2021-07-29,Joey Gallo,New York Yankees,Texas Rangers,0.47,,,,
2021-07-29,Joely Rodriguez,New York Yankees,Texas Rangers,0.32,,,,
2021-07-29,Ezequiel Duran,Texas Rangers,New York Yankees,1.58,,,,
2021-07-29,Glenn Otto,Texas Rangers,New York Yankees,-0.83,,,,
2021-07-29,Josh Smith,Texas Rangers,New York Yankees,7.34,,,,
2021-07-29,Trevor Hauver,Texas Rangers,New York Yankees,0,,,,
2021-07-29,Cesar Hernandez,Chicago White Sox,Cleveland Guardians,-0.77,,,,
2021-07-29,Konnor Pilkington,Cleveland Guardians,Chicago White Sox,-0.02,,,,
2021-07-29,Ryan Tepera,Chicago White Sox,Chicago Cubs,0.65,,,,
2021-07-29,Bailey Horn,Chicago Cubs,Chicago White Sox,0,,,,
2021-07-29,Austin Shenton,Tampa Bay Rays,Seattle Mariners,0.1,,,,
2021-07-29,JT Chargois,Tampa Bay Rays,Seattle Mariners,0,,,,
2021-07-29,Diego Castillo,Seattle Mariners,Tampa Bay Rays,0.2,,,,
2021-07-29,Danny Duffy,Los Angeles Dodgers,Kansas City Royals,0,,,,
2021-07-29,Alexander Vizcaino,Chicago Cubs,New York Yankees,0,,,,
2021-07-29,Anthony Rizzo,New York Yankees,Chicago Cubs,3.65,,,,
2021-07-29,Kyle Schwarber,Boston Red Sox,Washington Nationals,1.38,,,,
2021-07-29,Aldo Ramirez,Washington Nationals,Boston Red Sox,0,,,,
2021-07-29,Riley Adams,Washington Nationals,Toronto Blue Jays,2.51,,,,
2021-07-29,Kevin Alcantara,Chicago Cubs,New York Yankees,-0.08,,,,
2021-07-30,Daniel Hudson,San Diego Padres,Washington Nationals,-0.23,,,,
2021-07-30,Mason Thompson,Washington Nationals,San Diego Padres,-0.88,,,,
2021-07-30,Shawn Armstrong,Tampa Bay Rays,Baltimore Orioles,1.82,,,,
2021-07-30,Braeden Ogle,Philadelphia Phillies,Pittsburgh Pirates,0,,,,
2021-07-30,Abrahan Gutierrez,Pittsburgh Pirates,Philadelphia Phillies,0,,,,
2021-07-30,Jose Berrios,Toronto Blue Jays,Minnesota Twins,6.85,,,,
2021-07-30,Austin Martin,Minnesota Twins,Toronto Blue Jays,-0.27,,,,
2021-07-30,Simeon Woods Richardson,Minnesota Twins,Toronto Blue Jays,3.96,,,,
2021-07-30,Eddie Rosario,Atlanta Braves,Cleveland Guardians,-0.42,,,,
2021-07-30,Pablo Sandoval,Cleveland Guardians,Atlanta Braves,0,,,,
2021-07-30,Adam Duvall,Atlanta Braves,Miami Marlins,-0.19,,,,
2021-07-30,Alex Jackson,Miami Marlins,Atlanta Braves,-0.27,,,,
2021-07-30,Daniel Norris,Milwaukee Brewers,Detroit Tigers,-0.39,,,,
2021-07-30,Reese Olson,Detroit Tigers,Milwaukee Brewers,4.38,,,,
2021-07-30,Craig Kimbrel,Chicago White Sox,Chicago Cubs,0,,,,
2021-07-30,Codi Heuer,Chicago Cubs,Chicago White Sox,0.55,,,,
2021-07-30,Nick Madrigal,Chicago Cubs,Chicago White Sox,1.43,,,,
2021-07-30,J.A. Happ,St. Louis Cardinals,Minnesota Twins,0,,,,
2021-07-30,Evan Sisk,Minnesota Twins,St. Louis Cardinals,0,,,,
2021-07-30,John Gant,Minnesota Twins,St. Louis Cardinals,-0.34,,,,
2021-07-30,Max Scherzer,Los Angeles Dodgers,Washington Nationals,2.47,,,,
2021-07-30,Trea Turner,Los Angeles Dodgers,Washington Nationals,7.62,,,,
2021-07-30,Gerardo Carrillo,Washington Nationals,Los Angeles Dodgers,0,,,,
2021-07-30,Donovan Casey,Washington Nationals,Los Angeles Dodgers,0,,,,
2021-07-30,Josiah Gray,Washington Nationals,Los Angeles Dodgers,2.93,,,,
2021-07-30,Josh Harrison,Oakland Athletics,Washington Nationals,-0.6,,,,
2021-07-30,Yan Gomes,Oakland Athletics,Washington Nationals,0.31,,,,
2021-07-30,Seth Shuman,Washington Nationals,Oakland Athletics,0,,,,
2021-07-30,Phil Maton,Houston Astros,Cleveland Guardians,0.54,,,,
2021-07-30,John Curtiss,Milwaukee Brewers,Miami Marlins,-0.79,,,,
2021-07-30,Javier Baez,New York Mets,Chicago Cubs,1.74,,,,
2021-07-30,Jon Lester,St. Louis Cardinals,Washington Nationals,0.2,,,,
2021-07-30,Jorge Soler,Atlanta Braves,Kansas City Royals,1.22,,,,
2021-07-30,Richard Rodriguez,Atlanta Braves,Pittsburgh Pirates,0.57,,,,
2021-07-30,Hansel Robles,Boston Red Sox,Minnesota Twins,-0.32,,,,
2021-07-30,Joakim Soria,Toronto Blue Jays,Arizona Diamondbacks,-0.25,,,,
2021-07-30,Austin Davis,Boston Red Sox,Pittsburgh Pirates,-0.42,,,,
2021-07-30,Jordan Luplow,Tampa Bay Rays,Cleveland Guardians,0.19,,,,
2021-07-30,Kyle Gibson,Philadelphia Phillies,Texas Rangers,0.86,,,,
2021-07-30,Ian Kennedy,Philadelphia Phillies,Texas Rangers,0.25,,,,
2021-07-30,Spencer Howard,Texas Rangers,Philadelphia Phillies,-2.41,,,,
2021-07-30,Freddy Galvis,Philadelphia Phillies,Baltimore Orioles,0.21,,,,
2021-07-30,Jake Marisnick,San Diego Padres,Chicago Cubs,-0.2,,,,
2021-07-30,Kris Bryant,San Francisco Giants,Chicago Cubs,0.99,,,,
2021-07-30,Alexander Canario,Chicago Cubs,San Francisco Giants,0.25,,,,
2021-07-30,Tony Watson,San Francisco Giants,Los Angeles Angels,0.67,,,,
2021-07-30,Sam Selman,Los Angeles Angels,San Francisco Giants,-0.17,,,,
2021-07-30,Andrew Heaney,New York Yankees,Los Angeles Angels,-0.54,,,,
2021-07-30,DJ Johnson,Tampa Bay Rays,Cleveland Guardians,0.09,,,,
2021-07-30,Trevor Williams,New York Mets,Chicago Cubs,1.85,,,,
2021-07-30,Pete Crow-Armstrong,Chicago Cubs,New York Mets,8.14,,,,
2021-07-30,Josh Gessner,Texas Rangers,Philadelphia Phillies,0,,,,
2021-07-30,Tyler Burch,Baltimore Orioles,Philadelphia Phillies,0,,,,
2021-07-30,Kasey Kalich,Kansas City Royals,Atlanta Braves,0,,,,
2021-07-30,Richard Guasch,Washington Nationals,Oakland Athletics,0,,,,
2021-07-30,Ivan Armstrong,Los Angeles Angels,San Francisco Giants,0,,,,
2021-07-30,Yainer Diaz,Houston Astros,Cleveland Guardians,9.02,,,,
2021-07-30,Alex Scherff,Minnesota Twins,Boston Red Sox,0,,,,
2021-07-30,Hans Crouse,Philadelphia Phillies,Texas Rangers,0.01,,,,
2021-07-30,Jose Marte,Los Angeles Angels,San Francisco Giants,-0.35,,,,
2021-07-30,Elvis Peguero,Los Angeles Angels,New York Yankees,-0.91,,,,
2021-07-30,Peyton Battenfield,Cleveland Guardians,Tampa Bay Rays,-0.25,,,,
2021-07-30,Caleb Kilian,Chicago Cubs,San Francisco Giants,-1.08,,,,
2021-07-30,Ricky DeVito,Pittsburgh Pirates,Atlanta Braves,0,,,,
2021-07-30,Drew Millas,Washington Nationals,Oakland Athletics,0.86,,,,
2021-07-30,Payton Henry,Miami Marlins,Milwaukee Brewers,-0.1,,,,
2021-07-30,Kevin Gowdy,Texas Rangers,Philadelphia Phillies,0,,,,
2021-07-30,Anderson Espinoza,Chicago Cubs,San Diego Padres,-0.01,,,,
2021-07-30,Janson Junk,Los Angeles Angels,New York Yankees,-0.12,,,,
2021-07-30,Lane Thomas,Washington Nationals,St. Louis Cardinals,6.32,,,,
2021-07-30,Bryse Wilson,Pittsburgh Pirates,Atlanta Braves,-0.82,,,,
2021-07-30,Michael Chavis,Pittsburgh Pirates,Boston Red Sox,-0.09,,,,
2021-07-30,Keibert Ruiz,Washington Nationals,Los Angeles Dodgers,4.83,,,,
2021-07-30,Myles Straw,Cleveland Guardians,Houston Astros,5.34,,,,
2021-08-02,John Axford,Milwaukee Brewers,Toronto Blue Jays,-0.09,,,,
2021-08-03,Kellin Deglan,Toronto Blue Jays,New York Yankees,0,,,,
2021-08-04,Delino DeShields,Boston Red Sox,Texas Rangers,0,,,,
2021-08-07,T.J. Rivera,Philadelphia Phillies,Pittsburgh Pirates,0,,,,
2021-08-14,Mallex Smith,Toronto Blue Jays,Cincinnati Reds,0,,,,
2021-08-18,Dustin Garneau,Detroit Tigers,Colorado Rockies,0.56,,,,
2021-08-30,Brad Peacock,Boston Red Sox,Cleveland Guardians,-0.28,,,,
2021-08-30,Jason Parker,New York Yankees,Cincinnati Reds,0,,,,
2021-08-31,Delino DeShields,Cincinnati Reds,Boston Red Sox,0.29,,,,
2021-08-31,Andrew Vasquez,Los Angeles Dodgers,Minnesota Twins,0.09,,,,
2021-08-31,Stevie Berman,Minnesota Twins,Los Angeles Dodgers,0,,,,
2021-09-01,J.J. D'Orazio,Arizona Diamondbacks,Toronto Blue Jays,0,,,,
2021-09-01,Yaifer Perdomo,Arizona Diamondbacks,Toronto Blue Jays,0,,,,
2021-10-20,Zach Willeman,Kansas City Royals,Los Angeles Dodgers,0,,,,
2021-11-03,Tucker Barnhart,Detroit Tigers,Cincinnati Reds,-0.1,,,,
2021-11-03,Nick Quintana,Cincinnati Reds,Detroit Tigers,0,,,,
2021-11-13,Evan Reifert,Tampa Bay Rays,Milwaukee Brewers,0,,,,
2021-11-14,Louis Head,Miami Marlins,Tampa Bay Rays,-0.48,,,,
2021-11-19,Garrett Stubbs,Philadelphia Phillies,Houston Astros,1.09,,,,
2021-11-19,Tobias Myers,Cleveland Guardians,Tampa Bay Rays,0,,,,
2021-11-19,Junior Caminero,Tampa Bay Rays,Cleveland Guardians,5.14,,,,
2021-11-19,T.J. Rumfield,New York Yankees,Philadelphia Phillies,0,,,,
2021-11-19,Joel Valdez,New York Yankees,Philadelphia Phillies,0,,,,
2021-11-19,Brent Honeywell,Oakland Athletics,Tampa Bay Rays,0,,,,
2021-11-19,Logan Cerny,Houston Astros,Philadelphia Phillies,0,,,,
2021-11-22,Zach Reks,Texas Rangers,Los Angeles Dodgers,-0.5,,,,
2021-11-22,Billy McKinney,Texas Rangers,Los Angeles Dodgers,-0.11,,,,
2021-11-22,Jay Jackson,Atlanta Braves,San Francisco Giants,0.06,,,,
2021-11-22,Harold Ramirez,Chicago Cubs,Cleveland Guardians,0,,,,
2021-11-22,J.C. Mejia,Milwaukee Brewers,Cleveland Guardians,0,,,,
2021-11-22,Tyler Wade,Los Angeles Angels,New York Yankees,-0.72,,,,
2021-11-26,Jordan Luplow,Arizona Diamondbacks,Tampa Bay Rays,-0.03,,,,
2021-11-26,Ronny Simon,Tampa Bay Rays,Arizona Diamondbacks,0,,,,
2021-11-27,Adam Frazier,Seattle Mariners,San Diego Padres,0.88,,,,
2021-11-27,Ray Kerr,San Diego Padres,Seattle Mariners,-0.1,,,,
2021-11-27,Corey Rosier,San Diego Padres,Seattle Mariners,0,,,,
2021-11-29,Jacob Stallings,Miami Marlins,Pittsburgh Pirates,-1.45,,,,
2021-11-29,Zach Thompson,Pittsburgh Pirates,Miami Marlins,-0.35,,,,
2021-11-29,Connor Scott,Pittsburgh Pirates,Miami Marlins,0,,,,
2021-11-29,Kyle Nicolas,Pittsburgh Pirates,Miami Marlins,-0.1,,,,
2021-11-30,Jorge Alfaro,San Diego Padres,Miami Marlins,0.76,,,,
2021-11-30,Joey Wendle,Miami Marlins,Tampa Bay Rays,2.01,,,,
2021-12-01,Jackie Bradley,Boston Red Sox,Milwaukee Brewers,-0.44,,,,
2021-12-01,Hunter Renfroe,Milwaukee Brewers,Boston Red Sox,2.44,,,,
2021-12-01,David Hamilton,Boston Red Sox,Milwaukee Brewers,3.51,,,,
2021-12-01,Kameron Misner,Tampa Bay Rays,Miami Marlins,0.34,,,,
2021-12-01,Alex Binelas,Boston Red Sox,Milwaukee Brewers,0,,,,
2021-12-09,Tanner Andrews,San Francisco Giants,Atlanta Braves,0,,,,
2022-03-12,J.T. Ginn,Oakland Athletics,New York Mets,0,,,,
2022-03-12,Mitch Garver,Texas Rangers,Minnesota Twins,2.64,,,,
2022-03-12,Isiah Kiner-Falefa,Minnesota Twins,Texas Rangers,0,,,,
2022-03-12,Ronny Henriquez,Minnesota Twins,Texas Rangers,0.48,,,,
2022-03-12,Chris Bassitt,New York Mets,Oakland Athletics,3.21,,,,
2022-03-12,Adam Oller,Oakland Athletics,New York Mets,-1.93,,,,
2022-03-12,Sonny Gray,Minnesota Twins,Cincinnati Reds,8,,,,
2022-03-13,David Fry,Cleveland Guardians,Milwaukee Brewers,0.74,,,,
2022-03-13,Francis Peguero,Minnesota Twins,Cincinnati Reds,0,,,,
2022-03-13,Josh Donaldson,New York Yankees,Minnesota Twins,2.23,,,,
2022-03-13,Isiah Kiner-Falefa,New York Yankees,Minnesota Twins,2.94,,,,
2022-03-13,Ben Rortvedt,New York Yankees,Minnesota Twins,-0.2,,,,
2022-03-13,Gary Sanchez,Minnesota Twins,New York Yankees,0.72,,,,
2022-03-13,Gio Urshela,Minnesota Twins,New York Yankees,2.91,,,,
2022-03-14,Ryan Cusick,Oakland Athletics,Atlanta Braves,0,,,,
2022-03-14,Brandon Williamson,Cincinnati Reds,Seattle Mariners,1.9,,,,
2022-03-14,Shea Langeliers,Oakland Athletics,Atlanta Braves,3.86,,,,
2022-03-14,Joey Estes,Oakland Athletics,Atlanta Braves,0.46,,,,
2022-03-14,Cristian Pache,Oakland Athletics,Atlanta Braves,-0.96,,,,
2022-03-14,Matt Olson,Atlanta Braves,Oakland Athletics,20.71,,,,
2022-03-14,Jesse Winker,Seattle Mariners,Cincinnati Reds,-0.12,,,,
2022-03-14,Eugenio Suarez,Seattle Mariners,Cincinnati Reds,6.76,,,,
2022-03-14,Jake Fraley,Cincinnati Reds,Seattle Mariners,1.95,,,,
2022-03-14,Justin Dunn,Cincinnati Reds,Seattle Mariners,-0.11,,,,
2022-03-16,Matt Chapman,Toronto Blue Jays,Oakland Athletics,8.04,,,,
2022-03-16,Zach Logue,Oakland Athletics,Toronto Blue Jays,-1.12,,,,
2022-03-16,Kirby Snead,Oakland Athletics,Toronto Blue Jays,-0.73,,,,
2022-03-16,Kevin Smith,Oakland Athletics,Toronto Blue Jays,0.05,,,,
2022-03-16,Mike Minor,Cincinnati Reds,Kansas City Royals,-0.77,,,,
2022-03-16,Amir Garrett,Kansas City Royals,Cincinnati Reds,0.34,,,,
2022-03-16,Gunnar Hoglund,Oakland Athletics,Toronto Blue Jays,0,,,,
2022-03-18,Justin Lange,New York Yankees,San Diego Padres,0,,,,
2022-03-18,Tanner Dodson,Los Angeles Dodgers,Tampa Bay Rays,0,,,,
2022-03-18,Luke Raley,Tampa Bay Rays,Los Angeles Dodgers,2.74,,,,
2022-03-24,Adrian Pinto,Toronto Blue Jays,Colorado Rockies,0,,,,
2022-03-24,Randal Grichuk,Colorado Rockies,Toronto Blue Jays,1.38,,,,
2022-03-24,Raimel Tapia,Toronto Blue Jays,Colorado Rockies,0.5,,,,
2022-03-25,Esteban Quiroz,Chicago Cubs,Tampa Bay Rays,0.45,,,,
2022-03-25,Harold Ramirez,Tampa Bay Rays,Chicago Cubs,3.41,,,,
2022-03-27,Will Toffey,Philadelphia Phillies,San Francisco Giants,0,,,,
2022-03-27,Luke Williams,San Francisco Giants,Philadelphia Phillies,0.01,,,,
2022-03-27,Sergio Alcantara,Arizona Diamondbacks,Chicago Cubs,0.09,,,,
2022-03-27,Norel Gonzalez,Miami Marlins,Houston Astros,0,,,,
2022-03-28,River Ryan,Los Angeles Dodgers,San Diego Padres,0.72,,,,
2022-03-28,Matt Beaty,San Diego Padres,Los Angeles Dodgers,-0.79,,,,
2022-03-29,Connor Phillips,Cincinnati Reds,Seattle Mariners,0.52,,,,
2022-03-29,Adam Haseley,Chicago White Sox,Philadelphia Phillies,0.13,,,,
2022-03-29,McKinley Moore,Philadelphia Phillies,Chicago White Sox,-0.25,,,,
2022-03-29,Kervin Pichardo,San Diego Padres,Philadelphia Phillies,0,,,,
2022-03-30,James Norwood,Philadelphia Phillies,San Diego Padres,-0.51,,,,
2022-03-31,Josh VanMeter,Pittsburgh Pirates,Arizona Diamondbacks,-1.04,,,,
2022-03-31,Listher Sosa,Arizona Diamondbacks,Pittsburgh Pirates,0,,,,
2022-04-01,AJ Pollock,Chicago White Sox,Los Angeles Dodgers,0.4,,,,
2022-04-01,Craig Kimbrel,Los Angeles Dodgers,Chicago White Sox,0.05,,,,
2022-04-02,Robby Ahlstrom,Texas Rangers,New York Yankees,0,,,,
2022-04-02,Jose Trevino,New York Yankees,Texas Rangers,3.28,,,,
2022-04-02,Albert Abreu,Texas Rangers,New York Yankees,0.13,,,,
2022-04-03,Euribiel Angeles,Oakland Athletics,San Diego Padres,0,,,,
2022-04-03,Aaron Holiday,San Diego Padres,Oakland Athletics,0,,,,
2022-04-03,Adrian Martinez,Oakland Athletics,San Diego Padres,-0.4,,,,
2022-04-03,Antonio Velez,Baltimore Orioles,Miami Marlins,0,,,,
2022-04-03,Kevin Guerrero,Baltimore Orioles,Miami Marlins,0,,,,
2022-04-03,Cole Sulser,Miami Marlins,Baltimore Orioles,-0.47,,,,
2022-04-03,Tanner Scott,Miami Marlins,Baltimore Orioles,7.28,,,,
2022-04-03,Sean Manaea,San Diego Padres,Oakland Athletics,-0.73,,,,
2022-04-03,Miguel Castro,New York Yankees,New York Mets,-0.27,,,,
2022-04-03,Joely Rodriguez,New York Mets,New York Yankees,-0.2,,,,
2022-04-03,Reese McGuire,Chicago White Sox,Toronto Blue Jays,0.04,,,,
2022-04-04,Zack Collins,Toronto Blue Jays,Chicago White Sox,0.15,,,,
2022-04-04,David McKay,New York Yankees,Tampa Bay Rays,0.05,,,,
2022-04-05,Austin Meadows,Detroit Tigers,Tampa Bay Rays,0.42,,,,
2022-04-05,Isaac Paredes,Tampa Bay Rays,Detroit Tigers,9.03,,,,
2022-04-06,Korry Howell,San Diego Padres,Milwaukee Brewers,0,,,,
2022-04-06,Brett Sullivan,San Diego Padres,Milwaukee Brewers,0,,,,
2022-04-06,Victor Caratini,Milwaukee Brewers,San Diego Padres,1.12,,,,
2022-04-07,Adonis Medina,New York Mets,Pittsburgh Pirates,-0.4,,,,
2022-04-07,Hayden Cantrelle,Miami Marlins,Milwaukee Brewers,0,,,,
2022-04-07,Yonny Hernandez,Arizona Diamondbacks,Texas Rangers,0,,,,
2022-04-07,Alex Jackson,Milwaukee Brewers,Miami Marlins,-0.05,,,,
2022-04-07,Brent Rooker,San Diego Padres,Minnesota Twins,-0.18,,,,
2022-04-07,Anthony Castro,Cleveland Guardians,Toronto Blue Jays,-0.63,,,,
2022-04-07,Bradley Zimmer,Toronto Blue Jays,Cleveland Guardians,-0.19,,,,
2022-04-07,Taylor Rogers,San Diego Padres,Minnesota Twins,-0.13,,,,
2022-04-07,Chris Paddack,Minnesota Twins,San Diego Padres,1.53,,,,
2022-04-07,Emilio Pagan,Minnesota Twins,San Diego Padres,1.02,,,,
2022-04-08,Mason McCoy,Seattle Mariners,Baltimore Orioles,0,,,,
2022-04-13,Jamie Westbrook,Detroit Tigers,Milwaukee Brewers,0,,,,
2022-04-16,Javy Guerra,Tampa Bay Rays,San Diego Padres,0.35,,,,
2022-04-19,Dustin Peterson,Philadelphia Phillies,Milwaukee Brewers,0,,,,
2022-04-21,Cory Abbott,San Francisco Giants,Chicago Cubs,0,,,,
2022-04-21,Jesse Chavez,Atlanta Braves,Chicago Cubs,2.69,,,,
2022-04-21,Sean Newcomb,Chicago Cubs,Atlanta Braves,-1.18,,,,
2022-04-21,Brayan Medina,Minnesota Twins,San Diego Padres,0,,,,
2022-04-23,Garvin Alston,Washington Nationals,Chicago White Sox,0,,,,
2022-04-23,Stuart Fairchild,Seattle Mariners,Arizona Diamondbacks,-0.07,,,,
2022-04-24,Matt Peacock,Kansas City Royals,Arizona Diamondbacks,0.02,,,,
2022-04-27,Kevin Padlo,San Francisco Giants,Seattle Mariners,-0.27,,,,
2022-04-30,Isan Diaz,San Francisco Giants,Miami Marlins,-0.11,,,,
2022-05-03,Mike Ford,San Francisco Giants,Seattle Mariners,-0.03,,,,
2022-05-08,Manuel Garcia,Detroit Tigers,Arizona Diamondbacks,0,,,,
2022-05-09,Corey Oswalt,Philadelphia Phillies,San Francisco Giants,0,,,,
2022-05-11,Prelander Berroa,Seattle Mariners,San Francisco Giants,0.12,,,,
2022-05-11,Donovan Walton,San Francisco Giants,Seattle Mariners,-0.18,,,,
2022-05-12,Mike Ford,Seattle Mariners,San Francisco Giants,0.65,,,,
2022-05-14,Alex Blandino,Seattle Mariners,San Francisco Giants,0,,,,
2022-05-14,Michael Papierski,San Francisco Giants,Houston Astros,-0.16,,,,
2022-05-14,Josh Roberson,Tampa Bay Rays,Miami Marlins,0,,,,
2022-05-14,Stuart Fairchild,San Francisco Giants,Seattle Mariners,-0.08,,,,
2022-05-14,Mauricio Dubon,Houston Astros,San Francisco Giants,5.25,,,,
2022-05-16,Yohan Ramirez,Cleveland Guardians,Seattle Mariners,0,,,,
2022-05-18,Paul Fry,Arizona Diamondbacks,Baltimore Orioles,-0.02,,,,
2022-05-18,Luis Osorio,Baltimore Orioles,Arizona Diamondbacks,0,,,,
2022-05-22,Andrew Shaps,Detroit Tigers,Los Angeles Dodgers,0,,,,
2022-05-23,Jean Herrera,Arizona Diamondbacks,Los Angeles Dodgers,0,,,,
2022-05-24,Francisco Lucumi,Toronto Blue Jays,Los Angeles Dodgers,0,,,,
2022-05-25,Daniel Johnson,New York Mets,Cleveland Guardians,0,,,,
2022-05-26,Hayden Cantrelle,San Francisco Giants,Milwaukee Brewers,0,,,,
2022-05-28,JT Riddle,New York Mets,Cincinnati Reds,0,,,,
2022-05-31,John Andreoli,Minnesota Twins,Philadelphia Phillies,0,,,,
2022-05-31,Jose Acosta,Milwaukee Brewers,Texas Rangers,0,,,,
2022-06-01,Luis Chevalier,Cincinnati Reds,Seattle Mariners,0,,,,
2022-06-01,Yaqui Rivera,Baltimore Orioles,Miami Marlins,0,,,,
2022-06-03,Albert Abreu,Kansas City Royals,Texas Rangers,0.06,,,,
2022-06-03,Yohanse Morel,Texas Rangers,Kansas City Royals,0,,,,
2022-06-03,Jake Bauers,New York Yankees,Cincinnati Reds,-0.94,,,,
2022-06-04,Tyler Keenan,Toronto Blue Jays,Seattle Mariners,0,,,,
2022-06-05,Ryan Borucki,Seattle Mariners,Toronto Blue Jays,0.11,,,,
2022-06-06,Ike Freeman,San Diego Padres,Cleveland Guardians,0,,,,
2022-06-06,Dawson Dimon,Atlanta Braves,Tampa Bay Rays,0,,,,
2022-06-07,Juan Zabala,San Diego Padres,Los Angeles Dodgers,0,,,,
2022-06-08,Michael Plassmeyer,Philadelphia Phillies,San Francisco Giants,-0.21,,,,
2022-06-08,Austin Wynns,San Francisco Giants,Philadelphia Phillies,0.31,,,,
2022-06-11,Michael Mariot,Detroit Tigers,Philadelphia Phillies,0,,,,
2022-06-18,James Norwood,Boston Red Sox,Philadelphia Phillies,0,,,,
2022-06-20,Trayce Thompson,Los Angeles Dodgers,Detroit Tigers,1.89,,,,
2022-06-21,Eric Stout,Pittsburgh Pirates,Chicago Cubs,-0.26,,,,
2022-06-23,Ryan Lavarnway,Miami Marlins,Detroit Tigers,0,,,,
2022-06-23,Patrick Dorrian,Milwaukee Brewers,Baltimore Orioles,0,,,,
2022-06-23,David McKay,Tampa Bay Rays,New York Yankees,-0.14,,,,
2022-06-25,Trey Amburgey,Seattle Mariners,Cincinnati Reds,0,,,,
2022-06-27,William Fleming,Kansas City Royals,Seattle Mariners,0,,,,
2022-06-27,Wyatt Mills,Kansas City Royals,Seattle Mariners,0.1,,,,
2022-06-27,Carlos Santana,Seattle Mariners,Kansas City Royals,0.48,,,,
2022-06-28,Sandy Leon,Cleveland Guardians,Cincinnati Reds,-0.11,,,,
2022-06-30,Yu Chang,Pittsburgh Pirates,Cleveland Guardians,-0.16,,,,
2022-07-01,Silvino Bracho,Atlanta Braves,Boston Red Sox,-0.06,,,,
2022-07-02,Anthony Banda,Toronto Blue Jays,Pittsburgh Pirates,0.01,,,,
2022-07-03,Manny Banuelos,Pittsburgh Pirates,New York Yankees,-0.38,,,,
2022-07-03,Corey Oswalt,Colorado Rockies,Philadelphia Phillies,0,,,,
2022-07-04,Touki Toussaint,Los Angeles Angels,Atlanta Braves,0.05,,,,
2022-07-05,Leonel Callez,Atlanta Braves,Toronto Blue Jays,0,,,,
2022-07-06,Jesus Liranzo,Detroit Tigers,Arizona Diamondbacks,0,,,,
2022-07-07,Tobias Myers,San Francisco Giants,Cleveland Guardians,0,,,,
2022-07-08,Yohan Ramirez,Pittsburgh Pirates,Cleveland Guardians,-0.01,,,,
2022-07-08,Kevin Newman,Cincinnati Reds,Pittsburgh Pirates,-0.4,,,,
2022-07-09,Nash Knight,Minnesota Twins,Texas Rangers,0,,,,
2022-07-09,Christian Bethancourt,Tampa Bay Rays,Oakland Athletics,1.41,,,,
2022-07-09,Cal Stevenson,Oakland Athletics,Tampa Bay Rays,-0.2,,,,
2022-07-09,Christian Fernandez,Oakland Athletics,Tampa Bay Rays,0,,,,
2022-07-10,Robinson Cano,Atlanta Braves,San Diego Padres,-0.43,,,,
2022-07-11,CJ Alexander,Kansas City Royals,Atlanta Braves,-0.22,,,,
2022-07-11,Andrew Hoffmann,Kansas City Royals,Atlanta Braves,-0.21,,,,
2022-07-11,Drew Waters,Kansas City Royals,Atlanta Braves,0.54,,,,
2022-07-12,Cody Sedlock,Detroit Tigers,Baltimore Orioles,0,,,,
2022-07-14,Tyler Wade,New York Yankees,Los Angeles Angels,0,,,,
2022-07-16,Matt Lipka,Milwaukee Brewers,Washington Nationals,0,,,,
2022-07-16,Foster Griffin,Toronto Blue Jays,Kansas City Royals,0.06,,,,
2022-07-18,Alex Young,San Francisco Giants,Cleveland Guardians,0.57,,,,
2022-07-22,Jonatan Bernal,Kansas City Royals,Toronto Blue Jays,0,,,,
2022-07-22,Daniel Vogelbach,New York Mets,Pittsburgh Pirates,0,,,,
2022-07-24,Michael Perez,New York Mets,Pittsburgh Pirates,0.41,,,,
2022-07-25,Abraham Almonte,Boston Red Sox,Milwaukee Brewers,-0.03,,,,
2022-07-26,Ben Bowden,San Francisco Giants,Tampa Bay Rays,0,,,,
2022-07-27,Andrew Benintendi,New York Yankees,Kansas City Royals,0.55,,,,
2022-07-28,T.J. Sikkema,Kansas City Royals,New York Yankees,0,,,,
2022-07-28,Beck Way,Kansas City Royals,New York Yankees,0,,,,
2022-07-28,Chandler Champlain,Kansas City Royals,New York Yankees,0,,,,
2022-07-28,Tyler Naquin,New York Mets,Cincinnati Reds,-0.41,,,,
2022-07-29,Hector Rodriguez,Cincinnati Reds,New York Mets,0,,,,
2022-07-29,Jose Acuna,Cincinnati Reds,New York Mets,0,,,,
2022-07-30,Andrew Moore,Cincinnati Reds,Seattle Mariners,0,,,,
2022-07-30,Edmundo Sosa,Philadelphia Phillies,St. Louis Cardinals,6.05,,,,
2022-07-30,JoJo Romero,St. Louis Cardinals,Philadelphia Phillies,3.37,,,,
2022-07-30,Zach McKinstry,Chicago Cubs,Los Angeles Dodgers,0.37,,,,
2022-07-30,Chris Martin,Los Angeles Dodgers,Chicago Cubs,0.93,,,,
2022-07-30,Christian Cerda,Arizona Diamondbacks,Tampa Bay Rays,0,,,,
2022-07-30,David Peralta,Tampa Bay Rays,Arizona Diamondbacks,-0.28,,,,
2022-07-30,Luis Castillo,Seattle Mariners,Cincinnati Reds,0,,,,
2022-07-30,Noelvi Marte,Cincinnati Reds,Seattle Mariners,0.43,,,,
2022-07-30,Edwin Arroyo,Cincinnati Reds,Seattle Mariners,0,,,,
2022-07-30,Levi Stoudt,Cincinnati Reds,Seattle Mariners,-0.27,,,,
2022-07-31,Raynel Espinal,Chicago Cubs,San Francisco Giants,0,,,,
2022-07-31,Dixon Machado,San Francisco Giants,Chicago Cubs,0.09,,,,
2022-08-01,Ken Waldichuk,Oakland Athletics,New York Yankees,0.38,,,,
2022-08-01,Seth Johnson,Baltimore Orioles,Tampa Bay Rays,0,,,,
2022-08-01,Robert Gasser,Milwaukee Brewers,San Diego Padres,0.32,,,,
2022-08-01,Chayce McDermott,Baltimore Orioles,Houston Astros,-0.83,,,,
2022-08-01,Trey Harris,Washington Nationals,Atlanta Braves,0,,,,
2022-08-01,Esteury Ruiz,Milwaukee Brewers,San Diego Padres,-0.17,,,,
2022-08-01,Hayden Wesneski,Chicago Cubs,New York Yankees,0.89,,,,
2022-08-01,Jayden Murray,Houston Astros,Tampa Bay Rays,0.47,,,,
2022-08-01,German Tapia,Los Angeles Dodgers,Tampa Bay Rays,0,,,,
2022-08-01,Cooper Bowman,Oakland Athletics,New York Yankees,0,,,,
2022-08-01,Anthony Misiewicz,Kansas City Royals,Seattle Mariners,0.15,,,,
2022-08-01,Scott Effross,New York Yankees,Chicago Cubs,0.22,,,,
2022-08-01,Luke Weaver,Kansas City Royals,Arizona Diamondbacks,-0.21,,,,
2022-08-01,Emmanuel Rivera,Arizona Diamondbacks,Kansas City Royals,1.03,,,,
2022-08-01,JP Sears,Oakland Athletics,New York Yankees,5.33,,,,
2022-08-01,Luis Medina,Oakland Athletics,New York Yankees,0.5,,,,
2022-08-01,Lou Trivino,New York Yankees,Oakland Athletics,0.7,,,,
2022-08-01,Frankie Montas,New York Yankees,Oakland Athletics,-0.55,,,,
2022-08-01,Trey Mancini,Houston Astros,Baltimore Orioles,-0.45,,,,
2022-08-01,Jose Siri,Tampa Bay Rays,Houston Astros,4.12,,,,
2022-08-01,Jake Diekman,Chicago White Sox,Boston Red Sox,-1.25,,,,
2022-08-01,Reese McGuire,Boston Red Sox,Chicago White Sox,0.7,,,,
2022-08-01,Tommy Pham,Boston Red Sox,Cincinnati Reds,-0.26,,,,
2022-08-01,Dinelson Lamet,Milwaukee Brewers,San Diego Padres,0,,,,
2022-08-01,Taylor Rogers,Milwaukee Brewers,San Diego Padres,-0.43,,,,
2022-08-01,Josh Hader,San Diego Padres,Milwaukee Brewers,1.57,,,,
2022-08-01,Ehire Adrianza,Atlanta Braves,Washington Nationals,-0.24,,,,
2022-08-01,Garrett Cleavinger,Tampa Bay Rays,Los Angeles Dodgers,3.44,,,,
2022-08-02,Jeremy Walker,Tampa Bay Rays,San Francisco Giants,0,,,,
2022-08-02,Kris Anglin,Detroit Tigers,Atlanta Braves,0,,,,
2022-08-02,Malcom Nunez,Pittsburgh Pirates,St. Louis Cardinals,0,,,,
2022-08-02,Antoine Kelly,Texas Rangers,Milwaukee Brewers,0,,,,
2022-08-02,Robbie Grossman,Atlanta Braves,Detroit Tigers,0.53,,,,
2022-08-02,Jose Quintana,St. Louis Cardinals,Pittsburgh Pirates,1.66,,,,
2022-08-02,Chris Stratton,St. Louis Cardinals,Pittsburgh Pirates,0.45,,,,
2022-08-02,Mark Mathias,Texas Rangers,Milwaukee Brewers,0.78,,,,
2022-08-02,Matt Bush,Milwaukee Brewers,Texas Rangers,-1.19,,,,
2022-08-02,Christian Vazquez,Houston Astros,Boston Red Sox,-0.07,,,,
2022-08-02,Clayton Beeter,New York Yankees,Los Angeles Dodgers,-0.3,,,,
2022-08-02,Carson Seymour,San Francisco Giants,New York Mets,-0.16,,,,
2022-08-02,Christian Encarnacion-Strand,Cincinnati Reds,Minnesota Twins,-1.2,,,,
2022-08-02,Alex De Jesus,Toronto Blue Jays,Los Angeles Dodgers,0,,,,
2022-08-02,Wilyer Abreu,Boston Red Sox,Houston Astros,7.28,,,,
2022-08-02,Steve Hajjar,Cincinnati Reds,Minnesota Twins,0,,,,
2022-08-02,Jordan Groshans,Miami Marlins,Toronto Blue Jays,-0.13,,,,
2022-08-02,Nick Frasso,Los Angeles Dodgers,Toronto Blue Jays,0,,,,
2022-08-02,Sawyer Gipson-Long,Detroit Tigers,Minnesota Twins,-0.49,,,,
2022-08-02,Carlos Guarate,Oakland Athletics,St. Louis Cardinals,0,,,,
2022-08-02,Logan O'Hoppe,Los Angeles Angels,Philadelphia Phillies,3.09,,,,
2022-08-02,Corey Rosier,Boston Red Sox,San Diego Padres,0,,,,
2022-08-02,Cade Povich,Baltimore Orioles,Minnesota Twins,-0.61,,,,
2022-08-02,Spencer Steer,Cincinnati Reds,Minnesota Twins,5.1,,,,
2022-08-02,Max Ferguson,Boston Red Sox,San Diego Padres,0,,,,
2022-08-02,Jay Groome,San Diego Padres,Boston Red Sox,0,,,,
2022-08-02,Jadiel Sanchez,Los Angeles Angels,Philadelphia Phillies,0,,,,
2022-08-02,Ian Hamilton,Cleveland Guardians,Minnesota Twins,0,,,,
2022-08-02,Samad Taylor,Kansas City Royals,Toronto Blue Jays,-0.18,,,,
2022-08-02,Nick Zwack,San Francisco Giants,New York Mets,0,,,,
2022-08-02,Sandy Leon,Minnesota Twins,Cleveland Guardians,-0.36,,,,
2022-08-02,Johan Oviedo,Pittsburgh Pirates,St. Louis Cardinals,3.74,,,,
2022-08-02,Austin Allen,St. Louis Cardinals,Oakland Athletics,0,,,,
2022-08-02,Andy Thomas,San Francisco Giants,Seattle Mariners,0,,,,
2022-08-02,Enmanuel Valdez,Boston Red Sox,Houston Astros,-0.64,,,,
2022-08-02,Moises Brito,Los Angeles Dodgers,Toronto Blue Jays,0,,,,
2022-08-02,Michael Stryffeler,San Francisco Giants,Seattle Mariners,0,,,,
2022-08-02,Juan Rojas,Baltimore Orioles,Minnesota Twins,0,,,,
2022-08-02,Saul Gonzalez,Chicago Cubs,New York Mets,0,,,,
2022-08-02,Juan Nunez,Baltimore Orioles,Minnesota Twins,0,,,,
2022-08-02,Yennier Cano,Baltimore Orioles,Minnesota Twins,2.53,,,,
2022-08-02,Michael Fulmer,Minnesota Twins,Detroit Tigers,0.48,,,,
2022-08-02,Mychal Givens,New York Mets,Chicago Cubs,-0.11,,,,
2022-08-02,Mitch White,Toronto Blue Jays,Los Angeles Dodgers,-1.58,,,,
2022-08-02,Trevor Rosenthal,Milwaukee Brewers,San Francisco Giants,0,,,,
2022-08-02,Brandon Drury,San Diego Padres,Cincinnati Reds,0.45,,,,
2022-08-02,Victor Acosta,Cincinnati Reds,San Diego Padres,0,,,,
2022-08-02,Brandon Marsh,Philadelphia Phillies,Los Angeles Angels,8.94,,,,
2022-08-02,David Robertson,Philadelphia Phillies,Chicago Cubs,0.87,,,,
2022-08-02,Jake Odorizzi,Atlanta Braves,Houston Astros,-0.27,,,,
2022-08-02,Will Smith,Houston Astros,Atlanta Braves,0.12,,,,
2022-08-02,Tucker Davidson,Los Angeles Angels,Atlanta Braves,-1.04,,,,
2022-08-02,Jesse Chavez,Los Angeles Angels,Atlanta Braves,-0.54,,,,
2022-08-02,Raisel Iglesias,Atlanta Braves,Los Angeles Angels,6.62,,,,
2022-08-02,Jorge Lopez,Minnesota Twins,Baltimore Orioles,-0.12,,,,
2022-08-02,Anthony Bass,Toronto Blue Jays,Miami Marlins,0.88,,,,
2022-08-02,Zach Pop,Toronto Blue Jays,Miami Marlins,-1.21,,,,
2022-08-02,Austin Romine,Cincinnati Reds,St. Louis Cardinals,-0.52,,,,
2022-08-02,Jake Lamb,Seattle Mariners,Los Angeles Dodgers,-0.33,,,,
2022-08-02,Jordan Montgomery,St. Louis Cardinals,New York Yankees,3,,,,
2022-08-02,J.D. Davis,San Francisco Giants,New York Mets,0,,,,
2022-08-02,Thomas Szapucki,San Francisco Giants,New York Mets,0.5,,,,
2022-08-02,Darin Ruf,New York Mets,San Francisco Giants,-0.94,,,,
2022-08-02,Brett Phillips,Baltimore Orioles,Tampa Bay Rays,-0.11,,,,
2022-08-02,Eric Hosmer,Boston Red Sox,San Diego Padres,0.07,,,,
2022-08-02,Brent Rooker,Kansas City Royals,San Diego Padres,-0.24,,,,
2022-08-02,Cam Gallagher,San Diego Padres,Kansas City Royals,0,,,,
2022-08-02,Whit Merrifield,Toronto Blue Jays,Kansas City Royals,0.72,,,,
2022-08-02,Max Castillo,Kansas City Royals,Toronto Blue Jays,-0.51,,,,
2022-08-02,Joey Gallo,Los Angeles Dodgers,New York Yankees,0.36,,,,
2022-08-02,Curt Casali,Seattle Mariners,San Francisco Giants,0.21,,,,
2022-08-02,Matthew Boyd,Seattle Mariners,San Francisco Giants,0,,,,
2022-08-02,Tyler Mahle,Minnesota Twins,Cincinnati Reds,0.62,,,,
2022-08-02,Juan Soto,San Diego Padres,Washington Nationals,7.03,,,,
2022-08-02,Josh Bell,San Diego Padres,Washington Nationals,-0.45,,,,
2022-08-02,Mickey Moniak,Los Angeles Angels,Philadelphia Phillies,1.73,,,,
2022-08-02,Noah Syndergaard,Philadelphia Phillies,Los Angeles Angels,0.57,,,,
2022-08-02,Ford Proctor,San Francisco Giants,Tampa Bay Rays,-0.19,,,,
2022-08-02,Jeremy Beasley,Pittsburgh Pirates,Toronto Blue Jays,0,,,,
2022-08-02,Ben Brown,Chicago Cubs,Philadelphia Phillies,-0.72,,,,
2022-08-03,Tristan Peters,San Francisco Giants,Milwaukee Brewers,0,,,,
2022-08-04,Drew Maggi,Pittsburgh Pirates,Philadelphia Phillies,0.02,,,,
2022-08-06,Joel Peguero,Colorado Rockies,Tampa Bay Rays,0,,,,
2022-08-14,Ricardo Sanchez,Detroit Tigers,Philadelphia Phillies,0,,,,
2022-08-16,Tyler White,Atlanta Braves,Milwaukee Brewers,0,,,,
2022-08-31,Vinny Nittoli,Philadelphia Phillies,Toronto Blue Jays,0.1,,,,
2022-08-31,Karl Ellison,Toronto Blue Jays,Philadelphia Phillies,0,,,,
2022-08-31,Edward Duran,Toronto Blue Jays,Miami Marlins,0,,,,
2022-08-31,Lewis Brinson,San Francisco Giants,Houston Astros,-0.31,,,,
2022-09-02,Taylor Broadway,Boston Red Sox,Chicago White Sox,0,,,,
2022-09-04,Nash Walters,Los Angeles Angels,Milwaukee Brewers,0.01,,,,
2022-09-14,Nicholas Northcut,Cincinnati Reds,Boston Red Sox,0,,,,
2022-11-06,Dylan Spain,Colorado Rockies,Atlanta Braves,0,,,,
2022-11-06,Sam Hilliard,Atlanta Braves,Colorado Rockies,0.23,,,,
2022-11-09,Jose Fermin,St. Louis Cardinals,Cleveland Guardians,0.27,,,,
2022-11-09,Easton McGee,Seattle Mariners,Boston Red Sox,0.46,,,,
2022-11-09,Jake Odorizzi,Texas Rangers,Atlanta Braves,0,,,,
2022-11-09,Kolby Allard,Atlanta Braves,Texas Rangers,-0.19,,,,
2022-11-10,Jack Hartman,Tampa Bay Rays,Pittsburgh Pirates,0,,,,
2022-11-10,Reminton Batista,Miami Marlins,Milwaukee Brewers,0,,,,
2022-11-10,Nick Solak,Cincinnati Reds,Texas Rangers,0,,,,
2022-11-10,Payton Henry,Milwaukee Brewers,Miami Marlins,0,,,,
2022-11-10,Ji Man Choi,Pittsburgh Pirates,Tampa Bay Rays,-0.04,,,,
2022-11-15,Steele Walker,Detroit Tigers,San Francisco Giants,0,,,,
2022-11-15,Santiago Suarez,Tampa Bay Rays,Miami Marlins,0,,,,
2022-11-15,Ross Carver,Cleveland Guardians,Arizona Diamondbacks,0,,,,
2022-11-15,Alfredo Zarraga,Tampa Bay Rays,Chicago Cubs,0,,,,
2022-11-15,Juan Brito,Cleveland Guardians,Colorado Rockies,0,,,,
2022-11-15,Marcus Johnson,Tampa Bay Rays,Miami Marlins,0,,,,
2022-11-15,Tristan Peters,Tampa Bay Rays,San Francisco Giants,-0.4,,,,
2022-11-15,Xavier Edwards,Miami Marlins,Tampa Bay Rays,5.28,,,,
2022-11-15,Brett Wisely,San Francisco Giants,Tampa Bay Rays,0.57,,,,
2022-11-15,Nolan Jones,Colorado Rockies,Cleveland Guardians,3.56,,,,
2022-11-15,Dennis Santana,Atlanta Braves,Texas Rangers,0,,,,
2022-11-15,JT Chargois,Miami Marlins,Tampa Bay Rays,0,,,,
2022-11-15,Carlos Vargas,Arizona Diamondbacks,Cleveland Guardians,0,,,,
2022-11-15,Miles Mastrobuoni,Chicago Cubs,Tampa Bay Rays,0.29,,,,
2022-11-16,Adam Macko,Toronto Blue Jays,Seattle Mariners,0,,,,
2022-11-16,Teoscar Hernandez,Seattle Mariners,Toronto Blue Jays,2.3,,,,
2022-11-16,Erik Swanson,Toronto Blue Jays,Seattle Mariners,0.73,,,,
2022-11-18,Franklin Sanchez,Miami Marlins,New York Mets,0,,,,
2022-11-18,Alejandro Hidalgo,Minnesota Twins,Los Angeles Angels,0,,,,
2022-11-18,Jeff Brigham,New York Mets,Miami Marlins,-0.13,,,,
2022-11-18,Elieser Hernandez,New York Mets,Miami Marlins,0,,,,
2022-11-18,Dauri Moreta,Pittsburgh Pirates,Cincinnati Reds,1,,,,
2022-11-18,Cooper Hummel,Seattle Mariners,Arizona Diamondbacks,-0.37,,,,
2022-11-18,Kyle Lewis,Arizona Diamondbacks,Seattle Mariners,-0.55,,,,
2022-11-19,Casey Legumina,Cincinnati Reds,Minnesota Twins,-0.51,,,,
2022-11-19,Kyle Farmer,Minnesota Twins,Cincinnati Reds,1.32,,,,
2022-11-19,Javy Guerra,Milwaukee Brewers,Tampa Bay Rays,-0.23,,,,
2022-11-19,Gio Urshela,Los Angeles Angels,Minnesota Twins,0.71,,,,
2022-11-23,Inmer Lobo,Pittsburgh Pirates,Boston Red Sox,0,,,,
2022-11-23,Hoy Park,Boston Red Sox,Pittsburgh Pirates,0,,,,
2022-11-23,Adam Seminaris,Milwaukee Brewers,Los Angeles Angels,0,,,,
2022-11-23,Janson Junk,Milwaukee Brewers,Los Angeles Angels,-0.16,,,,
2022-11-23,Elvis Peguero,Milwaukee Brewers,Los Angeles Angels,1.2,,,,
2022-11-23,Hunter Renfroe,Los Angeles Angels,Milwaukee Brewers,0.1,,,,
2022-12-02,Jesse Winker,Milwaukee Brewers,Seattle Mariners,-0.72,,,,
2022-12-02,Abraham Toro,Milwaukee Brewers,Seattle Mariners,0.28,,,,
2022-12-02,Kolten Wong,Seattle Mariners,Milwaukee Brewers,-1.14,,,,
2022-12-06,Chad Smith,Oakland Athletics,Colorado Rockies,-0.08,,,,
2022-12-07,Jake Higginbotham,Detroit Tigers,Atlanta Braves,0,,,,
2022-12-07,Jeff Criswell,Colorado Rockies,Oakland Athletics,0.58,,,,
2022-12-07,Justyn-Henry Malloy,Detroit Tigers,Atlanta Braves,-0.59,,,,
2022-12-07,Brooks Raley,New York Mets,Tampa Bay Rays,2.45,,,,
2022-12-07,Joe Jimenez,Atlanta Braves,Detroit Tigers,2.62,,,,
2022-12-07,Keyshawn Askew,Tampa Bay Rays,New York Mets,0,,,,
2022-12-08,Kevin Kelly,Tampa Bay Rays,Colorado Rockies,1.52,,,,
2022-12-08,Frankie Tostado,Washington Nationals,Seattle Mariners,0,,,,
2022-12-08,Blake Sabol,San Francisco Giants,Cincinnati Reds,0.41,,,,
2022-12-09,Jake Mangum,Miami Marlins,New York Mets,0,,,,
2022-12-12,Royber Salinas,Oakland Athletics,Atlanta Braves,0,,,,
2022-12-12,Justin Yeager,Milwaukee Brewers,Atlanta Braves,0,,,,
2022-12-12,Freddy Tarnok,Oakland Athletics,Atlanta Braves,0.17,,,,
2022-12-12,Manny Pina,Oakland Athletics,Atlanta Braves,0,,,,
2022-12-12,Esteury Ruiz,Oakland Athletics,Milwaukee Brewers,-0.46,,,,
2022-12-12,Sean Murphy,Atlanta Braves,Oakland Athletics,7.67,,,,
2022-12-12,William Contreras,Milwaukee Brewers,Atlanta Braves,12.42,,,,
2022-12-12,Joel Payamps,Milwaukee Brewers,Oakland Athletics,2.11,,,,
2022-12-12,Kyle Muller,Oakland Athletics,Atlanta Braves,-0.86,,,,
2022-12-13,Jake Wong,Cincinnati Reds,San Francisco Giants,-0.05,,,,
2022-12-14,Jeff Belge,Tampa Bay Rays,Los Angeles Dodgers,0,,,,
2022-12-14,Owen Miller,Milwaukee Brewers,Cleveland Guardians,-0.29,,,,
2022-12-14,J.P. Feyereisen,Los Angeles Dodgers,Tampa Bay Rays,0,,,,
2022-12-15,Yonny Hernandez,Los Angeles Dodgers,Oakland Athletics,-0.06,,,,
2022-12-16,Jacob Wallace,Kansas City Royals,Boston Red Sox,0,,,,
2022-12-16,Wyatt Mills,Boston Red Sox,Kansas City Royals,0,,,,
2022-12-16,Hoy Park,Atlanta Braves,Boston Red Sox,0,,,,
2022-12-18,Connor Joe,Pittsburgh Pirates,Colorado Rockies,1.31,,,,
2022-12-18,Nick Garcia,Colorado Rockies,Pittsburgh Pirates,0,,,,
2022-12-21,James McCann,Baltimore Orioles,New York Mets,1.25,,,,
2022-12-22,Gregory Santos,Chicago White Sox,San Francisco Giants,1.19,,,,
2022-12-23,Scott Randall,Pittsburgh Pirates,Arizona Diamondbacks,0,,,,
2022-12-23,Lewin Diaz,Atlanta Braves,Baltimore Orioles,0,,,,
2022-12-23,Lourdes Gurriel,Arizona Diamondbacks,Toronto Blue Jays,5.39,,,,
2022-12-23,Gabriel Moreno,Arizona Diamondbacks,Toronto Blue Jays,8.45,,,,
2022-12-23,Daulton Varsho,Toronto Blue Jays,Arizona Diamondbacks,11.32,,,,
2022-12-23,Diego Castillo,Arizona Diamondbacks,Pittsburgh Pirates,-0.03,,,,
2022-12-28,Lucas Luetge,Atlanta Braves,New York Yankees,-0.25,,,,
2022-12-28,Indigo Diaz,New York Yankees,Atlanta Braves,0,,,,
2022-12-28,Caleb Durbin,New York Yankees,Atlanta Braves,0,,,,
2022-12-31,Tyler Nevin,Detroit Tigers,Baltimore Orioles,-0.52,,,,
2023-01-03,Ryan O'Hearn,Baltimore Orioles,Kansas City Royals,5.17,,,,
2023-01-03,Bligh Madris,Houston Astros,Detroit Tigers,-0.33,,,,
2023-01-03,Eli White,Atlanta Braves,Texas Rangers,0.92,,,,
2023-01-04,Erich Uelmen,Philadelphia Phillies,Chicago Cubs,-0.18,,,,
2023-01-04,Bryse Wilson,Milwaukee Brewers,Pittsburgh Pirates,2.36,,,,
2023-01-07,Joseph Hernandez,Milwaukee Brewers,Seattle Mariners,0,,,,
2023-01-07,Donny Sands,Detroit Tigers,Philadelphia Phillies,0,,,,
2023-01-07,Nick Maton,Detroit Tigers,Philadelphia Phillies,-1.29,,,,
2023-01-07,Matt Vierling,Detroit Tigers,Philadelphia Phillies,4.16,,,,
2023-01-07,Gregory Soto,Philadelphia Phillies,Detroit Tigers,0.35,,,,
2023-01-07,Kody Clemens,Philadelphia Phillies,Detroit Tigers,0.2,,,,
2023-01-07,Justin Topa,Seattle Mariners,Milwaukee Brewers,1.55,,,,
2023-01-09,Erik Miller,San Francisco Giants,Philadelphia Phillies,1.94,,,,
2023-01-09,Yunior Marte,Philadelphia Phillies,San Francisco Giants,-1,,,,
2023-01-10,Cristian Jimenez,Washington Nationals,Minnesota Twins,0,,,,
2023-01-10,Zach Thompson,Toronto Blue Jays,Pittsburgh Pirates,0,,,,
2023-01-10,A.J. Alexy,Minnesota Twins,Washington Nationals,0,,,,
2023-01-10,Chavez Young,Pittsburgh Pirates,Toronto Blue Jays,0,,,,
2023-01-11,Darwinzon Hernandez,Baltimore Orioles,Boston Red Sox,0,,,,
2023-01-11,Jacob Amaya,Miami Marlins,Los Angeles Dodgers,-0.02,,,,
2023-01-11,Miguel Rojas,Los Angeles Dodgers,Miami Marlins,6.71,,,,
2023-01-13,Luis De La Cruz,New York Mets,Baltimore Orioles,0,,,,
2023-01-17,Connor Seabold,Colorado Rockies,Boston Red Sox,-1.3,,,,
2023-01-20,Byron Chourio,Minnesota Twins,Miami Marlins,0,,,,
2023-01-20,Jose Salas,Minnesota Twins,Miami Marlins,0,,,,
2023-01-20,Luis Arraez,Miami Marlins,Minnesota Twins,4.65,,,,
2023-01-20,Pablo Lopez,Minnesota Twins,Miami Marlins,8.03,,,,
2023-01-23,Evan Sisk,Kansas City Royals,Minnesota Twins,0.14,,,,
2023-01-23,Steven Cruz,Kansas City Royals,Minnesota Twins,0.65,,,,
2023-01-23,Michael A. Taylor,Minnesota Twins,Kansas City Royals,0,,,,
2023-01-24,Josh Taylor,Kansas City Royals,Boston Red Sox,-0.5,,,,
2023-01-24,Adalberto Mondesi,Boston Red Sox,Kansas City Royals,0,,,,
2023-01-26,Kyle Virbitsky,Baltimore Orioles,Oakland Athletics,0,,,,
2023-01-26,Darell Hernaiz,Oakland Athletics,Baltimore Orioles,-0.79,,,,
2023-01-26,Cole Irvin,Baltimore Orioles,Oakland Athletics,-0.41,,,,
2023-01-30,Matt Barnes,Miami Marlins,Boston Red Sox,-0.01,,,,
2023-01-30,Richard Bleier,Boston Red Sox,Miami Marlins,-0.18,,,,
2023-02-03,Theo Denlinger,Boston Red Sox,Chicago White Sox,0,,,,
2023-02-03,Frank German,Chicago White Sox,Boston Red Sox,0,,,,
2023-02-08,Justin Boyd,Cleveland Guardians,Cincinnati Reds,0,,,,
2023-02-08,Will Benson,Cincinnati Reds,Cleveland Guardians,0.8,,,,
2023-02-08,Anthony Misiewicz,St. Louis Cardinals,Kansas City Royals,0,,,,
2023-02-11,JJ Bleday,Oakland Athletics,Miami Marlins,2.01,,,,
2023-02-11,A.J. Puk,Miami Marlins,Oakland Athletics,0,,,,
2023-03-08,Mark Mathias,Pittsburgh Pirates,Texas Rangers,-0.21,,,,
2023-03-10,Ricky DeVito,Texas Rangers,Pittsburgh Pirates,0,,,,
2023-03-15,Victor Castaneda,Tampa Bay Rays,Milwaukee Brewers,0,,,,
2023-03-19,Angel Pierre,Boston Red Sox,Kansas City Royals,0,,,,
2023-03-20,Jordan Qsar,Philadelphia Phillies,Tampa Bay Rays,0,,,,
2023-03-23,Esteban Quiroz,Philadelphia Phillies,Chicago Cubs,0,,,,
2023-03-24,Jonathan Hughes,Atlanta Braves,Philadelphia Phillies,0,,,,
2023-03-25,Steve Hajjar,Cleveland Guardians,Cincinnati Reds,0,,,,
2023-03-26,Nick Allgeyer,Philadelphia Phillies,Toronto Blue Jays,0,,,,
2023-03-27,Carlos Guzman,Chicago Cubs,Detroit Tigers,0,,,,
2023-03-27,Danny Coulombe,Baltimore Orioles,Minnesota Twins,2.09,,,,
2023-03-27,Zach McKinstry,Detroit Tigers,Chicago Cubs,4.91,,,,
2023-03-27,Gabriel Yanez,Minnesota Twins,Philadelphia Phillies,0,,,,
2023-03-28,T.J. Zeuch,Philadelphia Phillies,Colorado Rockies,0,,,,
2023-03-28,Tony Locey,Tampa Bay Rays,Colorado Rockies,0,,,,
2023-03-29,Billy Sullivan,Oakland Athletics,Philadelphia Phillies,0,,,,
2023-03-29,Cristian Pache,Philadelphia Phillies,Oakland Athletics,0.77,,,,
2023-03-29,Grant Witherspoon,Detroit Tigers,Tampa Bay Rays,0,,,,
2023-03-30,Colten Brewer,New York Yankees,Tampa Bay Rays,0.03,,,,
2023-03-30,Richard Lovelady,Atlanta Braves,Kansas City Royals,0,,,,
2023-03-30,Matt Beaty,San Francisco Giants,Kansas City Royals,-0.17,,,,
2023-03-31,Horacio Andujar,Chicago White Sox,Los Angeles Dodgers,0,,,,
2023-03-31,Dillon Paulson,Detroit Tigers,Tampa Bay Rays,0,,,,
2023-03-31,Anthony Misiewicz,Arizona Diamondbacks,St. Louis Cardinals,-0.04,,,,
2023-03-31,Nick Solak,Seattle Mariners,Cincinnati Reds,0,,,,
2023-04-09,Bennett Sousa,Milwaukee Brewers,Cincinnati Reds,-0.11,,,,
2023-04-09,Jose Ruiz,Arizona Diamondbacks,Chicago White Sox,0.03,,,,
2023-04-09,Sean Nolin,Miami Marlins,Minnesota Twins,-0.14,,,,
2023-04-13,Alex De Goti,Minnesota Twins,Miami Marlins,0,,,,
2023-04-19,Cal Stevenson,San Francisco Giants,Oakland Athletics,-0.04,,,,
2023-04-21,Nick Duron,San Diego Padres,San Francisco Giants,0,,,,
2023-04-23,Sam Long,Oakland Athletics,San Francisco Giants,-0.09,,,,
2023-04-29,Javy Guerra,Tampa Bay Rays,Milwaukee Brewers,0.12,,,,
2023-04-30,Trevor Megill,Milwaukee Brewers,Minnesota Twins,3.17,,,,
2023-04-30,Vinny Capra,Pittsburgh Pirates,Toronto Blue Jays,-0.1,,,,
2023-04-30,Tyler Heineman,Toronto Blue Jays,Pittsburgh Pirates,1.84,,,,
2023-05-01,Konnor Pilkington,Arizona Diamondbacks,Cleveland Guardians,0,,,,
2023-05-03,Chase Anderson,Tampa Bay Rays,Cincinnati Reds,0.21,,,,
2023-05-03,Luis Torrens,Baltimore Orioles,Chicago Cubs,0,,,,
2023-05-05,Nick Allgeyer,Houston Astros,Philadelphia Phillies,0,,,,
2023-05-05,Zack Littell,Boston Red Sox,Texas Rangers,-0.04,,,,
2023-05-06,Jamari Baylor,Colorado Rockies,Philadelphia Phillies,0,,,,
2023-05-08,Ethan Lindow,Seattle Mariners,Philadelphia Phillies,0,,,,
2023-05-08,Junior Marin,Philadelphia Phillies,Kansas City Royals,0,,,,
2023-05-08,James McArthur,Kansas City Royals,Philadelphia Phillies,-0.31,,,,
2023-05-12,Pablo Reyes,Boston Red Sox,Oakland Athletics,-0.22,,,,
2023-05-17,Lucas Erceg,Oakland Athletics,Milwaukee Brewers,0.49,,,,
2023-05-18,Robbie Glendinning,Baltimore Orioles,Kansas City Royals,0,,,,
2023-05-20,Greg Allen,New York Yankees,Boston Red Sox,-0.02,,,,
2023-05-20,Diego Hernandez,Boston Red Sox,New York Yankees,0,,,,
2023-05-22,Jonathan Davis,Miami Marlins,Detroit Tigers,-0.04,,,,
2023-05-22,Brady Allen,Detroit Tigers,Miami Marlins,0,,,,
2023-05-25,Jacob Nottingham,San Francisco Giants,Seattle Mariners,0,,,,
2023-05-26,Lael Lockhart,Detroit Tigers,Los Angeles Dodgers,0,,,,
2023-05-28,Tyler White,New York Mets,Minnesota Twins,0,,,,
2023-05-30,Kelvin Perez,Atlanta Braves,Toronto Blue Jays,0,,,,
2023-05-30,Jake Marisnick,Detroit Tigers,Chicago White Sox,0.37,,,,
2023-06-01,Luis Valdez,Texas Rangers,Los Angeles Dodgers,0,,,,
2023-06-01,Ricky Vanasco,Los Angeles Dodgers,Texas Rangers,-0.11,,,,
2023-06-02,Vinny Nittoli,New York Mets,Chicago Cubs,0.09,,,,
2023-06-02,Jose Godoy,Baltimore Orioles,New York Yankees,0,,,,
2023-06-02,Robert Stephenson,Tampa Bay Rays,Pittsburgh Pirates,1.23,,,,
2023-06-03,Alika Williams,Pittsburgh Pirates,Tampa Bay Rays,-0.4,,,,
2023-06-06,Ben Heller,Atlanta Braves,Tampa Bay Rays,0.06,,,,
2023-06-08,Joe Rizzo,Detroit Tigers,Miami Marlins,0,,,,
2023-06-13,Juan Gonzalez,Chicago White Sox,Toronto Blue Jays,0,,,,
2023-06-14,Taylor Floyd,Minnesota Twins,Milwaukee Brewers,0,,,,
2023-06-15,Kean Wong,Chicago White Sox,Seattle Mariners,0,,,,
2023-06-16,Richie Palacios,St. Louis Cardinals,Cleveland Guardians,0.55,,,,
2023-06-17,Joel Kuhnel,Houston Astros,Cincinnati Reds,-0.1,,,,
2023-06-18,Blair Calvo,Detroit Tigers,Colorado Rockies,0,,,,
2023-06-19,Yacksel Rios,Oakland Athletics,Atlanta Braves,-0.3,,,,
2023-06-23,Dalton Guthrie,San Francisco Giants,Philadelphia Phillies,0,,,,
2023-06-23,Tayler Scott,Boston Red Sox,Los Angeles Dodgers,-0.04,,,,
2023-06-23,Spenser Watkins,Houston Astros,Baltimore Orioles,0,,,,
2023-06-23,Coleman Crow,New York Mets,Los Angeles Angels,0,,,,
2023-06-23,Landon Marceaux,New York Mets,Los Angeles Angels,0,,,,
2023-06-23,Eduardo Escobar,Los Angeles Angels,New York Mets,-1.13,,,,
2023-06-25,Mike Moustakas,Los Angeles Angels,Colorado Rockies,-0.5,,,,
2023-06-25,Connor Van Scoyoc,Colorado Rockies,Los Angeles Angels,0,,,,
2023-06-26,Andres Nunez,Boston Red Sox,Kansas City Royals,0,,,,
2023-07-03,Zach Muckenhirn,Seattle Mariners,New York Mets,0,,,,
2023-07-03,Chris Flexen,New York Mets,Seattle Mariners,0,,,,
2023-07-03,Trevor Gott,New York Mets,Seattle Mariners,0.13,,,,
2023-07-04,Pat Valaika,Los Angeles Dodgers,Seattle Mariners,0,,,,
2023-07-06,Chris Vallimont,Cleveland Guardians,Baltimore Orioles,0,,,,
2023-07-07,Jack Larsen,San Francisco Giants,Seattle Mariners,0,,,,
2023-07-12,Tyson Miller,Los Angeles Dodgers,Milwaukee Brewers,0,,,,
2023-07-13,Mike Mayers,Chicago White Sox,Kansas City Royals,0,,,,
2023-07-13,Ben Gamel,San Diego Padres,Tampa Bay Rays,-0.22,,,,
2023-07-16,P.J. Higgins,Chicago Cubs,Arizona Diamondbacks,0,,,,
2023-07-19,Easton Lucas,Oakland Athletics,Baltimore Orioles,-0.35,,,,
2023-07-19,Shintaro Fujinami,Baltimore Orioles,Oakland Athletics,-0.13,,,,
2023-07-21,Genesis Cabrera,Toronto Blue Jays,St. Louis Cardinals,0.11,,,,
2023-07-21,Sammy Hernandez,St. Louis Cardinals,Toronto Blue Jays,0,,,,
2023-07-24,Victor Vodnik,Colorado Rockies,Atlanta Braves,2.38,,,,
2023-07-24,Tanner Gordon,Colorado Rockies,Atlanta Braves,-1.19,,,,
2023-07-24,Taylor Hearn,Atlanta Braves,Texas Rangers,-0.14,,,,
2023-07-24,Pierce Johnson,Atlanta Braves,Colorado Rockies,2.52,,,,
2023-07-25,Nick Robertson,Boston Red Sox,Los Angeles Dodgers,-0.07,,,,
2023-07-25,Justin Hagenman,Boston Red Sox,Los Angeles Dodgers,0,,,,
2023-07-25,Enrique Hernandez,Los Angeles Dodgers,Boston Red Sox,1.73,,,,
2023-07-26,Mason McCoy,Toronto Blue Jays,Seattle Mariners,-0.02,,,,
2023-07-26,Ky Bush,Chicago White Sox,Los Angeles Angels,0.11,,,,
2023-07-26,Marques Johnson,San Francisco Giants,Boston Red Sox,0,,,,
2023-07-26,Edgar Quero,Chicago White Sox,Los Angeles Angels,1.21,,,,
2023-07-26,Trent Thornton,Seattle Mariners,Toronto Blue Jays,0.48,,,,
2023-07-26,Amed Rosario,Los Angeles Dodgers,Cleveland Guardians,0.8,,,,
2023-07-26,Noah Syndergaard,Cleveland Guardians,Los Angeles Dodgers,-0.07,,,,
2023-07-26,Mauricio Llovera,Boston Red Sox,San Francisco Giants,-0.39,,,,
2023-07-26,Lucas Giolito,Los Angeles Angels,Chicago White Sox,-0.46,,,,
2023-07-26,Reynaldo Lopez,Los Angeles Angels,Chicago White Sox,0.57,,,,
2023-07-26,Dylan Floro,Minnesota Twins,Miami Marlins,-0.02,,,,
2023-07-26,Jorge Lopez,Miami Marlins,Minnesota Twins,-0.46,,,,
2023-07-27,Jhonny Severino,Pittsburgh Pirates,Milwaukee Brewers,0,,,,
2023-07-28,Ronald Hernandez,New York Mets,Miami Marlins,0,,,,
2023-07-28,Marco Vargas,New York Mets,Miami Marlins,0,,,,
2023-07-28,Carlos Santana,Milwaukee Brewers,Pittsburgh Pirates,1.14,,,,
2023-07-28,Kevin Plawecki,Texas Rangers,San Diego Padres,0,,,,
2023-07-28,Trayce Thompson,Chicago White Sox,Los Angeles Dodgers,-0.35,,,,
2023-07-28,Jordan Leasure,Chicago White Sox,Los Angeles Dodgers,0.29,,,,
2023-07-28,Nick Nastrini,Chicago White Sox,Los Angeles Dodgers,-0.81,,,,
2023-07-28,Lance Lynn,Los Angeles Dodgers,Chicago White Sox,0.23,,,,
2023-07-28,Joe Kelly,Los Angeles Dodgers,Chicago White Sox,-0.17,,,,
2023-07-28,Korey Lee,Chicago White Sox,Houston Astros,-0.25,,,,
2023-07-28,Kendall Graveman,Houston Astros,Chicago White Sox,0.55,,,,
2023-07-30,Tekoah Roby,St. Louis Cardinals,Texas Rangers,0,,,,
2023-07-30,Adam Kloffenstein,St. Louis Cardinals,Toronto Blue Jays,0.09,,,,
2023-07-30,Sem Robberse,St. Louis Cardinals,Toronto Blue Jays,0,,,,
2023-07-30,Taylor Hearn,Kansas City Royals,Atlanta Braves,-0.21,,,,
2023-07-30,Thomas Saggese,St. Louis Cardinals,Texas Rangers,0.17,,,,
2023-07-30,Jordan Hicks,Toronto Blue Jays,St. Louis Cardinals,0.53,,,,
2023-07-30,Nicky Lopez,Atlanta Braves,Kansas City Royals,0.78,,,,
2023-07-30,C.J. Cron,Los Angeles Angels,Colorado Rockies,0,,,,
2023-07-30,Randal Grichuk,Los Angeles Angels,Colorado Rockies,0.32,,,,
2023-07-30,Jordan Montgomery,Texas Rangers,St. Louis Cardinals,1.83,,,,
2023-07-30,Chris Stratton,Texas Rangers,St. Louis Cardinals,0.35,,,,
2023-07-30,John King,St. Louis Cardinals,Texas Rangers,1.39,,,,
2023-07-30,Max Scherzer,Texas Rangers,New York Mets,1.37,,,,
2023-07-30,Luisangel Acuna,New York Mets,Texas Rangers,1.08,,,,
2023-07-31,Jake Madden,Colorado Rockies,Los Angeles Angels,0,,,,
2023-07-31,Mason Albright,Colorado Rockies,Los Angeles Angels,0,,,,
2023-07-31,Mark Mathias,San Francisco Giants,Seattle Mariners,-0.08,,,,
2023-07-31,Kyle Manzardo,Cleveland Guardians,Tampa Bay Rays,0.41,,,,
2023-07-31,Nelson Velazquez,Kansas City Royals,Chicago Cubs,0.58,,,,
2023-07-31,Kevin Made,Washington Nationals,Chicago Cubs,0,,,,
2023-07-31,DJ Herz,Washington Nationals,Chicago Cubs,0.75,,,,
2023-07-31,Mark Canha,Milwaukee Brewers,New York Mets,0.97,,,,
2023-07-31,Paul DeJong,Toronto Blue Jays,St. Louis Cardinals,-0.81,,,,
2023-07-31,Dominic Canzone,Seattle Mariners,Arizona Diamondbacks,1.93,,,,
2023-07-31,Paul Sewald,Arizona Diamondbacks,Seattle Mariners,0.59,,,,
2023-07-31,Josh Rojas,Seattle Mariners,Arizona Diamondbacks,2.96,,,,
2023-07-31,Sam Moll,Cincinnati Reds,Oakland Athletics,1.76,,,,
2023-07-31,AJ Pollock,San Francisco Giants,Seattle Mariners,-0.26,,,,
2023-07-31,Aaron Civale,Tampa Bay Rays,Cleveland Guardians,-0.05,,,,
2023-07-31,Jace Peterson,Arizona Diamondbacks,Oakland Athletics,-1.41,,,,
2023-07-31,Jeimer Candelario,Chicago Cubs,Washington Nationals,0.18,,,,
2023-08-01,Joe Boyle,Oakland Athletics,Cincinnati Reds,0.16,,,,
2023-08-01,Ryan Bliss,Seattle Mariners,Arizona Diamondbacks,0.27,,,,
2023-08-01,Chad Patrick,Oakland Athletics,Arizona Diamondbacks,0,,,,
2023-08-01,Justin Jarvis,New York Mets,Milwaukee Brewers,0,,,,
2023-08-01,Alec Barger,Colorado Rockies,Atlanta Braves,0,,,,
2023-08-01,Josh Roberson,Chicago Cubs,Tampa Bay Rays,0,,,,
2023-08-01,Adrian Sampson,Tampa Bay Rays,Chicago Cubs,0,,,,
2023-08-01,Derlin Figueroa,Kansas City Royals,Los Angeles Dodgers,0,,,,
2023-08-01,Henry Williams,Kansas City Royals,San Diego Padres,0,,,,
2023-08-01,Estuar Suero,Pittsburgh Pirates,San Diego Padres,0,,,,
2023-08-01,Jeremy Rodriguez,New York Mets,Arizona Diamondbacks,0,,,,
2023-08-01,Justin Bruihl,Colorado Rockies,Los Angeles Dodgers,-0.37,,,,
2023-08-01,Eddys Leonard,Detroit Tigers,Los Angeles Dodgers,0,,,,
2023-08-01,Kahlil Watson,Cleveland Guardians,Miami Marlins,0,,,,
2023-08-01,Matt Svanson,St. Louis Cardinals,Toronto Blue Jays,1.77,,,,
2023-08-01,Jackson Wolf,Pittsburgh Pirates,San Diego Padres,0,,,,
2023-08-01,Hao-Yu Lee,Detroit Tigers,Philadelphia Phillies,0,,,,
2023-08-01,Peter Strzelecki,Arizona Diamondbacks,Milwaukee Brewers,0.04,,,,
2023-08-01,Jesus Rios,Kansas City Royals,San Diego Padres,0,,,,
2023-08-01,Logan Rinehart,Baltimore Orioles,Seattle Mariners,0,,,,
2023-08-01,Ryan Clifford,New York Mets,Houston Astros,0,,,,
2023-08-01,Spencer Howard,New York Yankees,Texas Rangers,0,,,,
2023-08-01,Jake Eder,Chicago White Sox,Miami Marlins,0.01,,,,
2023-08-01,Alex Jackson,Tampa Bay Rays,Milwaukee Brewers,-0.44,,,,
2023-08-01,Luis Urias,Boston Red Sox,Milwaukee Brewers,-0.04,,,,
2023-08-01,Luis Patino,Chicago White Sox,Tampa Bay Rays,0.22,,,,
2023-08-01,Jeremiah Jackson,New York Mets,Los Angeles Angels,0,,,,
2023-08-01,Zack Showalter,St. Louis Cardinals,Baltimore Orioles,0,,,,
2023-08-01,Evan McKendry,Milwaukee Brewers,Tampa Bay Rays,0,,,,
2023-08-01,Devin Mann,Kansas City Royals,Los Angeles Dodgers,0,,,,
2023-08-01,Drew Gilbert,New York Mets,Houston Astros,0,,,,
2023-08-01,Manuel Rodriguez,Tampa Bay Rays,Chicago Cubs,1.9,,,,
2023-08-01,Bradley Blalock,Milwaukee Brewers,Boston Red Sox,0.04,,,,
2023-08-01,Cesar Prieto,St. Louis Cardinals,Baltimore Orioles,-0.18,,,,
2023-08-01,Juan Carela,Chicago White Sox,New York Yankees,0,,,,
2023-08-01,Ryan Weathers,Miami Marlins,San Diego Padres,2.45,,,,
2023-08-01,Andrew Chafin,Milwaukee Brewers,Arizona Diamondbacks,-0.32,,,,
2023-08-01,Tucker Davidson,Kansas City Royals,Los Angeles Angels,0.01,,,,
2023-08-01,Jake Burger,Miami Marlins,Chicago White Sox,1.53,,,,
2023-08-01,Brad Hand,Atlanta Braves,Colorado Rockies,-0.43,,,,
2023-08-01,Tommy Pham,Arizona Diamondbacks,New York Mets,0.31,,,,
2023-08-01,Keynan Middleton,New York Yankees,Chicago White Sox,0.4,,,,
2023-08-01,Scott Barlow,San Diego Padres,Kansas City Royals,0.26,,,,
2023-08-01,Josh Bell,Miami Marlins,Cleveland Guardians,-0.65,,,,
2023-08-01,Jean Segura,Cleveland Guardians,Miami Marlins,0,,,,
2023-08-01,Michael Lorenzen,Philadelphia Phillies,Detroit Tigers,-0.13,,,,
2023-08-01,Ryan Yarbrough,Los Angeles Dodgers,Kansas City Royals,0.27,,,,
2023-08-01,Jack Flaherty,Baltimore Orioles,St. Louis Cardinals,-0.6,,,,
2023-08-01,Drew Rom,St. Louis Cardinals,Baltimore Orioles,-1.01,,,,
2023-08-01,Rodolfo Castro,Philadelphia Phillies,Pittsburgh Pirates,-0.44,,,,
2023-08-01,Phil Bickford,New York Mets,Los Angeles Dodgers,0.02,,,,
2023-08-01,Justin Verlander,Houston Astros,New York Mets,0.99,,,,
2023-08-01,Garrett Cooper,San Diego Padres,Miami Marlins,-0.18,,,,
2023-08-01,Ji Man Choi,San Diego Padres,Pittsburgh Pirates,-0.37,,,,
2023-08-01,Rich Hill,San Diego Padres,Pittsburgh Pirates,-1.02,,,,
2023-08-01,Alfonso Rivas,Pittsburgh Pirates,San Diego Padres,0.32,,,,
2023-08-01,Jose Cuas,Chicago Cubs,Kansas City Royals,0.05,,,,
2023-08-01,Austin Hedges,Texas Rangers,Pittsburgh Pirates,-0.08,,,,
2023-08-01,Dominic Leone,Los Angeles Angels,New York Mets,-0.01,,,,
2023-08-02,Sean Reynolds,San Diego Padres,Miami Marlins,0.28,,,,
2023-08-03,Bailey Falter,Pittsburgh Pirates,Philadelphia Phillies,3.24,,,,
2023-08-03,Eduard Bazardo,Seattle Mariners,Baltimore Orioles,2,,,,
2023-08-03,Luis Barroso,Baltimore Orioles,Kansas City Royals,0,,,,
2023-08-04,Aldrin Batista,Chicago White Sox,Los Angeles Dodgers,0,,,,
2023-08-04,Maximo Martinez,Chicago White Sox,Los Angeles Dodgers,0,,,,
2023-08-04,Adam Kolarek,New York Mets,Los Angeles Dodgers,0.24,,,,
2023-08-04,Kole Calhoun,Cleveland Guardians,Los Angeles Dodgers,0.01,,,,
2023-08-07,Tyler Naquin,Chicago White Sox,Milwaukee Brewers,-0.31,,,,
2023-08-22,Trenton Brooks,San Francisco Giants,Oakland Athletics,-0.24,,,,
2023-08-22,Sean Newcomb,Oakland Athletics,San Francisco Giants,0.36,,,,
2023-08-23,Brewer Hicklen,Philadelphia Phillies,Kansas City Royals,0,,,,
2023-08-31,Chris Roller,Milwaukee Brewers,Cleveland Guardians,-0.03,,,,
2023-09-17,Max McDowell,Toronto Blue Jays,Philadelphia Phillies,0,,,,
2023-11-02,Cody Bolton,Seattle Mariners,Pittsburgh Pirates,-0.13,,,,
2023-11-04,Blake Holub,Milwaukee Brewers,Detroit Tigers,0,,,,
2023-11-04,Mark Canha,Detroit Tigers,Milwaukee Brewers,0.57,,,,
2023-11-06,Tatem Levins,Tampa Bay Rays,Seattle Mariners,0,,,,
2023-11-06,Adam Leverett,Tampa Bay Rays,Philadelphia Phillies,0,,,,
2023-11-06,Michael Mercado,Philadelphia Phillies,Tampa Bay Rays,-0.86,,,,
2023-11-06,Blake Hunt,Seattle Mariners,Tampa Bay Rays,0,,,,
2023-11-06,Brendon Little,Toronto Blue Jays,Chicago Cubs,1.26,,,,
2023-11-06,Riley O'Brien,St. Louis Cardinals,Seattle Mariners,1.12,,,,
2023-11-14,Robert Moore,Philadelphia Phillies,Milwaukee Brewers,0,,,,
2023-11-14,Hendry Mendez,Philadelphia Phillies,Milwaukee Brewers,0,,,,
2023-11-14,Oliver Dunn,Milwaukee Brewers,Philadelphia Phillies,-0.03,,,,
2023-11-15,Chad Patrick,Milwaukee Brewers,Oakland Athletics,1.85,,,,
2023-11-15,Abraham Toro,Oakland Athletics,Milwaukee Brewers,0.61,,,,
2023-11-16,Riley Gowens,Chicago White Sox,Atlanta Braves,0,,,,
2023-11-16,Aaron Bummer,Atlanta Braves,Chicago White Sox,0.67,,,,
2023-11-16,Michael Soroka,Chicago White Sox,Atlanta Braves,0.65,,,,
2023-11-16,Jared Shuster,Chicago White Sox,Atlanta Braves,0.54,,,,
2023-11-16,Nicky Lopez,Chicago White Sox,Atlanta Braves,0.15,,,,
2023-11-16,Braden Shewmake,Chicago White Sox,Atlanta Braves,-0.58,,,,
2023-11-17,Andrew Lindsey,Tampa Bay Rays,Miami Marlins,0,,,,
2023-11-17,Kody Huff,Cleveland Guardians,Colorado Rockies,0,,,,
2023-11-17,Erick Lara,Tampa Bay Rays,Miami Marlins,0,,,,
2023-11-17,Brian Sanchez,New York Yankees,Milwaukee Brewers,0,,,,
2023-11-17,Jace Avina,New York Yankees,Milwaukee Brewers,0,,,,
2023-11-17,Cal Quantrill,Colorado Rockies,Cleveland Guardians,1.52,,,,
2023-11-17,Calvin Faucher,Miami Marlins,Tampa Bay Rays,1.97,,,,
2023-11-17,Jake Bauers,Milwaukee Brewers,New York Yankees,0.23,,,,
2023-11-17,Scott Barlow,Cleveland Guardians,San Diego Padres,0.19,,,,
2023-11-17,Enyel De Los Santos,San Diego Padres,Cleveland Guardians,0.29,,,,
2023-11-17,Isaiah Campbell,Boston Red Sox,Seattle Mariners,-1.4,,,,
2023-11-17,Luis Urias,Seattle Mariners,Boston Red Sox,0.44,,,,
2023-11-17,Nick Anderson,Kansas City Royals,Atlanta Braves,0.29,,,,
2023-11-17,Kyle Wright,Kansas City Royals,Atlanta Braves,0,,,,
2023-11-17,Jackson Kowar,Atlanta Braves,Kansas City Royals,0,,,,
2023-11-22,Eugenio Suarez,Arizona Diamondbacks,Seattle Mariners,6.4,,,,
2023-11-22,Seby Zavala,Seattle Mariners,Arizona Diamondbacks,-0.3,,,,
2023-11-22,Carlos Vargas,Seattle Mariners,Arizona Diamondbacks,-0.08,,,,
2023-12-03,Cole Phillips,Seattle Mariners,Atlanta Braves,0,,,,
2023-12-03,Jackson Kowar,Seattle Mariners,Atlanta Braves,0.07,,,,
2023-12-03,Marco Gonzales,Atlanta Braves,Seattle Mariners,0,,,,
2023-12-03,Evan White,Atlanta Braves,Seattle Mariners,0,,,,
2023-12-03,Jarred Kelenic,Atlanta Braves,Seattle Mariners,-0.03,,,,
2023-12-05,Nicholas Judice,Boston Red Sox,New York Yankees,0,,,,
2023-12-05,Richard Fitts,Boston Red Sox,New York Yankees,0.34,,,,
2023-12-05,Marco Gonzales,Pittsburgh Pirates,Atlanta Braves,0.47,,,,
2023-12-05,Greg Weissert,Boston Red Sox,New York Yankees,1.74,,,,
2023-12-05,Alex Verdugo,New York Yankees,Boston Red Sox,0.8,,,,
2023-12-06,Ryan Ammons,New York Mets,Boston Red Sox,0,,,,
2023-12-06,Carlos Mateo,Kansas City Royals,Houston Astros,0,,,,
2023-12-06,Trent Grisham,New York Yankees,San Diego Padres,3.89,,,,
2023-12-06,Juan Soto,New York Yankees,San Diego Padres,7.92,,,,
2023-12-06,Michael King,San Diego Padres,New York Yankees,0,,,,
2023-12-06,Kyle Higashioka,San Diego Padres,New York Yankees,1.39,,,,
2023-12-06,Randy Vasquez,San Diego Padres,New York Yankees,2.72,,,,
2023-12-06,Jhony Brito,San Diego Padres,New York Yankees,0.2,,,,
2023-12-07,Drew Thorpe,San Diego Padres,New York Yankees,0,,,,
2023-12-07,Justin Slaten,Boston Red Sox,New York Mets,0.73,,,,
2023-12-07,Dylan Coleman,Houston Astros,Kansas City Royals,0.03,,,,
2023-12-08,Evan White,Los Angeles Angels,Atlanta Braves,0,,,,
2023-12-08,Victor Santos,St. Louis Cardinals,Boston Red Sox,0,,,,
2023-12-08,Tyler Thomas,Los Angeles Angels,Atlanta Braves,0,,,,
2023-12-08,Max Stassi,Atlanta Braves,Los Angeles Angels,0,,,,
2023-12-08,David Fletcher,Atlanta Braves,Los Angeles Angels,0.04,,,,
2023-12-08,Tyler O'Neill,Boston Red Sox,St. Louis Cardinals,2.64,,,,
2023-12-08,Nick Robertson,St. Louis Cardinals,Boston Red Sox,0.04,,,,
2023-12-09,Jake Mangum,Tampa Bay Rays,Miami Marlins,1.6,,,,
2023-12-09,Max Stassi,Chicago White Sox,Atlanta Braves,0,,,,
2023-12-10,Christian Bethancourt,Miami Marlins,Cleveland Guardians,-0.52,,,,
2023-12-11,Trey Sweeney,Los Angeles Dodgers,New York Yankees,0,,,,
2023-12-11,Victor Gonzalez,New York Yankees,Los Angeles Dodgers,0.07,,,,
2023-12-11,Jorbit Vivas,New York Yankees,Los Angeles Dodgers,-0.29,,,,
2023-12-14,Cam Devanney,Kansas City Royals,Milwaukee Brewers,0,,,,
2023-12-14,Ryan Brady,Kansas City Royals,Milwaukee Brewers,0,,,,
2023-12-14,Taylor Clarke,Milwaukee Brewers,Kansas City Royals,0,,,,
2023-12-15,Deivis Nadal,Kansas City Royals,Pittsburgh Pirates,0,,,,
2023-12-15,Billy McKinney,Pittsburgh Pirates,New York Yankees,-0.04,,,,
2023-12-15,Drew Campbell,San Diego Padres,Atlanta Braves,0,,,,
2023-12-15,Matt Carpenter,Atlanta Braves,San Diego Padres,0,,,,
2023-12-15,Ray Kerr,Atlanta Braves,San Diego Padres,-0.11,,,,
2023-12-15,Edward Olivares,Pittsburgh Pirates,Kansas City Royals,-0.7,,,,
2023-12-16,Jonny DeLuca,Tampa Bay Rays,Los Angeles Dodgers,1.16,,,,
2023-12-16,Ryan Pepiot,Tampa Bay Rays,Los Angeles Dodgers,4.07,,,,
2023-12-16,Tyler Glasnow,Los Angeles Dodgers,Tampa Bay Rays,3.81,,,,
2023-12-16,Manuel Margot,Los Angeles Dodgers,Tampa Bay Rays,0,,,,
2023-12-18,Cesar Espinal,Kansas City Royals,Baltimore Orioles,0,,,,
2023-12-18,Jonathan Heasley,Baltimore Orioles,Kansas City Royals,-0.62,,,,
2023-12-18,Yohan Ramirez,New York Mets,Chicago White Sox,-0.23,,,,
2023-12-19,TJ Hopkins,San Francisco Giants,Cincinnati Reds,0,,,,
2023-12-20,Coleman Crow,Milwaukee Brewers,New York Mets,0,,,,
2023-12-20,Roddery Munoz,Miami Marlins,Pittsburgh Pirates,-0.92,,,,
2023-12-20,Tyrone Taylor,New York Mets,Milwaukee Brewers,3.05,,,,
2023-12-20,Adrian Houser,New York Mets,Milwaukee Brewers,-0.92,,,,
2023-12-26,Cody Morris,New York Yankees,Cleveland Guardians,0,,,,
2023-12-26,Estevan Florial,Cleveland Guardians,New York Yankees,0.1,,,,
2023-12-30,Chris Sale,Atlanta Braves,Boston Red Sox,10.16,,,,
2023-12-30,Vaughn Grissom,Boston Red Sox,Atlanta Braves,-0.17,,,,
2024-01-03,Justin Chambers,Los Angeles Dodgers,Milwaukee Brewers,0,,,,
2024-01-03,Bryan Hudson,Milwaukee Brewers,Los Angeles Dodgers,2.29,,,,
2024-01-05,Andrew Kittredge,St. Louis Cardinals,Tampa Bay Rays,1.57,,,,
2024-01-05,Richie Palacios,Tampa Bay Rays,St. Louis Cardinals,1.8,,,,
2024-01-05,Luke Raley,Seattle Mariners,Tampa Bay Rays,2.96,,,,
2024-01-05,Jose Caballero,Tampa Bay Rays,Seattle Mariners,3.18,,,,
2024-01-05,Anthony DeSclafani,Seattle Mariners,San Francisco Giants,0,,,,
2024-01-05,Mitch Haniger,Seattle Mariners,San Francisco Giants,-0.17,,,,
2024-01-05,Robbie Ray,San Francisco Giants,Seattle Mariners,2.73,,,,
2024-01-11,Jackson Ferris,Los Angeles Dodgers,Chicago Cubs,0,,,,
2024-01-11,Zyhir Hope,Los Angeles Dodgers,Chicago Cubs,0,,,,
2024-01-11,Yency Almonte,Chicago Cubs,Los Angeles Dodgers,0.09,,,,
2024-01-11,Michael Busch,Chicago Cubs,Los Angeles Dodgers,7.38,,,,
2024-01-16,Cooper Hummel,San Francisco Giants,New York Mets,0,,,,
2024-01-16,Daniel Duarte,Texas Rangers,Cincinnati Reds,0,,,,
2024-01-22,Tyler Nevin,Baltimore Orioles,Detroit Tigers,0,,,,
2024-01-26,Tyler Owens,Texas Rangers,Atlanta Braves,0,,,,
2024-01-26,J.P. Martinez,Atlanta Braves,Texas Rangers,0,,,,
2024-01-29,Jorge Polanco,Seattle Mariners,Minnesota Twins,3.95,,,,
2024-01-29,Anthony DeSclafani,Minnesota Twins,Seattle Mariners,0,,,,
2024-01-29,Justin Topa,Minnesota Twins,Seattle Mariners,0.55,,,,
2024-01-29,Darren Bowen,Minnesota Twins,Seattle Mariners,0,,,,
2024-01-29,Gabriel Gonzalez,Minnesota Twins,Seattle Mariners,0,,,,
2024-01-30,Samad Taylor,Seattle Mariners,Kansas City Royals,-0.05,,,,
2024-01-31,Carlos Espinosa,Los Angeles Angels,Houston Astros,0,,,,
2024-01-31,Trey Cabbage,Houston Astros,Los Angeles Angels,-0.11,,,,
2024-02-01,Joey Ortiz,Milwaukee Brewers,Baltimore Orioles,3.05,,,,
2024-02-01,DL Hall,Milwaukee Brewers,Baltimore Orioles,0.44,,,,
2024-02-01,Corbin Burnes,Baltimore Orioles,Milwaukee Brewers,3.46,,,,
2024-02-02,Jonah Cox,San Francisco Giants,Oakland Athletics,0,,,,
2024-02-02,Ross Stripling,Oakland Athletics,San Francisco Giants,-1.1,,,,
2024-02-02,Tyler Heineman,Boston Red Sox,New York Mets,0.09,,,,
2024-02-03,Cristian Mena,Arizona Diamondbacks,Chicago White Sox,0.2,,,,
2024-02-03,Zach DeLoach,Chicago White Sox,Seattle Mariners,-0.1,,,,
2024-02-03,Prelander Berroa,Chicago White Sox,Seattle Mariners,0.44,,,,
2024-02-03,Gregory Santos,Seattle Mariners,Chicago White Sox,-0.4,,,,
2024-02-03,Dominic Fletcher,Chicago White Sox,Arizona Diamondbacks,-0.08,,,,
2024-02-05,Christian Zazueta,Los Angeles Dodgers,New York Yankees,0,,,,
2024-02-05,Caleb Ferguson,New York Yankees,Los Angeles Dodgers,-0.62,,,,
2024-02-05,Matt Gage,Los Angeles Dodgers,New York Yankees,0,,,,
2024-02-06,Michael Rucker,Philadelphia Phillies,Chicago Cubs,0,,,,
2024-02-06,Ethan Small,San Francisco Giants,Milwaukee Brewers,0,,,,
2024-02-07,Guillo Zuniga,Los Angeles Angels,St. Louis Cardinals,-0.09,,,,
2024-02-07,Jonah Bride,Miami Marlins,Oakland Athletics,0.31,,,,
2024-02-07,Nick Maton,Baltimore Orioles,Detroit Tigers,-0.12,,,,
2024-02-11,Nick Gordon,Miami Marlins,Minnesota Twins,-1.71,,,,
2024-02-11,Steven Okert,Minnesota Twins,Miami Marlins,-0.25,,,,
2024-02-13,Oliver Carrillo,Houston Astros,San Diego Padres,0,,,,
2024-02-13,Otto Lopez,San Francisco Giants,Toronto Blue Jays,0,,,,
2024-02-13,Darren McCaughan,Miami Marlins,Seattle Mariners,-0.23,,,,
2024-02-14,Joshua Quezada,Milwaukee Brewers,New York Yankees,0,,,,
2024-02-14,Peyton Burdick,Baltimore Orioles,Miami Marlins,0,,,,
2024-02-14,Clayton Andrews,New York Yankees,Milwaukee Brewers,-0.08,,,,
2024-02-17,John Schreiber,Kansas City Royals,Boston Red Sox,0.92,,,,
2024-02-17,Blake Dickerson,Detroit Tigers,San Diego Padres,0,,,,
2024-02-18,Matt Krook,Baltimore Orioles,New York Yankees,-0.1,,,,
2024-02-20,Kaleb Ort,Baltimore Orioles,Philadelphia Phillies,0,,,,
2024-02-26,Rayne Doncon,Minnesota Twins,Los Angeles Dodgers,0,,,,
2024-02-26,Noah Miller,Los Angeles Dodgers,Minnesota Twins,0,,,,
2024-02-26,Manuel Margot,Minnesota Twins,Los Angeles Dodgers,-0.85,,,,
2024-02-27,Matthew Thompson,Chicago Cubs,Chicago White Sox,0,,,,
2024-02-27,Bailey Horn,Chicago White Sox,Chicago Cubs,0,,,,
2024-03-04,Andre Lipcius,Los Angeles Dodgers,Detroit Tigers,0,,,,
2024-03-13,Dylan Cease,San Diego Padres,Chicago White Sox,5.2,,,,
2024-03-13,Drew Thorpe,Chicago White Sox,San Diego Padres,0.1,,,,
2024-03-13,Jairo Iriarte,Chicago White Sox,San Diego Padres,0.1,,,,
2024-03-13,Samuel Zavala,Chicago White Sox,San Diego Padres,0,,,,
2024-03-13,Steven Wilson,Chicago White Sox,San Diego Padres,0.54,,,,
2024-03-16,Natanael Garabitos,Kansas City Royals,Seattle Mariners,0,,,,
2024-03-20,Chris McElvain,Toronto Blue Jays,Cincinnati Reds,0,,,,
2024-03-20,Ezequiel Ventura,Minnesota Twins,Philadelphia Phillies,0,,,,
2024-03-20,Jason Ruffcorn,Seattle Mariners,Philadelphia Phillies,0,,,,
2024-03-20,Santiago Espinal,Cincinnati Reds,Toronto Blue Jays,-1.84,,,,
2024-03-21,Joe Rock,Tampa Bay Rays,Colorado Rockies,0.13,,,,
2024-03-21,Greg Jones,Colorado Rockies,Tampa Bay Rays,0.08,,,,
2024-03-24,Zac Houston,Philadelphia Phillies,Tampa Bay Rays,0,,,,
2024-03-24,PJ Poulin,Detroit Tigers,Colorado Rockies,0,,,,
2024-03-24,Jake Cave,Colorado Rockies,Philadelphia Phillies,-0.66,,,,
2024-03-24,Austin Adams,Oakland Athletics,New York Mets,0.51,,,,
2024-03-26,T.J. McFarland,Oakland Athletics,Los Angeles Dodgers,0,,,,
2024-03-26,Niko Goodrum,Tampa Bay Rays,Minnesota Twins,-0.38,,,,
2024-03-27,Shane Sasaki,Miami Marlins,Tampa Bay Rays,0,,,,
2024-03-27,John Cruz,Miami Marlins,New York Yankees,0,,,,
2024-03-27,Ben Rortvedt,Tampa Bay Rays,New York Yankees,0.39,,,,
2024-03-27,Burch Smith,Miami Marlins,Tampa Bay Rays,0.35,,,,
2024-03-27,Jon Berti,New York Yankees,Miami Marlins,0.64,,,,
2024-03-27,Naoyuki Uwasawa,Boston Red Sox,Tampa Bay Rays,0.12,,,,
2024-03-27,Christian Koss,San Francisco Giants,Boston Red Sox,1.89,,,,
2024-03-28,Peter Strzelecki,Cleveland Guardians,Arizona Diamondbacks,0.22,,,,
2024-03-28,Zak Kent,Cleveland Guardians,Texas Rangers,0.06,,,,
2024-03-30,JT Brubaker,New York Yankees,Pittsburgh Pirates,0.19,,,,
2024-03-31,Jake Cousins,New York Yankees,Chicago White Sox,0.74,,,,
2024-03-31,Tanner Morris,Minnesota Twins,Toronto Blue Jays,0,,,,
2024-04-02,Emmanuel Rivera,Miami Marlins,Arizona Diamondbacks,-0.75,,,,
2024-04-02,Kervin Pichardo,Pittsburgh Pirates,San Diego Padres,0,,,,
2024-04-02,Nick Ramirez,Los Angeles Dodgers,New York Yankees,-0.25,,,,
2024-04-02,Jackson Wolf,San Diego Padres,Pittsburgh Pirates,0,,,,
2024-04-02,Joey Bart,Pittsburgh Pirates,San Francisco Giants,2.68,,,,
2024-04-05,Diego Castillo,Minnesota Twins,Baltimore Orioles,0,,,,
2024-04-05,Jose Rodriguez,Philadelphia Phillies,Chicago White Sox,0,,,,
2024-04-06,Benony Robles,Philadelphia Phillies,Los Angeles Dodgers,0,,,,
2024-04-06,Valente Bellozo,Miami Marlins,Houston Astros,1.82,,,,
2024-04-06,Jacob Amaya,Houston Astros,Miami Marlins,-0.03,,,,
2024-04-06,Alex Speas,Oakland Athletics,Chicago White Sox,0,,,,
2024-04-06,Connor Brogdon,Los Angeles Dodgers,Philadelphia Phillies,-0.07,,,,
2024-04-07,Connor Oliver,Pittsburgh Pirates,Kansas City Royals,0,,,,
2024-04-07,Colin Selby,Kansas City Royals,Pittsburgh Pirates,-0.06,,,,
2024-04-09,Michael Tonkin,Minnesota Twins,New York Mets,0.39,,,,
2024-04-10,Wes Parsons,Cleveland Guardians,Toronto Blue Jays,0.16,,,,
2024-04-11,Yohan Ramirez,Baltimore Orioles,New York Mets,-0.05,,,,
2024-04-11,Joe Hudson,New York Mets,Chicago Cubs,0,,,,
2024-04-16,Marco Soto,Texas Rangers,Philadelphia Phillies,0,,,,
2024-04-17,Jimmy Robbins,Texas Rangers,Toronto Blue Jays,0,,,,
2024-04-17,Pedro Avila,Cleveland Guardians,San Diego Padres,0.63,,,,
2024-04-19,Vladimir Gutierrez,Boston Red Sox,Milwaukee Brewers,0,,,,
2024-04-20,Mitch White,San Francisco Giants,Toronto Blue Jays,-0.23,,,,
2024-04-23,Sergio Alcantara,Arizona Diamondbacks,Pittsburgh Pirates,0,,,,
2024-04-27,Garrett Cooper,Boston Red Sox,Chicago Cubs,-0.9,,,,
2024-04-30,Keiner Delgado,Pittsburgh Pirates,New York Yankees,0,,,,
2024-04-30,Bailey Horn,Boston Red Sox,Chicago White Sox,-0.32,,,,
2024-05-01,Zack Short,Boston Red Sox,New York Mets,-0.17,,,,
2024-05-02,Jimmy Herget,Atlanta Braves,Los Angeles Angels,0.05,,,,
2024-05-02,Matt Bowman,Arizona Diamondbacks,Minnesota Twins,0,,,,
2024-05-04,Dillon Head,Miami Marlins,San Diego Padres,0,,,,
2024-05-04,Joel Kuhnel,Toronto Blue Jays,Houston Astros,0,,,,
2024-05-04,Woo-Suk Go,Miami Marlins,San Diego Padres,0,,,,
2024-05-04,Jakob Marsee,Miami Marlins,San Diego Padres,1.86,,,,
2024-05-04,Nathan Martorella,Miami Marlins,San Diego Padres,0,,,,
2024-05-04,Luis Arraez,San Diego Padres,Miami Marlins,2.1,,,,
2024-05-07,Tyler Gilbert,Philadelphia Phillies,Cincinnati Reds,0.11,,,,
2024-05-08,Anthony Hoopii-Tuionetoa,Chicago White Sox,Texas Rangers,0,,,,
2024-05-08,Robbie Grossman,Texas Rangers,Chicago White Sox,0.2,,,,
2024-05-09,Darren McCaughan,Cleveland Guardians,Miami Marlins,-0.2,,,,
2024-05-09,Zack Short,Atlanta Braves,Boston Red Sox,0.19,,,,
2024-05-09,Luis Guillorme,Los Angeles Angels,Atlanta Braves,0.16,,,,
2024-05-10,Rodolfo Nolasco,San Francisco Giants,Pittsburgh Pirates,0,,,,
2024-05-10,Daulton Jefferies,Pittsburgh Pirates,San Francisco Giants,-0.07,,,,
2024-05-10,Mitch White,Milwaukee Brewers,San Francisco Giants,-0.25,,,,
2024-05-14,Jake Slaughter,Seattle Mariners,Chicago Cubs,0,,,,
2024-05-14,Tyson Miller,Chicago Cubs,Seattle Mariners,1.3,,,,
2024-05-15,Luis Rodriguez,Houston Astros,Chicago White Sox,0,,,,
2024-05-15,Corey Julks,Chicago White Sox,Houston Astros,-1.03,,,,
2024-05-16,Brandon Bielak,Oakland Athletics,Houston Astros,0.12,,,,
2024-05-16,Roansy Contreras,Los Angeles Angels,Pittsburgh Pirates,0.32,,,,
2024-05-17,Anthony Banda,Los Angeles Dodgers,Cleveland Guardians,1.4,,,,
2024-05-18,Richard Lovelady,Tampa Bay Rays,Chicago Cubs,0.41,,,,
2024-05-20,Yohan Ramirez,Los Angeles Dodgers,New York Mets,-0.61,,,,
2024-05-22,Mike Baumann,Seattle Mariners,Baltimore Orioles,-0.38,,,,
2024-05-22,Michael Perez,Seattle Mariners,Baltimore Orioles,0,,,,
2024-05-23,Blake Hunt,Baltimore Orioles,Seattle Mariners,0,,,,
2024-05-25,Garrett Stallings,Milwaukee Brewers,Baltimore Orioles,0,,,,
2024-05-25,Aneuris Rodriguez,Baltimore Orioles,Milwaukee Brewers,0,,,,
2024-05-25,Pablo Reyes,New York Mets,Boston Red Sox,0,,,,
2024-05-25,Thyago Vieira,Baltimore Orioles,Milwaukee Brewers,0,,,,
2024-05-27,Jonah Dipoto,Philadelphia Phillies,Kansas City Royals,0,,,,
2024-05-30,Ryan Burr,Toronto Blue Jays,Philadelphia Phillies,0.12,,,,
2024-05-30,Shaun Anderson,Miami Marlins,Texas Rangers,-0.57,,,,
2024-05-31,Luis Torrens,New York Mets,New York Yankees,1.94,,,,
2024-06-01,Elio Campos,Atlanta Braves,Los Angeles Dodgers,0,,,,
2024-06-04,Yoyner Fajardo,Pittsburgh Pirates,Minnesota Twins,0,,,,
2024-06-04,Nick Hernandez,Houston Astros,San Diego Padres,-0.08,,,,
2024-06-07,Ruben Cardenas,Philadelphia Phillies,Tampa Bay Rays,0,,,,
2024-06-07,Buddy Kennedy,Philadelphia Phillies,Detroit Tigers,-0.16,,,,
2024-06-12,Braydon Fisher,Toronto Blue Jays,Los Angeles Dodgers,1.37,,,,
2024-06-12,Cavan Biggio,Los Angeles Dodgers,Toronto Blue Jays,-0.23,,,,
2024-06-13,Jose E. Hernandez,Los Angeles Dodgers,Pittsburgh Pirates,0,,,,
2024-06-14,Logan Porter,San Francisco Giants,Kansas City Royals,-0.01,,,,
2024-06-14,Casey Martin,Milwaukee Brewers,Philadelphia Phillies,0,,,,
2024-06-18,William Simoneit,Chicago Cubs,Philadelphia Phillies,0,,,,
2024-06-19,Ali Sanchez,Miami Marlins,Chicago Cubs,-0.63,,,,
2024-06-23,Jordan Groshans,Oakland Athletics,New York Yankees,0,,,,
2024-06-23,J.D. Davis,New York Yankees,Oakland Athletics,0,,,,
2024-06-25,Dallas Keuchel,Milwaukee Brewers,Seattle Mariners,-0.03,,,,
2024-06-30,Yerry Rodriguez,Toronto Blue Jays,Texas Rangers,-0.38,,,,
2024-06-30,Andriel Lantigua,Colorado Rockies,New York Mets,0,,,,
2024-06-30,Josh Mollerus,Texas Rangers,Toronto Blue Jays,0,,,,
2024-07-01,Jorge Mendez,Colorado Rockies,Philadelphia Phillies,0,,,,
2024-07-03,Gregory Barrios,Tampa Bay Rays,Milwaukee Brewers,0,,,,
2024-07-03,Aaron Civale,Milwaukee Brewers,Tampa Bay Rays,1.15,,,,
2024-07-05,Spencer Howard,Cleveland Guardians,San Francisco Giants,-0.36,,,,
2024-07-07,Alex Young,San Francisco Giants,Cincinnati Reds,0,,,,
2024-07-07,Matt Gage,New York Mets,Los Angeles Dodgers,0,,,,
2024-07-07,Austin Slater,Cincinnati Reds,San Francisco Giants,-0.36,,,,
2024-07-08,CJ Weins,Detroit Tigers,Boston Red Sox,0,,,,
2024-07-09,Phil Maton,New York Mets,Tampa Bay Rays,0.72,,,,
2024-07-09,Trey Wingenter,Boston Red Sox,Detroit Tigers,-0.23,,,,
2024-07-11,Colin Selby,Baltimore Orioles,Kansas City Royals,0.49,,,,
2024-07-13,Hunter Harvey,Kansas City Royals,Washington Nationals,0.5,,,,
2024-07-14,Cayden Wallace,Washington Nationals,Kansas City Royals,0,,,,
2024-07-16,Rylan Bannon,Minnesota Twins,New York Mets,0,,,,
2024-07-17,Jesus Tinoco,Chicago Cubs,Kansas City Royals,0.15,,,,
2024-07-21,TJ Shook,New York Mets,Milwaukee Brewers,0,,,,
2024-07-21,Tyler Jay,Milwaukee Brewers,New York Mets,0.09,,,,
2024-07-22,Mike Baumann,San Francisco Giants,Seattle Mariners,-0.08,,,,
2024-07-25,Randy Arozarena,Seattle Mariners,Arizona Diamondbacks,5.03,,,,
2024-07-25,Brody Hopkins,Tampa Bay Rays,Seattle Mariners,0,,,,
2024-07-25,Aidan Smith,Tampa Bay Rays,Seattle Mariners,0,,,,
2024-07-25,Andrew Pintar,Miami Marlins,Arizona Diamondbacks,0,,,,
2024-07-25,A.J. Puk,Arizona Diamondbacks,Miami Marlins,0,,,,
2024-07-25,Gilberto Celestino,Chicago Cubs,Pittsburgh Pirates,0,,,,
2024-07-26,Jonatan Clase,Toronto Blue Jays,Seattle Mariners,-0.01,,,,
2024-07-26,Mac Horvath,Tampa Bay Rays,Baltimore Orioles,0,,,,
2024-07-26,Matthew Etzel,Tampa Bay Rays,Baltimore Orioles,0,,,,
2024-07-26,Moises Bolivar,Los Angeles Dodgers,Boston Red Sox,0,,,,
2024-07-26,Rhylan Thomas,Seattle Mariners,New York Mets,0.02,,,,
2024-07-26,Jacob Sharp,Toronto Blue Jays,Seattle Mariners,0,,,,
2024-07-26,Jackson Baumeister,Tampa Bay Rays,Baltimore Orioles,0,,,,
2024-07-26,Yimi Garcia,Seattle Mariners,Toronto Blue Jays,-0.22,,,,
2024-07-26,James Paxton,Boston Red Sox,Los Angeles Dodgers,-0.1,,,,
2024-07-26,Zach Eflin,Baltimore Orioles,Tampa Bay Rays,1.41,,,,
2024-07-26,Seranthony Dominguez,Baltimore Orioles,Philadelphia Phillies,0.71,,,,
2024-07-26,Austin Hays,Philadelphia Phillies,Baltimore Orioles,-0.32,,,,
2024-07-26,Cristian Pache,Baltimore Orioles,Philadelphia Phillies,0.05,,,,
2024-07-26,Cole Sulser,Tampa Bay Rays,New York Mets,1.24,,,,
2024-07-26,Ryne Stanek,New York Mets,Seattle Mariners,-1.2,,,,
2024-07-27,Yujanyer Herrera,Colorado Rockies,Milwaukee Brewers,0,,,,
2024-07-27,Gilberto Batista,Toronto Blue Jays,Boston Red Sox,0,,,,
2024-07-27,Abrahan Ramirez,Miami Marlins,New York Yankees,0,,,,
2024-07-27,Sam Aldegheri,Los Angeles Angels,Philadelphia Phillies,-0.82,,,,
2024-07-27,Eddinson Paulino,Toronto Blue Jays,Boston Red Sox,0,,,,
2024-07-27,Yohendrick Pinango,Toronto Blue Jays,Chicago Cubs,0,,,,
2024-07-27,Josh Rivera,Toronto Blue Jays,Chicago Cubs,0,,,,
2024-07-27,Bradley Blalock,Colorado Rockies,Milwaukee Brewers,-1.84,,,,
2024-07-27,Cutter Coffey,Toronto Blue Jays,Boston Red Sox,0,,,,
2024-07-27,George Klassen,Los Angeles Angels,Philadelphia Phillies,0,,,,
2024-07-27,Agustin Ramirez,Miami Marlins,New York Yankees,-0.37,,,,
2024-07-27,Jared Serna,Miami Marlins,New York Yankees,0,,,,
2024-07-27,Danny Jansen,Boston Red Sox,Toronto Blue Jays,0.06,,,,
2024-07-27,Nate Pearson,Chicago Cubs,Toronto Blue Jays,-0.03,,,,
2024-07-27,Nick Mears,Milwaukee Brewers,Colorado Rockies,0.13,,,,
2024-07-27,Carlos Estevez,Philadelphia Phillies,Los Angeles Angels,0.55,,,,
2024-07-27,Jazz Chisholm,New York Yankees,Miami Marlins,5.67,,,,
2024-07-28,Homer Bush,Tampa Bay Rays,San Diego Padres,0,,,,
2024-07-28,Tyler Stuart,Washington Nationals,New York Mets,0,,,,
2024-07-28,J.D. Gonzalez,Tampa Bay Rays,San Diego Padres,0,,,,
2024-07-28,Liam Hicks,Detroit Tigers,Texas Rangers,0,,,,
2024-07-28,Tyler Owens,Detroit Tigers,Texas Rangers,0.03,,,,
2024-07-28,Dylan Lesko,Tampa Bay Rays,San Diego Padres,0,,,,
2024-07-28,Ty Johnson,Tampa Bay Rays,Chicago Cubs,0,,,,
2024-07-28,Carson Kelly,Texas Rangers,Detroit Tigers,-0.21,,,,
2024-07-28,Jesse Winker,New York Mets,Washington Nationals,0.11,,,,
2024-07-28,Christopher Morel,Tampa Bay Rays,Chicago Cubs,-1.11,,,,
2024-07-28,Hunter Bigge,Tampa Bay Rays,Chicago Cubs,0.63,,,,
2024-07-28,Isaac Paredes,Chicago Cubs,Tampa Bay Rays,0.38,,,,
2024-07-28,Jason Adam,San Diego Padres,Tampa Bay Rays,3.75,,,,
2024-07-29,Justin Turner,Seattle Mariners,Toronto Blue Jays,1.15,,,,
2024-07-29,RJ Schreck,Toronto Blue Jays,Seattle Mariners,0,,,,
2024-07-29,Michael Lorenzen,Kansas City Royals,Texas Rangers,1.54,,,,
2024-07-29,Tyler Matzek,San Francisco Giants,Atlanta Braves,0,,,,
2024-07-29,Sabin Ceballos,San Francisco Giants,Atlanta Braves,0,,,,
2024-07-29,Jorge Soler,Atlanta Braves,San Francisco Giants,0.09,,,,
2024-07-29,Luke Jackson,Atlanta Braves,San Francisco Giants,-0.1,,,,
2024-07-29,Michael Flynn,Detroit Tigers,Los Angeles Dodgers,0,,,,
2024-07-29,Amed Rosario,Los Angeles Dodgers,Tampa Bay Rays,0.05,,,,
2024-07-29,Ty France,Cincinnati Reds,Seattle Mariners,-0.4,,,,
2024-07-29,Lane Thomas,Cleveland Guardians,Washington Nationals,-0.81,,,,
2024-07-29,Jose Tena,Washington Nationals,Cleveland Guardians,0.57,,,,
2024-07-29,Yusei Kikuchi,Houston Astros,Toronto Blue Jays,1.32,,,,
2024-07-29,Jake Bloss,Toronto Blue Jays,Houston Astros,0,,,,
2024-07-29,Joey Loperfido,Toronto Blue Jays,Houston Astros,0.77,,,,
2024-07-29,Will Wagner,Toronto Blue Jays,Houston Astros,0.25,,,,
2024-07-29,Rafael Ramirez Jr.,Washington Nationals,Cleveland Guardians,0,,,,
2024-07-29,Quinn Priester,Boston Red Sox,Pittsburgh Pirates,0.19,,,,
2024-07-29,Nick Yorke,Pittsburgh Pirates,Boston Red Sox,0.07,,,,
2024-07-29,Oliver Gonzalez,Los Angeles Dodgers,St. Louis Cardinals,0,,,,
2024-07-29,Alex Clemmey,Washington Nationals,Cleveland Guardians,0,,,,
2024-07-29,Andruw Salcedo,Seattle Mariners,Cincinnati Reds,0,,,,
2024-07-29,Ricky Vanasco,Detroit Tigers,Los Angeles Dodgers,0.1,,,,
2024-07-29,Walter Pennington,Texas Rangers,Kansas City Royals,0.18,,,,
2024-07-30,Jalen Beeks,Pittsburgh Pirates,Colorado Rockies,-0.12,,,,
2024-07-30,Luis Peralta,Colorado Rockies,Pittsburgh Pirates,0.05,,,,
2024-07-30,Thomas Balboni,New York Yankees,San Diego Padres,0,,,,
2024-07-30,Ryan Zeferjahn,Los Angeles Angels,Boston Red Sox,1.07,,,,
2024-07-30,Matthew Lugo,Los Angeles Angels,Boston Red Sox,-0.48,,,,
2024-07-30,Ronaldys Jimenez,Pittsburgh Pirates,San Diego Padres,0,,,,
2024-07-30,Trey Sweeney,Detroit Tigers,Los Angeles Dodgers,-0.11,,,,
2024-07-30,Joseph Montalvo,Detroit Tigers,Texas Rangers,0,,,,
2024-07-30,Ovis Portes,Cincinnati Reds,Boston Red Sox,0,,,,
2024-07-30,Jack Neely,Chicago Cubs,New York Yankees,-0.17,,,,
2024-07-30,Eric Silva,Detroit Tigers,San Francisco Giants,0,,,,
2024-07-30,Patrick Reilly,Baltimore Orioles,Pittsburgh Pirates,0,,,,
2024-07-30,Paul Gervase,Tampa Bay Rays,New York Mets,0.02,,,,
2024-07-30,Garret Forrester,Miami Marlins,Pittsburgh Pirates,0,,,,
2024-07-30,Andres Chaparro,Washington Nationals,Arizona Diamondbacks,-0.43,,,,
2024-07-30,William Bergolla,Chicago White Sox,Philadelphia Phillies,0,,,,
2024-07-30,Brandon Lockridge,San Diego Padres,New York Yankees,-0.24,,,,
2024-07-30,Jacob Bresnahan,San Francisco Giants,Miami Marlins,0,,,,
2024-07-30,Trey McGough,Chicago White Sox,Baltimore Orioles,0,,,,
2024-07-30,Niko Kavadas,Los Angeles Angels,Boston Red Sox,-0.56,,,,
2024-07-30,Wilfredo Lara,Miami Marlins,New York Mets,0,,,,
2024-07-30,Kelly Austin,New York Yankees,Houston Astros,0,,,,
2024-07-30,Kade Morris,Oakland Athletics,New York Mets,0,,,,
2024-07-30,Jay Harry,Toronto Blue Jays,Minnesota Twins,0,,,,
2024-07-30,Seth Johnson,Philadelphia Phillies,Baltimore Orioles,-0.4,,,,
2024-07-30,Charles McAdoo,Toronto Blue Jays,Pittsburgh Pirates,0,,,,
2024-07-30,Davis Wendzel,Cincinnati Reds,Texas Rangers,0,,,,
2024-07-30,Robby Snelling,Miami Marlins,San Diego Padres,0,,,,
2024-07-30,Chase Lee,Detroit Tigers,Texas Rangers,0.16,,,,
2024-07-30,Moises Chace,Philadelphia Phillies,Baltimore Orioles,0,,,,
2024-07-30,Josh Walker,Pittsburgh Pirates,New York Mets,0,,,,
2024-07-30,Jun-Seok Shim,Miami Marlins,Pittsburgh Pirates,0,,,,
2024-07-30,Mason Barnett,Oakland Athletics,Kansas City Royals,0,,,,
2024-07-30,Billy Cook,Pittsburgh Pirates,Baltimore Orioles,0.63,,,,
2024-07-30,Thayron Liranzo,Detroit Tigers,Los Angeles Dodgers,0,,,,
2024-07-30,Jarold Rosado,Chicago White Sox,Kansas City Royals,0,,,,
2024-07-30,Jared Dickey,Oakland Athletics,Kansas City Royals,0,,,,
2024-07-30,Ben Cowles,Chicago Cubs,New York Yankees,0,,,,
2024-07-30,Yeferson Vargas,Los Angeles Angels,Boston Red Sox,0,,,,
2024-07-30,Joey Wiemer,Cincinnati Reds,Milwaukee Brewers,0.03,,,,
2024-07-30,Ryan Yarbrough,Toronto Blue Jays,Los Angeles Dodgers,0.86,,,,
2024-07-30,Kevin Kiermaier,Los Angeles Dodgers,Toronto Blue Jays,0.14,,,,
2024-07-30,Trevor Richards,Minnesota Twins,Toronto Blue Jays,0.1,,,,
2024-07-30,Josh Bell,Arizona Diamondbacks,Miami Marlins,0.28,,,,
2024-07-30,Dylan Floro,Arizona Diamondbacks,Washington Nationals,-0.78,,,,
2024-07-30,Mark Canha,San Francisco Giants,Detroit Tigers,-0.02,,,,
2024-07-30,Mark Leiter,New York Yankees,Chicago Cubs,-0.67,,,,
2024-07-30,Tanner Scott,San Diego Padres,Miami Marlins,0.65,,,,
2024-07-30,Bryan Hoeing,San Diego Padres,Miami Marlins,0.96,,,,
2024-07-30,Martin Perez,San Diego Padres,Pittsburgh Pirates,1.03,,,,
2024-07-30,Austin Slater,Baltimore Orioles,Cincinnati Reds,0.47,,,,
2024-07-30,Livan Soto,Baltimore Orioles,Cincinnati Reds,0.18,,,,
2024-07-30,Dylan Carlson,Tampa Bay Rays,St. Louis Cardinals,-0.26,,,,
2024-07-30,Shawn Armstrong,St. Louis Cardinals,Tampa Bay Rays,0.24,,,,
2024-07-30,Paul Blackburn,New York Mets,Oakland Athletics,-0.7,,,,
2024-07-30,Isiah Kiner-Falefa,Pittsburgh Pirates,Toronto Blue Jays,2.03,,,,
2024-07-30,Lucas Sims,Boston Red Sox,Cincinnati Reds,-0.31,,,,
2024-07-30,Trevor Rogers,Baltimore Orioles,Miami Marlins,5.07,,,,
2024-07-30,Connor Norby,Miami Marlins,Baltimore Orioles,0.89,,,,
2024-07-30,Kyle Stowers,Miami Marlins,Baltimore Orioles,2.9,,,,
2024-07-30,Huascar Brazoban,New York Mets,Miami Marlins,0.44,,,,
2024-07-30,Lucas Erceg,Kansas City Royals,Oakland Athletics,2.28,,,,
2024-07-30,Will Klein,Oakland Athletics,Kansas City Royals,-0.29,,,,
2024-07-30,Caleb Ferguson,Houston Astros,New York Yankees,0.17,,,,
2024-07-30,Paul DeJong,Kansas City Royals,Chicago White Sox,0.66,,,,
2024-07-30,Bryan De La Cruz,Pittsburgh Pirates,Miami Marlins,-1.2,,,,
2024-07-30,Nicolas Carreno,New York Mets,Pittsburgh Pirates,0,,,,
2024-07-30,Luis Garcia,Boston Red Sox,Los Angeles Angels,-0.62,,,,
2024-07-30,Enyel De Los Santos,New York Yankees,San Diego Padres,-0.59,,,,
2024-07-30,Jack Flaherty,Los Angeles Dodgers,Detroit Tigers,0.69,,,,
2024-07-30,Gregory Soto,Baltimore Orioles,Philadelphia Phillies,0.24,,,,
2024-07-30,Andrew Chafin,Texas Rangers,Detroit Tigers,-0.01,,,,
2024-07-30,Alex Cobb,Cleveland Guardians,San Francisco Giants,0.25,,,,
2024-07-30,Will Schomberg,Miami Marlins,Seattle Mariners,0,,,,
2024-07-30,Tanner Banks,Philadelphia Phillies,Chicago White Sox,1.85,,,,
2024-07-30,Frankie Montas,Milwaukee Brewers,Cincinnati Reds,0.01,,,,
2024-07-30,Jakob Junis,Cincinnati Reds,Milwaukee Brewers,1.22,,,,
2024-07-30,Mike Baumann,Los Angeles Angels,San Francisco Giants,-0.22,,,,
2024-07-30,Eloy Jimenez,Baltimore Orioles,Chicago White Sox,-0.21,,,,
2024-07-30,Tyler Zuber,New York Mets,Tampa Bay Rays,-0.04,,,,
2024-07-30,Miguel Vargas,Chicago White Sox,Los Angeles Dodgers,0.91,,,,
2024-07-30,Alexander Albertus,Chicago White Sox,Los Angeles Dodgers,0,,,,
2024-07-30,Jeral Perez,Chicago White Sox,Los Angeles Dodgers,0,,,,
2024-07-30,Michael Kopech,Los Angeles Dodgers,Chicago White Sox,1.27,,,,
2024-07-30,Erick Fedde,St. Louis Cardinals,Chicago White Sox,0.9,,,,
2024-07-30,Tommy Pham,St. Louis Cardinals,Chicago White Sox,-0.41,,,,
2024-07-30,Tommy Edman,Los Angeles Dodgers,St. Louis Cardinals,2.04,,,,
2024-07-30,Graham Pauley,Miami Marlins,San Diego Padres,0.7,,,,
2024-07-30,Adam Mazur,Miami Marlins,San Diego Padres,-0.23,,,,
2024-08-01,Troy Watson,Detroit Tigers,Toronto Blue Jays,0,,,,
2024-08-02,Kevin Padlo,Chicago Cubs,Kansas City Royals,0,,,,
2024-08-06,Nelson L. Alvarez,Philadelphia Phillies,Tampa Bay Rays,0,,,,
2024-08-07,Tommy Nance,Toronto Blue Jays,San Diego Padres,0.43,,,,
2024-08-08,Cam Eden,New York Yankees,Toronto Blue Jays,0,,,,
2024-08-09,Ryan Watson,San Francisco Giants,Baltimore Orioles,0,,,,
2024-08-26,Nate Furman,San Francisco Giants,Cleveland Guardians,0,,,,
2024-08-27,David Buchanan,Cincinnati Reds,Philadelphia Phillies,0.1,,,,
2024-08-31,Yuli Gurriel,Kansas City Royals,Atlanta Braves,0.14,,,,
2024-09-07,Cavan Biggio,Atlanta Braves,San Francisco Giants,-0.15,,,,
2024-09-08,Eddy Alvarez,New York Mets,Boston Red Sox,0.08,,,,
2024-10-31,Jorge Soler,Los Angeles Angels,Atlanta Braves,-0.46,,,,
2024-10-31,Griffin Canning,Atlanta Braves,Los Angeles Angels,0,,,,
2024-10-31,Daz Cameron,Baltimore Orioles,Oakland Athletics,0,,,,
2024-11-02,Scott Kingery,Los Angeles Angels,Philadelphia Phillies,-0.71,,,,
2024-11-05,Devin Sweet,Philadelphia Phillies,Detroit Tigers,0,,,,
2024-11-05,Taylor Trammell,Houston Astros,New York Yankees,-0.16,,,,
2024-11-11,Jared Johnson,Oakland Athletics,Atlanta Braves,0,,,,
2024-11-11,Nick Allen,Atlanta Braves,Oakland Athletics,0.62,,,,
2024-11-19,Austin Shenton,Seattle Mariners,Tampa Bay Rays,0,,,,
2024-11-19,Jose Siri,New York Mets,Tampa Bay Rays,-0.47,,,,
2024-11-19,Eric Orze,Tampa Bay Rays,New York Mets,0.61,,,,
2024-11-20,Alfonsin Rosario,Cleveland Guardians,Chicago Cubs,0,,,,
2024-11-20,Matt Thaiss,Chicago Cubs,Los Angeles Angels,0,,,,
2024-11-20,Eli Morgan,Chicago Cubs,Cleveland Guardians,-0.43,,,,
2024-11-23,Brady Singer,Cincinnati Reds,Kansas City Royals,3.09,,,,
2024-11-23,Jonathan India,Kansas City Royals,Cincinnati Reds,0.36,,,,
2024-11-23,Joey Wiemer,Kansas City Royals,Cincinnati Reds,0,,,,
2024-12-06,Sean Harney,New York Mets,Tampa Bay Rays,0,,,,
2024-12-11,Josh Hartle,Cleveland Guardians,Pittsburgh Pirates,0,,,,
2024-12-11,Nick Mitchell,Cleveland Guardians,Toronto Blue Jays,0,,,,
2024-12-11,Andres Gimenez,Toronto Blue Jays,Cleveland Guardians,1.1,,,,
2024-12-11,Spencer Horwitz,Cleveland Guardians,Toronto Blue Jays,0,,,,
2024-12-11,Luis Ortiz,Cleveland Guardians,Pittsburgh Pirates,0.59,,,,
2024-12-11,Michael Kennedy,Cleveland Guardians,Pittsburgh Pirates,0,,,,
2024-12-11,Braden Montgomery,Chicago White Sox,Boston Red Sox,0,,,,
2024-12-11,Elmer Rodriguez-Cruz,New York Yankees,Boston Red Sox,0,,,,
2024-12-11,Kyle Teel,Chicago White Sox,Boston Red Sox,1.94,,,,
2024-12-11,Chase Meidroth,Chicago White Sox,Boston Red Sox,1.28,,,,
2024-12-11,Echedry Vargas,Miami Marlins,Texas Rangers,0,,,,
2024-12-11,Brayan Mendoza,Miami Marlins,Texas Rangers,0,,,,
2024-12-11,Carlos Narvaez,Boston Red Sox,New York Yankees,2.63,,,,
2024-12-11,Maximo Acosta,Miami Marlins,Texas Rangers,-0.04,,,,
2024-12-11,Jake Burger,Texas Rangers,Miami Marlins,0.86,,,,
2024-12-11,Wikelman Gonzalez,Chicago White Sox,Boston Red Sox,0.2,,,,
2024-12-11,Garrett Crochet,Boston Red Sox,Chicago White Sox,6.32,,,,
2024-12-12,Spencer Horwitz,Pittsburgh Pirates,Cleveland Guardians,1.57,,,,
2024-12-12,Mike Vasil,Tampa Bay Rays,Philadelphia Phillies,0,,,,
2024-12-12,Joe Boyle,Tampa Bay Rays,Oakland Athletics,-0.23,,,,
2024-12-12,Jacob Lopez,Oakland Athletics,Tampa Bay Rays,0,,,,
2024-12-12,Jeffrey Springs,Oakland Athletics,Tampa Bay Rays,0,,,,
2024-12-13,Nestor Cortes,Milwaukee Brewers,New York Yankees,-0.31,,,,
2024-12-13,Caleb Durbin,Milwaukee Brewers,New York Yankees,2.76,,,,
2024-12-13,Devin Williams,New York Yankees,Milwaukee Brewers,-0.27,,,,
2024-12-13,Isaac Paredes,Houston Astros,Chicago Cubs,2.33,,,,
2024-12-13,Kyle Tucker,Chicago Cubs,Houston Astros,4.55,,,,
2024-12-13,Hayden Wesneski,Houston Astros,Chicago Cubs,0.32,,,,
2024-12-14,Cam Smith,Houston Astros,Chicago Cubs,1.87,,,,
2024-12-14,Jacob Watters,Tampa Bay Rays,Oakland Athletics,0,,,,
2024-12-14,Will Simpson,Tampa Bay Rays,Oakland Athletics,0,,,,
2024-12-15,Enmanuel Valdez,Pittsburgh Pirates,Boston Red Sox,0.13,,,,
2024-12-15,Joe Vogatsky,Boston Red Sox,Pittsburgh Pirates,0,,,,
2024-12-18,Chuckie Robinson,Los Angeles Angels,Chicago White Sox,0,,,,
2024-12-18,Cody Bellinger,New York Yankees,Chicago Cubs,5.05,,,,
2024-12-18,Cody Poteet,Chicago Cubs,New York Yankees,0,,,,
2024-12-18,Matt Thaiss,Chicago White Sox,Chicago Cubs,1.06,,,,
2024-12-20,Mitch Farris,Los Angeles Angels,Atlanta Braves,-0.37,,,,
2024-12-20,Fernando Cruz,New York Yankees,Cincinnati Reds,0.32,,,,
2024-12-20,Jose Trevino,Cincinnati Reds,New York Yankees,-0.14,,,,
2024-12-20,Alex Jackson,New York Yankees,Cincinnati Reds,0,,,,
2024-12-21,Yhoiker Fajardo,Boston Red Sox,Chicago White Sox,0,,,,
2024-12-21,Cam Booser,Chicago White Sox,Boston Red Sox,-0.5,,,,
2024-12-22,Starlyn Caba,Miami Marlins,Philadelphia Phillies,0,,,,
2024-12-22,Emaarion Boyd,Miami Marlins,Philadelphia Phillies,0,,,,
2024-12-22,Paul McIntosh,Philadelphia Phillies,Miami Marlins,0,,,,
2024-12-22,Jesus Luzardo,Philadelphia Phillies,Miami Marlins,3.88,,,,
2024-12-22,Robert Garcia,Texas Rangers,Washington Nationals,0.44,,,,
2024-12-22,Nathaniel Lowe,Washington Nationals,Texas Rangers,-0.28,,,,
2024-12-22,Josh Naylor,Arizona Diamondbacks,Cleveland Guardians,0.84,,,,
2024-12-22,Slade Cecconi,Cleveland Guardians,Arizona Diamondbacks,0.84,,,,
2024-12-24,Jovani Moran,Boston Red Sox,Minnesota Twins,-0.07,,,,
2024-12-29,Vidal Brujan,Chicago Cubs,Miami Marlins,-0.39,,,,
2024-12-29,Matt Mervis,Miami Marlins,Chicago Cubs,-0.73,,,,
2025-01-01,Aaron Combs,Philadelphia Phillies,Chicago White Sox,0,,,,
2025-01-01,Tyler Gilbert,Chicago White Sox,Philadelphia Phillies,0.54,,,,
2025-01-02,Mason Molina,Texas Rangers,Milwaukee Brewers,0,,,,
2025-01-02,Grant Anderson,Milwaukee Brewers,Texas Rangers,0.25,,,,
2025-01-07,Mike Sirota,Los Angeles Dodgers,Cincinnati Reds,0,,,,
2025-01-07,Gavin Lux,Cincinnati Reds,Chicago White Sox,-0.21,,,,
2025-01-07,Owen White,Cincinnati Reds,Texas Rangers,0,,,,
2025-01-08,Matthew Linskey,Houston Astros,Arizona Diamondbacks,0,,,,
2025-01-09,Jose Vasquez,Los Angeles Dodgers,Minnesota Twins,0,,,,
2025-01-09,Diego Cartaya,Minnesota Twins,Los Angeles Dodgers,0,,,,
2025-01-09,Matt Festa,Chicago Cubs,Texas Rangers,0,,,,
2025-01-15,William Kempner,Miami Marlins,San Francisco Giants,0,,,,
2025-01-15,Blake Hunt,Seattle Mariners,Baltimore Orioles,0,,,,
2025-01-15,Brett de Geus,Pittsburgh Pirates,Toronto Blue Jays,0,,,,
2025-01-15,Michael Arias,New York Yankees,Chicago Cubs,0,,,,
2025-01-17,Myles Straw,Toronto Blue Jays,Cleveland Guardians,2.85,,,,
2025-01-17,Arnaldo Lantigua,Cincinnati Reds,Los Angeles Dodgers,0,,,,
2025-01-21,Will Klein,Seattle Mariners,Oakland Athletics,0,,,,
2025-01-23,Brandon Eisert,Tampa Bay Rays,Toronto Blue Jays,0,,,,
2025-01-24,Ron Marinaccio,San Diego Padres,Chicago White Sox,0.33,,,,
2025-01-28,Juan Bello,Houston Astros,Chicago Cubs,0,,,,
2025-01-28,Ryan Pressly,Chicago Cubs,Houston Astros,-0.63,,,,
2025-01-29,Braxton Roxby,San Francisco Giants,Cincinnati Reds,0,,,,
2025-01-29,Taylor Rogers,Cincinnati Reds,San Francisco Giants,0.52,,,,
2025-01-30,Jhonny Pereda,Oakland Athletics,Miami Marlins,0,,,,
2025-01-31,Luis Vazquez,Baltimore Orioles,Chicago Cubs,-0.31,,,,
2025-02-03,Alex Faedo,Tampa Bay Rays,Detroit Tigers,0,,,,
2025-02-03,Enderson Delgado,Detroit Tigers,Tampa Bay Rays,0,,,,
2025-02-03,Casey Legumina,Seattle Mariners,Cincinnati Reds,-0.94,,,,
2025-02-04,Ryan Brasier,Chicago Cubs,Los Angeles Dodgers,-0.19,,,,
2025-02-05,Josh Hejka,Philadelphia Phillies,New York Mets,0,,,,
2025-02-06,Osleivis Basabe,San Francisco Giants,Tampa Bay Rays,0,,,,
2025-02-06,Michael Helman,St. Louis Cardinals,Minnesota Twins,0,,,,
2025-02-13,Mason Englert,Tampa Bay Rays,Detroit Tigers,0.26,,,,
2025-02-25,Alexander Canario,New York Mets,Chicago Cubs,0,,,,
2025-03-14,Bailey Horn,Detroit Tigers,St. Louis Cardinals,0.36,,,,
2025-03-17,Angel Perdomo,Los Angeles Angels,Atlanta Braves,0,,,,
2025-03-20,Blake Sabol,Boston Red Sox,San Francisco Giants,-0.19,,,,
2025-03-21,Nathan Wiles,Atlanta Braves,Tampa Bay Rays,-0.11,,,,
2025-03-22,Nolan Jones,Cleveland Guardians,Colorado Rockies,-1.08,,,,
2025-03-22,Tyler Freeman,Colorado Rockies,Cleveland Guardians,-1.27,,,,
2025-03-22,Michael Hobbs,Seattle Mariners,New York Mets,0,,,,
2025-03-22,Mark Canha,Kansas City Royals,Milwaukee Brewers,-1.01,,,,
2025-03-23,Troy Schreffler,New York Mets,Philadelphia Phillies,0,,,,
2025-03-23,Ian Anderson,Los Angeles Angels,Atlanta Braves,-0.59,,,,
2025-03-23,Jose Suarez,Atlanta Braves,Los Angeles Angels,0.6,,,,
2025-03-24,Shawndrick Oduber,Los Angeles Dodgers,Kansas City Royals,0,,,,
2025-03-25,Haden Erbe,Detroit Tigers,Tampa Bay Rays,0,,,,
2025-03-25,Sean Harney,St. Louis Cardinals,New York Mets,0,,,,
2025-03-27,Noah Davis,Los Angeles Dodgers,Boston Red Sox,-0.81,,,,
2025-03-28,Brewer Hicklen,Detroit Tigers,Milwaukee Brewers,0.13,,,,
2025-03-29,Cody Poteet,Baltimore Orioles,Chicago Cubs,-0.17,,,,
2025-03-31,Jake Eder,Los Angeles Angels,Chicago White Sox,0.1,,,,
2025-04-01,Edinson Batista,Toronto Blue Jays,Houston Astros,0,,,,
2025-04-01,Nick Robertson,Houston Astros,Toronto Blue Jays,0,,,,
2025-04-01,Stuart Fairchild,Oakland Athletics,Cincinnati Reds,0,,,,
2025-04-01,Alexander Canario,Pittsburgh Pirates,New York Mets,0.49,,,,
2025-04-02,Michael Petersen,Atlanta Braves,Los Angeles Angels,0.04,,,,
2025-04-02,Carlos Duran,Oakland Athletics,Los Angeles Dodgers,0,,,,
2025-04-02,Esteury Ruiz,Los Angeles Dodgers,Oakland Athletics,-0.16,,,,
2025-04-03,Jason Delay,Atlanta Braves,Pittsburgh Pirates,0,,,,
2025-04-05,Nick Gordon,Kansas City Royals,Baltimore Orioles,0,,,,
2025-04-07,Yophery Rodriguez,Boston Red Sox,Milwaukee Brewers,0,,,,
2025-04-07,Daz Cameron,Milwaukee Brewers,Baltimore Orioles,-0.46,,,,
2025-04-07,Quinn Priester,Milwaukee Brewers,Boston Red Sox,2.89,,,,
2025-04-08,Grant Wolfram,Baltimore Orioles,Milwaukee Brewers,-0.38,,,,
2025-04-08,Cody Bolton,Cleveland Guardians,Seattle Mariners,-0.1,,,,
2025-04-08,Rafael Montero,Atlanta Braves,Houston Astros,-0.39,,,,
2025-04-10,Tom Cosgrove,Chicago Cubs,San Diego Padres,0.06,,,,
2025-04-11,Patrick Halligan,Houston Astros,Atlanta Braves,0,,,,
2025-04-17,Bryce Johnson,San Diego Padres,Pittsburgh Pirates,0.63,,,,
2025-04-17,Brett Sullivan,Pittsburgh Pirates,San Diego Padres,0.01,,,,
2025-04-19,Jonah Bride,Minnesota Twins,Miami Marlins,-0.5,,,,
2025-04-20,Scott Blewett,Atlanta Braves,Baltimore Orioles,-0.01,,,,
2025-04-21,Drew Pomeranz,Chicago Cubs,Seattle Mariners,0.92,,,,
2025-04-21,Cesar Espinal,Milwaukee Brewers,Kansas City Royals,0,,,,
2025-04-23,Rowdey Jordan,Houston Astros,New York Mets,0,,,,
2025-04-26,Alan Trejo,Colorado Rockies,Texas Rangers,-0.4,,,,
2025-04-26,Travis Jankowski,Tampa Bay Rays,Chicago White Sox,-0.04,,,,
2025-04-26,Gage Workman,Chicago White Sox,Chicago Cubs,-0.14,,,,
2025-04-26,Kody Clemens,Minnesota Twins,Philadelphia Phillies,1.09,,,,
2025-04-27,Edrick Felix,Toronto Blue Jays,Chicago White Sox,0,,,,
2025-04-30,Matt Festa,Cleveland Guardians,Texas Rangers,-0.16,,,,
2025-04-30,Enrique Segura,Texas Rangers,Philadelphia Phillies,0,,,,
2025-05-01,Ryan Loutos,Los Angeles Dodgers,St. Louis Cardinals,-0.19,,,,
2025-05-01,Daniel Robert,Philadelphia Phillies,Texas Rangers,0.04,,,,
2025-05-05,John Holobetz,Boston Red Sox,Milwaukee Brewers,0,,,,
2025-05-05,Evan McKendry,Chicago White Sox,Milwaukee Brewers,0,,,,
2025-05-08,Luis F. Castillo,Baltimore Orioles,Seattle Mariners,0,,,,
2025-05-09,Andrew Moore,San Diego Padres,Cincinnati Reds,0,,,,
2025-05-09,Connor Joe,Cincinnati Reds,San Diego Padres,-0.49,,,,
2025-05-12,Steward Berroa,Los Angeles Dodgers,Toronto Blue Jays,0,,,,
2025-05-15,Miguel Castro,Chicago White Sox,Houston Astros,-0.1,,,,
2025-05-15,Jose Castillo,New York Mets,Arizona Diamondbacks,0.27,,,,
2025-05-16,Rob Zastryzny,Milwaukee Brewers,New York Yankees,0.49,,,,
2025-05-22,Ryan Noda,Boston Red Sox,Los Angeles Angels,0,,,,
2025-05-23,Diego Castillo,Kansas City Royals,New York Mets,0,,,,
2025-05-24,Jonathan Ornelas,Atlanta Braves,Texas Rangers,0.09,,,,
2025-05-27,Dru Baker,Chicago White Sox,Tampa Bay Rays,0,,,,
2025-05-27,Matt Thaiss,Tampa Bay Rays,Chicago White Sox,0.09,,,,
2025-05-27,Sean Newcomb,Oakland Athletics,Boston Red Sox,0,,,,
2025-05-29,Mike Villani,Cincinnati Reds,Los Angeles Dodgers,0,,,,
2025-05-29,Josh Walker,Philadelphia Phillies,Toronto Blue Jays,0,,,,
2025-05-29,Alexis Diaz,Los Angeles Dodgers,Cincinnati Reds,-0.09,,,,
2025-06-02,Joe Jacques,Seattle Mariners,Los Angeles Dodgers,0,,,,
2025-06-03,Will Klein,Los Angeles Dodgers,Seattle Mariners,0.17,,,,
2025-06-06,Scott Blewett,Baltimore Orioles,Atlanta Braves,-0.31,,,,
2025-06-07,Justin Garza,New York Mets,San Francisco Giants,-0.03,,,,
2025-06-08,LaMonte Wade,Los Angeles Angels,San Francisco Giants,-0.54,,,,
2025-06-09,Austin Wynns,Oakland Athletics,Cincinnati Reds,0,,,,
2025-06-11,Jorge Alcala,Boston Red Sox,Minnesota Twins,-0.18,,,,
2025-06-12,Andy Lugo,Minnesota Twins,Boston Red Sox,0,,,,
2025-06-13,Andrew Vaughn,Milwaukee Brewers,Chicago White Sox,1.34,,,,
2025-06-13,Aaron Civale,Chicago White Sox,Milwaukee Brewers,-0.24,,,,
2025-06-13,Forrest Whitley,Tampa Bay Rays,Houston Astros,-0.45,,,,
2025-06-14,Nick Dunn,Philadelphia Phillies,Seattle Mariners,0,,,,
2025-06-14,Brian Van Belle,Cincinnati Reds,Boston Red Sox,0,,,,
2025-06-15,Jose Bello,Boston Red Sox,San Francisco Giants,0,,,,
2025-06-15,James Tibbs,Boston Red Sox,San Francisco Giants,0,,,,
2025-06-15,Rafael Devers,San Francisco Giants,Boston Red Sox,1.87,,,,
2025-06-15,Jordan Hicks,Boston Red Sox,San Francisco Giants,-1.07,,,,
2025-06-15,Kyle Harrison,Boston Red Sox,San Francisco Giants,0.28,,,,
2025-06-18,Nolan Hoffman,Philadelphia Phillies,Texas Rangers,-0.1,,,,
2025-06-19,Wes Clarke,Houston Astros,Milwaukee Brewers,0,,,,
2025-06-21,Zach Penrod,Los Angeles Dodgers,Boston Red Sox,0,,,,
2025-06-24,Colby Martin,Miami Marlins,Toronto Blue Jays,0,,,,
2025-06-25,Robinson Pina,Toronto Blue Jays,Miami Marlins,-0.11,,,,
2025-06-27,Nick Biddison,Philadelphia Phillies,Los Angeles Dodgers,0,,,,
2025-07-01,Titus Dumitru,Pittsburgh Pirates,Atlanta Braves,0,,,,
2025-07-01,Donovan Walton,Philadelphia Phillies,New York Mets,-0.14,,,,
2025-07-01,Hunter Stratton,Atlanta Braves,Pittsburgh Pirates,0.38,,,,
2025-07-06,Alex Jackson,Baltimore Orioles,New York Yankees,0.64,,,,
2025-07-09,Steward Berroa,Milwaukee Brewers,Los Angeles Dodgers,0.24,,,,
2025-07-10,Will Robertson,Chicago White Sox,Toronto Blue Jays,-0.83,,,,
2025-07-10,Bryan Baker,Tampa Bay Rays,Baltimore Orioles,-0.1,,,,
2025-07-13,Blake Sabol,Chicago White Sox,Boston Red Sox,0,,,,
2025-07-14,Noah Davis,Minnesota Twins,Los Angeles Dodgers,-0.47,,,,
2025-07-16,Cam Devanney,Pittsburgh Pirates,Kansas City Royals,-0.5,,,,
2025-07-16,Adam Frazier,Kansas City Royals,Pittsburgh Pirates,1.07,,,,
2025-07-17,Michael Petersen,Miami Marlins,Atlanta Braves,0.1,,,,
2025-07-17,Andrick Nava,Milwaukee Brewers,Philadelphia Phillies,0,,,,
2025-07-18,Dane Dunning,Atlanta Braves,Texas Rangers,-0.44,,,,
2025-07-18,Jose Ruiz,Texas Rangers,Atlanta Braves,0,,,,
2025-07-22,Julio E. Rodriguez,Kansas City Royals,Seattle Mariners,0,,,,
2025-07-22,Stuart Fairchild,Tampa Bay Rays,Atlanta Braves,0,,,,
2025-07-23,Joey Krehbiel,Kansas City Royals,Tampa Bay Rays,0,,,,
2025-07-24,Josh Naylor,Seattle Mariners,Arizona Diamondbacks,2.22,,,,
2025-07-25,Ashton Izzi,Arizona Diamondbacks,Seattle Mariners,0,,,,
2025-07-25,Brandyn Garcia,Arizona Diamondbacks,Seattle Mariners,-0.12,,,,
2025-07-25,Griffin Herring,Colorado Rockies,New York Yankees,0,,,,
2025-07-25,Wellington Aracena,Baltimore Orioles,New York Mets,0,,,,
2025-07-25,Cameron Foster,Baltimore Orioles,New York Mets,0,,,,
2025-07-25,Josh Grosz,Colorado Rockies,New York Yankees,0,,,,
2025-07-25,Gregory Soto,New York Mets,Baltimore Orioles,-0.42,,,,
2025-07-25,Ryan McMahon,New York Yankees,Colorado Rockies,1.09,,,,
2025-07-26,Andrew Hoffmann,Arizona Diamondbacks,Kansas City Royals,-0.32,,,,
2025-07-26,Brewer Hicklen,Philadelphia Phillies,Detroit Tigers,0,,,,
2025-07-26,Randal Grichuk,Kansas City Royals,Arizona Diamondbacks,-0.38,,,,
2025-07-26,Tristan Gray,Tampa Bay Rays,Chicago White Sox,0.23,,,,
2025-07-26,Amed Rosario,New York Yankees,Washington Nationals,0.04,,,,
2025-07-26,Browm Martinez,Washington Nationals,New York Yankees,0,,,,
2025-07-27,Clayton Beeter,Washington Nationals,New York Yankees,0.63,,,,
2025-07-27,Erick Fedde,Philadelphia Phillies,St. Louis Cardinals,0,,,,
2025-07-28,Carlos Carrasco,Atlanta Braves,New York Yankees,-0.58,,,,
2025-07-28,Jadher Areinamo,Tampa Bay Rays,Milwaukee Brewers,0,,,,
2025-07-28,Randy Dobnak,Detroit Tigers,Minnesota Twins,0,,,,
2025-07-28,Chris Paddack,Detroit Tigers,Minnesota Twins,-0.58,,,,
2025-07-28,Danny Jansen,Milwaukee Brewers,Tampa Bay Rays,0.7,,,,
2025-07-29,Juaron Watts-Brown,Baltimore Orioles,Toronto Blue Jays,0,,,,
2025-07-29,Matthew Etzel,Miami Marlins,Tampa Bay Rays,0,,,,
2025-07-29,Nick Fortes,Tampa Bay Rays,Miami Marlins,0.28,,,,
2025-07-29,Seranthony Dominguez,Toronto Blue Jays,Baltimore Orioles,0.01,,,,
2025-07-30,Jake Eder,Washington Nationals,Los Angeles Angels,0,,,,
2025-07-30,Jeter Martinez,Pittsburgh Pirates,Seattle Mariners,0,,,,
2025-07-30,Nate Dohm,St. Louis Cardinals,New York Mets,0,,,,
2025-07-30,Sam Brown,Washington Nationals,Los Angeles Angels,0,,,,
2025-07-30,Blade Tidwell,San Francisco Giants,New York Mets,0,,,,
2025-07-30,Jesus Baez,St. Louis Cardinals,New York Mets,0,,,,
2025-07-30,Frank Elissalt,St. Louis Cardinals,New York Mets,0,,,,
2025-07-30,Drew Gilbert,San Francisco Giants,New York Mets,-0.25,,,,
2025-07-30,Austin Slater,New York Yankees,Chicago White Sox,-0.36,,,,
2025-07-30,Gage Ziehl,Chicago White Sox,New York Yankees,0,,,,
2025-07-30,Taylor Rogers,Pittsburgh Pirates,Cincinnati Reds,0,,,,
2025-07-30,Ke'Bryan Hayes,Cincinnati Reds,Pittsburgh Pirates,0.3,,,,
2025-07-30,Adam Serwinowski,Tampa Bay Rays,Cincinnati Reds,0,,,,
2025-07-30,Tyler Rogers,New York Mets,San Francisco Giants,0.65,,,,
2025-07-30,Jose Butto,San Francisco Giants,New York Mets,0.04,,,,
2025-07-30,Ryan Helsley,New York Mets,St. Louis Cardinals,-0.91,,,,
2025-07-31,James Outman,Minnesota Twins,Los Angeles Dodgers,-0.76,,,,
2025-07-31,Tyson Neighbors,Baltimore Orioles,San Diego Padres,0,,,,
2025-07-31,Cobb Hightower,Baltimore Orioles,San Diego Padres,0,,,,
2025-07-31,Curtis Mead,Chicago White Sox,Tampa Bay Rays,-0.58,,,,
2025-07-31,Trystan Vrieling,San Francisco Giants,New York Yankees,0,,,,
2025-07-31,James Tibbs,Los Angeles Dodgers,Boston Red Sox,0,,,,
2025-07-31,Leo De Vries,Oakland Athletics,San Diego Padres,0,,,,
2025-07-31,Geremy Villoria,Minnesota Twins,Philadelphia Phillies,0,,,,
2025-07-31,Christian Franklin,Washington Nationals,Chicago Cubs,0,,,,
2025-07-31,Kenya Huggins,Oakland Athletics,Cincinnati Reds,0,,,,
2025-07-31,Hendry Mendez,Minnesota Twins,Philadelphia Phillies,0,,,,
2025-07-31,Garrett Horn,Minnesota Twins,Texas Rangers,0,,,,
2025-07-31,Mitch Bratt,Arizona Diamondbacks,Texas Rangers,0,,,,
2025-07-31,Micah Ashman,Baltimore Orioles,Detroit Tigers,0,,,,
2025-07-31,Brian Van Belle,Tampa Bay Rays,Cincinnati Reds,-0.05,,,,
2025-07-31,Yunior Marte,San Francisco Giants,Kansas City Royals,0,,,,
2025-07-31,Jesus Rodriguez,San Francisco Giants,New York Yankees,0,,,,
2025-07-31,Ben Shields,Colorado Rockies,New York Yankees,0,,,,
2025-07-31,Sammy Stafura,Pittsburgh Pirates,Cincinnati Reds,0,,,,
2025-07-31,Eduardo Tait,Minnesota Twins,Philadelphia Phillies,0,,,,
2025-07-31,Victor Figueroa,Baltimore Orioles,San Diego Padres,0,,,,
2025-07-31,Wilfri De La Cruz,Baltimore Orioles,Chicago Cubs,0,,,,
2025-07-31,Skylar Hales,St. Louis Cardinals,Texas Rangers,0,,,,
2025-07-31,Ben Rortvedt,Los Angeles Dodgers,Tampa Bay Rays,0.05,,,,
2025-07-31,Josh Randall,Washington Nationals,Detroit Tigers,0,,,,
2025-07-31,Chandler Marsh,Baltimore Orioles,New York Mets,0,,,,
2025-07-31,Brandon Butterworth,Baltimore Orioles,San Diego Padres,0,,,,
2025-07-31,R.J. Sales,Washington Nationals,Detroit Tigers,0,,,,
2025-07-31,Ryan Gallagher,Minnesota Twins,Chicago Cubs,0,,,,
2025-07-31,Braden Nett,Oakland Athletics,San Diego Padres,0,,,,
2025-07-31,Everson Pereira,Tampa Bay Rays,New York Yankees,-0.29,,,,
2025-07-31,Sean Paul Linan,Washington Nationals,Los Angeles Dodgers,0,,,,
2025-07-31,Austin Smith,Colorado Rockies,Atlanta Braves,0,,,,
2025-07-31,Henry Baez,Oakland Athletics,San Diego Padres,0,,,,
2025-07-31,Brandon Valenzuela,Toronto Blue Jays,San Diego Padres,0,,,,
2025-07-31,Rafael Flores,Pittsburgh Pirates,New York Yankees,-0.12,,,,
2025-07-31,Edgleen Perez,Pittsburgh Pirates,New York Yankees,0,,,,
2025-07-31,David Hagaman,Arizona Diamondbacks,Texas Rangers,0,,,,
2025-07-31,Stephen Kolek,Kansas City Royals,San Diego Padres,1.12,,,,
2025-07-31,Blaze Jordan,St. Louis Cardinals,Boston Red Sox,0,,,,
2025-07-31,Anthony Nunez,Baltimore Orioles,New York Mets,0,,,,
2025-07-31,Roc Riggio,Colorado Rockies,New York Yankees,0,,,,
2025-07-31,Kendry Rojas,Minnesota Twins,Toronto Blue Jays,0,,,,
2025-07-31,Jorge Quintana,San Diego Padres,Milwaukee Brewers,0,,,,
2025-07-31,Codi Heuer,Detroit Tigers,Texas Rangers,-0.03,,,,
2025-07-31,Callan Moss,Pittsburgh Pirates,Kansas City Royals,0,,,,
2025-07-31,Chase Jaworsky,Miami Marlins,Houston Astros,0,,,,
2025-07-31,Ivan Brethowr,Pittsburgh Pirates,Chicago Cubs,0,,,,
2025-07-31,Ronny Cruz,Washington Nationals,Chicago Cubs,0,,,,
2025-07-31,Matt Manning,Philadelphia Phillies,Detroit Tigers,0,,,,
2025-07-31,Tanner Smith,Baltimore Orioles,San Diego Padres,0,,,,
2025-07-31,Raimon Gomez,Baltimore Orioles,New York Mets,0,,,,
2025-07-31,Esmil Valencia,Miami Marlins,Houston Astros,0,,,,
2025-07-31,Hunter Cranton,Arizona Diamondbacks,Seattle Mariners,0,,,,
2025-07-31,Wilberson De Pena,New York Yankees,Los Angeles Angels,0,,,,
2025-07-31,Ben Peoples,Chicago White Sox,Tampa Bay Rays,0,,,,
2025-07-31,Josueth Quinonez,Detroit Tigers,Philadelphia Phillies,0,,,,
2025-07-31,Eduarniel Nunez,Oakland Athletics,San Diego Padres,0,,,,
2025-07-31,Kohl Drake,Arizona Diamondbacks,Texas Rangers,0,,,,
2025-07-31,Mason Molina,St. Louis Cardinals,Texas Rangers,0,,,,
2025-07-31,Sam Armstrong,Minnesota Twins,Chicago Cubs,0,,,,
2025-07-31,Parks Harber,San Francisco Giants,New York Yankees,0,,,,
2025-07-31,Boston Bateman,Baltimore Orioles,San Diego Padres,0,,,,
2025-07-31,Duncan Davitt,Chicago White Sox,Tampa Bay Rays,0,,,,
2025-07-31,Eriq Swan,Washington Nationals,Los Angeles Dodgers,0,,,,
2025-07-31,Adam Serwinowski,Los Angeles Dodgers,Tampa Bay Rays,0,,,,
2025-07-31,Carlos De La Rosa,San Francisco Giants,New York Yankees,0,,,,
2025-07-31,Juan Burgos,Arizona Diamondbacks,Seattle Mariners,-0.5,,,,
2025-07-31,Brian Sanchez,Pittsburgh Pirates,New York Yankees,0,,,,
2025-07-31,Zach Ehrhard,Los Angeles Dodgers,Boston Red Sox,0,,,,
2025-07-31,Jim Jarvis,Atlanta Braves,Detroit Tigers,0,,,,
2025-07-31,Khal Stephen,Cleveland Guardians,Toronto Blue Jays,0,,,,
2025-07-31,Twine Palmer,Baltimore Orioles,Houston Astros,0,,,,
2025-07-31,Andrew Kittredge,Chicago Cubs,Baltimore Orioles,0.09,,,,
2025-07-31,Merrill Kelly,Texas Rangers,Arizona Diamondbacks,-0.04,,,,
2025-07-31,Mike Yastrzemski,Kansas City Royals,San Francisco Giants,1.04,,,,
2025-07-31,Will Wagner,San Diego Padres,Toronto Blue Jays,-0.09,,,,
2025-07-31,Miguel Andujar,Cincinnati Reds,Oakland Athletics,0.61,,,,
2025-07-31,Brock Stewart,Los Angeles Dodgers,Minnesota Twins,-0.05,,,,
2025-07-31,Eugenio Suarez,Seattle Mariners,Arizona Diamondbacks,0.3,,,,
2025-07-31,Tyler Locklear,Arizona Diamondbacks,Seattle Mariners,-1.07,,,,
2025-07-31,Shane Bieber,Toronto Blue Jays,Cleveland Guardians,0.73,,,,
2025-07-31,Willi Castro,Chicago Cubs,Minnesota Twins,-0.47,,,,
2025-07-31,Ryan O'Hearn,San Diego Padres,Baltimore Orioles,0.44,,,,
2025-07-31,Ramon Laureano,San Diego Padres,Baltimore Orioles,0.8,,,,
2025-07-31,Shelby Miller,Milwaukee Brewers,Arizona Diamondbacks,-0.09,,,,
2025-07-31,Jordan Montgomery,Milwaukee Brewers,Arizona Diamondbacks,0,,,,
2025-07-31,Ryan Bergert,Kansas City Royals,San Diego Padres,0.17,,,,
2025-07-31,Freddy Fermin,San Diego Padres,Kansas City Royals,0.87,,,,
2025-07-31,Tyler Kinley,Atlanta Braves,Colorado Rockies,1.27,,,,
2025-07-31,Ryan Gusto,Miami Marlins,Houston Astros,-0.56,,,,
2025-07-31,Jesus Sanchez,Houston Astros,Miami Marlins,0.2,,,,
2025-07-31,Rafael Montero,Detroit Tigers,Atlanta Braves,0.22,,,,
2025-07-31,Phil Maton,Texas Rangers,St. Louis Cardinals,0.21,,,,
2025-07-31,Harrison Bader,Philadelphia Phillies,Minnesota Twins,1.28,,,,
2025-07-31,Carlos Correa,Houston Astros,Minnesota Twins,1.32,,,,
2025-07-31,Dietrich Enns,Baltimore Orioles,Detroit Tigers,0.63,,,,
2025-07-31,Jose Caballero,New York Yankees,Tampa Bay Rays,1.16,,,,
2025-07-31,Griffin Jax,Tampa Bay Rays,Minnesota Twins,0.27,,,,
2025-07-31,Bailey Falter,Kansas City Royals,Pittsburgh Pirates,-0.67,,,,
2025-07-31,Hunter Feduccia,Tampa Bay Rays,Los Angeles Dodgers,-0.47,,,,
2025-07-31,Ramon Urias,Houston Astros,Baltimore Orioles,0.68,,,,
2025-07-31,Steven Matz,Boston Red Sox,St. Louis Cardinals,0.5,,,,
2025-07-31,Paul Sewald,Detroit Tigers,Cleveland Guardians,0.02,,,,
2025-07-31,Alex Call,Los Angeles Dodgers,Washington Nationals,0.35,,,,
2025-07-31,Danny Coulombe,Texas Rangers,Minnesota Twins,-0.18,,,,
2025-07-31,Taylor Rogers,Chicago Cubs,Pittsburgh Pirates,-0.17,,,,
2025-07-31,Kyle Finnegan,Detroit Tigers,Washington Nationals,0.81,,,,
2025-07-31,David Bednar,New York Yankees,Pittsburgh Pirates,0.93,,,,
2025-07-31,Alan Roden,Minnesota Twins,Toronto Blue Jays,-0.45,,,,
2025-07-31,Ty France,Toronto Blue Jays,Minnesota Twins,0.24,,,,
2025-07-31,Louis Varland,Toronto Blue Jays,Minnesota Twins,-0.03,,,,
2025-07-31,Charlie Morton,Detroit Tigers,Baltimore Orioles,-0.78,,,,
2025-07-31,Nestor Cortes,San Diego Padres,Milwaukee Brewers,0.11,,,,
2025-07-31,Brandon Lockridge,Milwaukee Brewers,San Diego Padres,0.4,,,,
2025-07-31,Oswald Peraza,Los Angeles Angels,New York Yankees,-0.7,,,,
2025-07-31,Cedric Mullins,New York Mets,Baltimore Orioles,0.45,,,,
2025-07-31,Adrian Houser,Tampa Bay Rays,Chicago White Sox,0.31,,,,
2025-07-31,Dustin May,Boston Red Sox,Los Angeles Dodgers,-0.27,,,,
2025-07-31,Jake Bird,New York Yankees,Colorado Rockies,-0.53,,,,
2025-07-31,Camilo Doval,New York Yankees,San Francisco Giants,-0.33,,,,
2025-07-31,Michael Soroka,Chicago Cubs,Washington Nationals,-0.11,,,,
2025-07-31,Caleb Ferguson,Seattle Mariners,Pittsburgh Pirates,0.21,,,,
2025-07-31,Jhoan Duran,Philadelphia Phillies,Minnesota Twins,0.92,,,,
2025-08-01,Evan Sisk,Pittsburgh Pirates,Kansas City Royals,0.08,,,,
2025-08-01,Mick Abel,Minnesota Twins,Philadelphia Phillies,-0.46,,,,
2025-08-01,Taj Bradley,Minnesota Twins,Tampa Bay Rays,-0.29,,,,
2025-08-02,Paul Gervase,Los Angeles Dodgers,Tampa Bay Rays,0,,,,
2025-08-03,Eli Wilson,San Diego Padres,Pittsburgh Pirates,0,,,,
2025-08-03,John Rooney,Houston Astros,Miami Marlins,-0.03,,,,
2025-08-04,Austin Roberts,Milwaukee Brewers,Miami Marlins,0,,,,
2025-08-09,Jesus Bastidas,Atlanta Braves,Houston Astros,0,,,,
2025-08-31,Ali Sanchez,Boston Red Sox,New York Mets,-0.04,,,,
2025-09-17,Marshall Toole,Tampa Bay Rays,New York Yankees,0,,,,