year,team,closeness,betweenness,eigenvector,katz,degree,winning_pct
1994,Kansas City Royals,0.35135135135135137,0.0013333333333333333,0.09385725499543325,0.19200074820179508,0.11538461538461539,0.547008547
1994,New York Mets,0.5306122448979592,0.15992307692307692,0.39571477989366705,0.19334745232220713,0.8076923076923077,0.4700854701
1994,Colorado Rockies,0.0,0.0,1.71045258940398e-16,0.19180740077939482,0.07692307692307693,0.452991453
1994,Washington Nationals,0.38235294117647056,0.011576923076923077,0.08560776785921578,0.1923841725386049,0.2692307692307693,0.6324786325
1994,Texas Rangers,0.4727272727272727,0.05025641025641026,0.24920119809440067,0.19257925159821937,0.38461538461538464,0.4444444444
1994,Milwaukee Brewers,0.4642857142857143,0.01873076923076923,0.2644959210595954,0.19257925159821937,0.23076923076923078,0.452991453
1994,Minnesota Twins,0.0,0.0,1.71045258940398e-16,0.19180740077939482,0.11538461538461539,0.452991453
1994,New York Yankees,0.37142857142857144,0.012666666666666665,0.09200674527415022,0.1921929405600278,0.34615384615384615,0.5982905983
1994,Philadelphia Phillies,0.48148148148148145,0.11753846153846155,0.18686823444624062,0.19277009612584683,0.5384615384615385,0.4615384615
1994,Cleveland Guardians,0.5652173913043478,0.265,0.3609333115053911,0.19315698085997415,0.7692307692307693,0.5641025641
1994,Detroit Tigers,0.4482758620689655,0.038884615384615386,0.20746633549012,0.1923868639800526,0.3076923076923077,0.452991453
1994,Chicago White Sox,0.4406779661016949,0.11015384615384614,0.20104080260431814,0.1927697148127341,0.42307692307692313,0.5726495726
1994,Seattle Mariners,0.3333333333333333,0.0,0.04432267625722989,0.19200017086151872,0.07692307692307693,0.4188034188
1994,Boston Red Sox,0.5652173913043478,0.23224358974358972,0.37822493980479255,0.19373125873935926,0.8076923076923077,0.4615384615
1994,San Francisco Giants,0.38235294117647056,0.01971794871794872,0.11046266163512514,0.19219294171087223,0.23076923076923078,0.4700854701
1994,Los Angeles Angels,0.3611111111111111,0.025410256410256408,0.09778443594931727,0.19238474796080723,0.23076923076923078,0.4017094017
1994,Baltimore Orioles,0.41935483870967744,0.024102564102564103,0.22705982489776866,0.19257828987591188,0.3076923076923077,0.5384615385
1994,Houston Astros,0.4262295081967213,0.06710256410256411,0.11957862644781643,0.19238551710848437,0.6538461538461539,0.5641025641
1994,Los Angeles Dodgers,0.4482758620689655,0.017846153846153845,0.21918161227803598,0.19257848321777185,0.23076923076923078,0.4957264957
1994,San Diego Padres,0.3880597014925373,0.023128205128205126,0.10076393898107812,0.19238455787967304,0.6153846153846154,0.4017094017
1994,Pittsburgh Pirates,0.32098765432098764,0.005384615384615384,0.05135590708618081,0.1920003624771121,0.19230769230769232,0.452991453
1994,Chicago Cubs,0.4262295081967213,0.025128205128205128,0.1503610361570745,0.19238551864294356,0.19230769230769232,0.4188034188
1994,Toronto Blue Jays,0.30952380952380953,0.005128205128205127,0.047684069016920495,0.1920001704779039,0.15384615384615385,0.4700854701
1994,Miami Marlins,0.4482758620689655,0.01769230769230769,0.24463017580770016,0.19257848360138663,0.3076923076923077,0.4358974359
1994,Cincinnati Reds,0.4642857142857143,0.18053846153846156,0.21652005513814448,0.19296171536356607,0.576923076923077,0.5641025641
1994,Atlanta Braves,0.32098765432098764,0.006410256410256409,0.05135590708618081,0.1920003624771121,0.11538461538461539,0.5811965812
1994,St. Louis Cardinals,0.3939393939393939,0.007179487179487179,0.10189014229469251,0.19219313236742863,0.15384615384615385,0.452991453
1995,Cincinnati Reds,0.5869565217391305,0.08648602505440112,0.27323469807374734,0.1895962801370008,1.074074074074074,0.5862068966
1995,Chicago Cubs,0.5,0.05148329037217926,0.17430569861754064,0.18884072988107203,0.4074074074074074,0.5034482759
1995,Kansas City Royals,0.6136363636363636,0.11039022705689373,0.33483256524595806,0.1899737762422652,1.0,0.4827586207
1995,Washington Nationals,0.6,0.1324726318316062,0.276675448590897,0.18978455169026115,1.1481481481481481,0.4551724138
1995,New York Yankees,0.48214285714285715,0.04195449612116279,0.1418377616418175,0.1890274902022947,0.6666666666666666,0.5448275862
1995,St. Louis Cardinals,0.5869565217391305,0.07598265931599264,0.2813100172670384,0.18959647066159188,0.8518518518518519,0.4275862069
1995,Toronto Blue Jays,0.46551724137931033,0.02172565089231756,0.13323544520999311,0.18865150946273765,0.5185185185185185,0.3862068966
1995,Atlanta Braves,0.47368421052631576,0.02853917212891572,0.12433422830238325,0.18883921620641136,0.48148148148148145,0.6206896552
1995,Boston Red Sox,0.54,0.03396233000933856,0.23421966723273066,0.1892193522234164,0.5555555555555556,0.5931034483
1995,Colorado Rockies,0.46551724137931033,0.014462132517688074,0.1134981439858753,0.18865037852830585,0.25925925925925924,0.5310344828
1995,New York Mets,0.5,0.03998564746427995,0.15827064043526878,0.18884016300465062,0.6296296296296295,0.475862069
1995,Houston Astros,0.5625,0.11222378444600668,0.22471883876102203,0.1894061179935672,0.8518518518518519,0.524137931
1995,Detroit Tigers,0.54,0.04677025649247872,0.18354820631743457,0.189029190643665,0.48148148148148145,0.4137931034
1995,Los Angeles Angels,0.5,0.02579710966463103,0.12076858707797836,0.18883865045735437,0.5185185185185185,0.5379310345
1995,Milwaukee Brewers,0.45,0.006552619586807621,0.13035183287635957,0.18865113423827173,0.2222222222222222,0.4482758621
1995,Texas Rangers,0.5869565217391305,0.06690159318364447,0.28376728569383985,0.18978436623881006,0.6296296296296295,0.5103448276
1995,Chicago White Sox,0.4576271186440678,0.013964738964738963,0.1183940444445787,0.18865113123196656,0.48148148148148145,0.4689655172
1995,San Francisco Giants,0.5294117647058824,0.0213827285408482,0.2378887886876856,0.18903145908882119,0.8518518518518519,0.4620689655
1995,Miami Marlins,0.4576271186440678,0.010523992468436914,0.11004257142194085,0.18865037815251773,0.3333333333333333,0.4620689655
1995,Cleveland Guardians,0.4153846153846154,0.002033219234073935,0.07681847419385986,0.18827307651761999,0.25925925925925924,0.6896551724
1995,Seattle Mariners,0.5294117647058824,0.04508639508639509,0.24061884820226742,0.18940668656103532,1.037037037037037,0.5448275862
1995,Baltimore Orioles,0.5094339622641509,0.03179027762361096,0.1720772200939224,0.1890288124128939,0.6296296296296295,0.4896551724
1995,Los Angeles Dodgers,0.5094339622641509,0.04260790649679539,0.2001174672546019,0.18902957056548278,0.7777777777777777,0.5379310345
1995,Minnesota Twins,0.45,0.010067057823468081,0.13353722082948227,0.1886509478473503,0.48148148148148145,0.3862068966
1995,Philadelphia Phillies,0.4909090909090909,0.02603532902678202,0.16037820318726265,0.189027683733191,0.48148148148148145,0.475862069
1995,San Diego Padres,0.4576271186440678,0.006669256669256669,0.1454970682129773,0.188651700551011,0.5185185185185185,0.4827586207
1995,Oakland Athletics,0.38028169014084506,0.003836081613859392,0.051910946650121505,0.18827213103463927,0.2222222222222222,0.4620689655
1995,Pittsburgh Pirates,0.3698630136986301,0.0,0.03411360480282571,0.18808348012324339,0.07407407407407407,0.4
1996,Atlanta Braves,0.5192307692307693,0.05909878345775782,0.18966057044417237,0.18908358978855724,0.5555555555555556,0.5925925926
1996,Cincinnati Reds,0.5294117647058824,0.030296416941716087,0.18131066893567171,0.188894890596509,0.4444444444444444,0.5
1996,Oakland Athletics,0.4426229508196721,0.010305415540458277,0.10235825800808708,0.188515591686386,0.4444444444444444,0.4814814815
1996,St. Louis Cardinals,0.5192307692307693,0.02385297513502642,0.20491674002695387,0.18889583352956618,0.5925925925925926,0.5432098765
1996,Washington Nationals,0.45,0.012502723613834726,0.12387580286211658,0.18870467278793643,0.5555555555555556,0.5432098765
1996,Boston Red Sox,0.48214285714285715,0.041845172080214814,0.16747956901358843,0.18926965715050786,1.0,0.524691358
1996,New York Mets,0.6136363636363636,0.21548553535733023,0.33459112033887345,0.19040264920057756,1.1481481481481481,0.4382716049
1996,Milwaukee Brewers,0.5294117647058824,0.02940543549517909,0.20830715698001526,0.18927116900091887,0.7037037037037037,0.4938271605
1996,Los Angeles Angels,0.6,0.0893763920473322,0.3069520619313253,0.18965103363328664,0.9259259259259258,0.4320987654
1996,Chicago White Sox,0.4090909090909091,0.00444308777642111,0.08371181597099468,0.18851446080573916,0.2962962962962963,0.524691358
1996,Detroit Tigers,0.6136363636363636,0.18638065005586377,0.3688439888538314,0.1905919203171411,1.8518518518518516,0.3271604938
1996,Texas Rangers,0.5,0.014766200877311985,0.13166095184661653,0.18870504999874882,0.48148148148148145,0.5555555556
1996,Philadelphia Phillies,0.5094339622641509,0.01695093051930659,0.17596662712043706,0.1888950753489896,0.5555555555555556,0.4135802469
1996,Cleveland Guardians,0.574468085106383,0.06964108620091526,0.2611130412287966,0.18927381116813402,1.037037037037037,0.6111111111
1996,Miami Marlins,0.47368421052631576,0.045107223419189234,0.13869728572653423,0.18889243938404493,0.5555555555555556,0.4938271605
1996,Baltimore Orioles,0.46551724137931033,0.019986577999398517,0.16671502841463198,0.1890815214253333,0.4444444444444444,0.5432098765
1996,Toronto Blue Jays,0.48214285714285715,0.03781578108501185,0.12839179995051025,0.1887046735397268,0.5555555555555556,0.4567901235
1996,San Diego Padres,0.5294117647058824,0.027290314149288505,0.203704262403904,0.18889639662054475,0.8518518518518519,0.5617283951
1996,Kansas City Royals,0.4576271186440678,0.017476465446550914,0.13451428136874322,0.18870448784750823,0.5185185185185185,0.462962963
1996,New York Yankees,0.5,0.03156796906796907,0.19913923233027855,0.18908340522402423,0.6296296296296295,0.5679012346
1996,Chicago Cubs,0.38028169014084506,0.0006726812282367838,0.04951588091231686,0.18832537782471287,0.14814814814814814,0.4691358025
1996,San Francisco Giants,0.5094339622641509,0.055448259401250866,0.2034834198018717,0.18908303139626842,0.7407407407407407,0.4197530864
1996,Pittsburgh Pirates,0.48214285714285715,0.03626167280013434,0.14527403421920618,0.18889319023466553,0.7777777777777777,0.450617284
1996,Minnesota Twins,0.38571428571428573,0.010638518651339164,0.06624094926697215,0.1883265083294645,0.2222222222222222,0.4814814815
1996,Seattle Mariners,0.5625,0.06331019407942484,0.25799464476644157,0.1896491460756439,0.7777777777777777,0.524691358
1996,Los Angeles Dodgers,0.4153846153846154,0.0,0.1110431408111997,0.18851615797247356,0.2962962962962963,0.5555555556
1996,Houston Astros,0.43548387096774194,0.00391969141969142,0.11171957705050438,0.18851615759657842,0.5925925925925926,0.5061728395
1996,Colorado Rockies,0.38571428571428573,0.0,0.0520908242583208,0.18813799219836855,0.07407407407407407,0.512345679
1997,Baltimore Orioles,0.5087719298245614,0.01600229614392176,0.14615921708359664,0.1824036487364302,0.3448275862068966,0.6049382716
1997,San Diego Padres,0.6304347826086957,0.13080606302822595,0.2834526860982856,0.18367920011097513,1.4827586206896552,0.4691358025
1997,Boston Red Sox,0.5,0.029773582149133095,0.15753646560071582,0.18258532402628264,0.6206896551724138,0.4814814815
1997,Oakland Athletics,0.5471698113207547,0.03170850407520938,0.21818357925688966,0.18276918953075322,0.6551724137931034,0.4012345679
1997,Washington Nationals,0.5087719298245614,0.02938781326710454,0.23012200471503186,0.18276937446849736,0.6551724137931034,0.4814814815
1997,Kansas City Royals,0.5576923076923077,0.044430449617351965,0.2658023646920365,0.18295286810109584,0.6896551724137931,0.4135802469
1997,Philadelphia Phillies,0.47540983606557374,0.02007295865054486,0.10303278318060943,0.18240200480504049,0.3103448275862069,0.4197530864
1997,Chicago White Sox,0.4461538461538462,0.0365944366252248,0.08488978338618386,0.1824012739470468,0.7241379310344828,0.4938271605
1997,St. Louis Cardinals,0.453125,0.0063790261703909916,0.11451353063704531,0.18203920813112073,0.48275862068965514,0.450617284
1997,San Francisco Giants,0.4915254237288136,0.02390042223786066,0.14633649960795989,0.182584596435099,0.6551724137931034,0.5555555556
1997,Milwaukee Brewers,0.5686274509803921,0.0527269390002732,0.2773095838868182,0.18331548981919096,0.7586206896551724,0.4814814815
1997,Cincinnati Reds,0.58,0.05868496672716274,0.2669478503156194,0.18331530542591518,0.8275862068965517,0.4691358025
1997,Houston Astros,0.5576923076923077,0.017524374733669523,0.18251210515646257,0.18258732694379393,0.48275862068965514,0.5185185185
1997,New York Mets,0.5272727272727272,0.07056326913557463,0.17047372617456027,0.1829490357699824,0.7931034482758621,0.5432098765
1997,Detroit Tigers,0.5272727272727272,0.03730661196574967,0.1901462105542191,0.18258714581732816,0.896551724137931,0.487654321
1997,Atlanta Braves,0.4461538461538462,0.0015050197332411486,0.1325808845918008,0.18222088396544145,0.41379310344827586,0.6234567901
1997,Cleveland Guardians,0.5576923076923077,0.07956162636199124,0.30437448342037926,0.18331640398152374,1.0344827586206897,0.5308641975
1997,Miami Marlins,0.5686274509803921,0.09655998061656604,0.26791881254371247,0.1831345430279694,0.9655172413793103,0.5679012346
1997,Pittsburgh Pirates,0.4603174603174603,0.009838533114395184,0.07640218037814342,0.18203774659662283,0.20689655172413793,0.487654321
1997,Chicago Cubs,0.5178571428571429,0.03674530277507675,0.16824047944505696,0.18258605234342407,0.6206896551724138,0.4197530864
1997,Minnesota Twins,0.3918918918918919,0.007158005367906389,0.04236387482389696,0.18185479579895333,0.27586206896551724,0.4197530864
1997,Los Angeles Angels,0.47540983606557374,0.012230725623582765,0.12501937840244232,0.18240309954937067,0.5862068965517241,0.5185185185
1997,New York Yankees,0.5272727272727272,0.031229643010648515,0.19043175933556727,0.18258696505384125,0.5517241379310345,0.5925925926
1997,Colorado Rockies,0.5471698113207547,0.04851063365095339,0.23448474688144436,0.18295140874447136,0.5517241379310345,0.512345679
1997,Seattle Mariners,0.48333333333333334,0.043860445070239354,0.11385848579815497,0.1824021886538479,0.5517241379310345,0.5555555556
1997,Toronto Blue Jays,0.4264705882352941,0.015855731282228558,0.09068658784432022,0.1820377500449223,0.27586206896551724,0.4691358025
1997,Texas Rangers,0.47540983606557374,0.02795703531159692,0.1342680115744702,0.18240292150822549,0.6206896551724138,0.475308642
1997,Los Angeles Dodgers,0.42028985507246375,0.012430160151835028,0.06109619150636962,0.1820368349751423,0.20689655172413793,0.5432098765
1997,Arizona Diamondbacks,0.4915254237288136,0.006409730116626669,0.1883073326090391,0.1824047491069332,0.41379310344827586,0.0
1997,Tampa Bay Rays,0.0,0.0,1.570362051957309e-16,0.18148944466109998,0.13793103448275862,0.0
1998,San Diego Padres,0.5185185185185185,0.08024139807869968,0.24784944537703288,0.18618167155983675,0.7142857142857142,0.6049382716
1998,Houston Astros,0.45161290322580644,0.014421889104428785,0.11588841502847251,0.18525373356057792,0.3214285714285714,0.6296296296
1998,Chicago Cubs,0.4827586206896552,0.056849719210830325,0.1456219370798391,0.18580893579659788,0.46428571428571425,0.5555555556
1998,Atlanta Braves,0.4444444444444444,0.02791952536000155,0.11541475720254477,0.18543861399948758,0.5,0.6543209877
1998,San Francisco Giants,0.4827586206896552,0.030885637730875826,0.13583556670229235,0.1856238680767659,0.6071428571428571,0.549382716
1998,Seattle Mariners,0.5384615384615384,0.08082187433377909,0.2077987058233931,0.1861803711210065,0.6071428571428571,0.4691358025
1998,Baltimore Orioles,0.4745762711864407,0.011652169846614288,0.18838485453996762,0.18544047535760871,0.3571428571428571,0.487654321
1998,Miami Marlins,0.56,0.062425356095991,0.26978467301527137,0.18618204575229094,1.2142857142857142,0.3333333333
1998,New York Mets,0.6086956521739131,0.15717069012703933,0.36424952760817314,0.18673910768417534,1.6785714285714284,0.5432098765
1998,Cincinnati Reds,0.5833333333333334,0.10925671257020463,0.3281601924961999,0.18655348126139476,1.0357142857142856,0.475308642
1998,New York Yankees,0.4057971014492754,0.008786323171243806,0.08069389725211634,0.1852524340452236,0.46428571428571425,0.7037037037
1998,Minnesota Twins,0.3835616438356164,0.01018990929705215,0.06938935157749546,0.1852524307207102,0.46428571428571425,0.4320987654
1998,Arizona Diamondbacks,0.509090909090909,0.07558803483406656,0.18788515980908382,0.18581042093061775,0.8571428571428571,0.4012345679
1998,Cleveland Guardians,0.5490196078431373,0.08670547706261991,0.2054259346247934,0.18599567574667683,0.8214285714285714,0.549382716
1998,Milwaukee Brewers,0.4827586206896552,0.019746020440464883,0.13532625570283138,0.1854393564741499,0.3214285714285714,0.4567901235
1998,Toronto Blue Jays,0.509090909090909,0.0417994733074098,0.2389888294790809,0.18581172358579026,0.5357142857142857,0.5432098765
1998,Texas Rangers,0.509090909090909,0.02589720024243834,0.21561204888369562,0.18599549160557277,0.5714285714285714,0.5432098765
1998,Detroit Tigers,0.5384615384615384,0.0405793772658852,0.27187821272368523,0.18599771958364533,0.5357142857142857,0.4012345679
1998,Chicago White Sox,0.4307692307692308,0.02608856458062807,0.11859287801865397,0.18543861473826836,0.3571428571428571,0.4938271605
1998,St. Louis Cardinals,0.4666666666666667,0.03976369750179273,0.17650064833529705,0.18562516833090095,0.7857142857142857,0.512345679
1998,Philadelphia Phillies,0.4444444444444444,0.027203527659876856,0.11638626108918772,0.18543861436887799,0.42857142857142855,0.462962963
1998,Los Angeles Angels,0.4827586206896552,0.009229702543194607,0.13881951132767295,0.18562368356627149,0.3214285714285714,0.524691358
1998,Boston Red Sox,0.5,0.04692040396405475,0.20804371074584074,0.18617981777421838,0.6071428571428571,0.5679012346
1998,Kansas City Royals,0.42424242424242425,0.005858948517678675,0.09331164785119002,0.1852526198485844,0.21428571428571427,0.4444444444
1998,Oakland Athletics,0.4375,0.025008923322415378,0.12933470881441336,0.18543824719484095,0.3571428571428571,0.4567901235
1998,Washington Nationals,0.37333333333333335,0.001114890400604686,0.06228662718402091,0.18506699508806046,0.2857142857142857,0.4012345679
1998,Los Angeles Dodgers,0.4745762711864407,0.03993993513834783,0.1820988183279562,0.18562516962376727,1.0714285714285714,0.512345679
1998,Colorado Rockies,0.39436619718309857,0.012936717897035356,0.0607990401272613,0.18525169027769497,0.3214285714285714,0.475308642
1998,Pittsburgh Pirates,0.4375,0.024733350130175517,0.09052477974412003,0.18525298960835407,0.3214285714285714,0.4259259259
1999,Cincinnati Reds,0.5406896551724139,0.08019636015325671,0.2818343700899155,0.18302569595572724,0.6896551724137931,0.5925925926
1999,Miami Marlins,0.4827586206896552,0.09484469074986317,0.14946166682429948,0.18265836703125876,0.7931034482758621,0.3950617284
1999,Los Angeles Dodgers,0.4827586206896552,0.03726004769723982,0.17944002659253913,0.18265946276373285,0.5172413793103449,0.475308642
1999,Chicago White Sox,0.4603174603174603,0.0,0.13801164457384205,0.18229396580954826,0.13793103448275862,0.462962963
1999,Detroit Tigers,0.4661117717003568,0.02892231605285793,0.19818280601041505,0.18265928301640075,0.7586206896551724,0.4259259259
1999,Houston Astros,0.45821157218001174,0.018077058409570725,0.2031624726522685,0.1826592835610896,0.5517241379310345,0.5987654321
1999,New York Yankees,0.4431882419446015,0.05981703026038002,0.15280374982761472,0.1826583668496958,0.5862068965517241,0.6049382716
1999,San Diego Padres,0.4915360501567398,0.050791695988740324,0.16401827096818955,0.1826587330621896,0.7586206896551724,0.4567901235
1999,New York Mets,0.519893899204244,0.07686195167722262,0.32014906108518504,0.18320817472103987,0.9655172413793103,0.5987654321
1999,St. Louis Cardinals,0.5006385696040868,0.04306679568379076,0.22553636712088787,0.1826605599487106,0.7931034482758621,0.462962963
1999,Toronto Blue Jays,0.5406896551724139,0.0873010986003597,0.2645516882483568,0.183206712776072,0.8620689655172413,0.5185185185
1999,Pittsburgh Pirates,0.41591511936339526,0.016842110407381344,0.0972657069282387,0.1822932321136199,0.3793103448275862,0.4814814815
1999,Arizona Diamondbacks,0.4661117717003568,0.03554372898584721,0.17564787110069657,0.18265927992983036,0.6896551724137931,0.6172839506
1999,Kansas City Royals,0.4915360501567398,0.0330195871452029,0.15984550112875998,0.18265873106499703,0.5862068965517241,0.3950617284
1999,Philadelphia Phillies,0.5006385696040868,0.027765560247087342,0.17264264879142868,0.1826587336068785,0.41379310344827586,0.475308642
1999,Boston Red Sox,0.5632183908045978,0.05570509813120651,0.3203021493105503,0.18338955739075255,0.6896551724137931,0.5802469136
1999,Cleveland Guardians,0.37547892720306514,0.009113300492610839,0.05653889289705908,0.18192827948519458,0.1724137931034483,0.5987654321
1999,Atlanta Braves,0.47428917120387176,0.02513634764250527,0.14873371386947884,0.18265818510517112,0.6206896551724138,0.6358024691
1999,Tampa Bay Rays,0.41591511936339526,0.025533661740558294,0.10214758488594221,0.1822934133134557,0.41379310344827586,0.4259259259
1999,Baltimore Orioles,0.4661117717003568,0.06544002658534678,0.1740509935584176,0.18265855222547972,0.5862068965517241,0.4814814815
1999,Colorado Rockies,0.4915360501567398,0.07080987567440769,0.20599445946444284,0.18284121237219114,1.0344827586206897,0.4444444444
1999,Los Angeles Angels,0.4224137931034483,0.014665435139573071,0.09178633710255107,0.18211130312095536,0.27586206896551724,0.4320987654
1999,Oakland Athletics,0.4360400444938821,0.01960864805692392,0.14395492247617456,0.18247607454954487,0.6551724137931034,0.537037037
1999,Seattle Mariners,0.519893899204244,0.0611326139651263,0.2822913590083283,0.18284376877869235,0.5862068965517241,0.487654321
1999,Washington Nationals,0.41591511936339526,0.0009901086871530222,0.09791370313838504,0.18211112301049734,0.13793103448275862,0.4197530864
1999,San Francisco Giants,0.3975659229208925,0.016561595902728907,0.060703711444070545,0.18211020702535538,0.27586206896551724,0.5308641975
1999,Minnesota Twins,0.4224137931034483,0.006481644381890688,0.08562192414555186,0.18211112046861586,0.27586206896551724,0.3888888889
1999,Chicago Cubs,0.4915360501567398,0.05386611541168192,0.17861741892022046,0.18265927956670447,0.7241379310344828,0.4135802469
1999,Texas Rangers,0.3975659229208925,0.012589432324653997,0.10152614469636254,0.18211112301049734,0.4482758620689655,0.5864197531
1999,Milwaukee Brewers,0.4096133751306165,0.009987098287590899,0.12016346954559935,0.18229359796298777,0.5172413793103449,0.4567901235
2000,Los Angeles Dodgers,0.4915254237288136,0.019775242654099277,0.140593881816559,0.18234267691864872,0.4482758620689655,0.5308641975
2000,New York Yankees,0.5087719298245614,0.03200401922854606,0.19332985067082026,0.1827079090168184,0.7586206896551724,0.537037037
2000,Kansas City Royals,0.4915254237288136,0.015119571862182699,0.13762859351404674,0.1823424947637925,0.3103448275862069,0.475308642
2000,San Francisco Giants,0.47540983606557374,0.010950297649805039,0.13820605113138307,0.18234267691864872,0.27586206896551724,0.5987654321
2000,Milwaukee Brewers,0.5576923076923077,0.021163073199954197,0.2690704562382086,0.18289244386048417,0.7241379310344828,0.450617284
2000,Chicago White Sox,0.5087719298245614,0.03113428698890197,0.21296028588768062,0.18270809625169052,0.6896551724137931,0.5864197531
2000,Cincinnati Reds,0.5471698113207547,0.07619693165130034,0.23653877227258088,0.18325330061352196,1.0,0.524691358
2000,New York Mets,0.5686274509803921,0.06726366243153901,0.26066171458588394,0.18307314655786225,0.8620689655172413,0.5802469136
2000,Colorado Rockies,0.47540983606557374,0.03452845497342516,0.13670454108478436,0.18234249367521765,0.7931034482758621,0.5061728395
2000,Seattle Mariners,0.4915254237288136,0.013779686378208547,0.12215042096089807,0.18216087857069632,0.41379310344827586,0.5617283951
2000,Oakland Athletics,0.48333333333333334,0.03724639140279535,0.1630260806854116,0.18252465597002424,0.48275862068965514,0.5617283951
2000,San Diego Padres,0.6041666666666666,0.0971156020757395,0.27201373270777135,0.18325512415780465,0.8275862068965517,0.4691358025
2000,Pittsburgh Pirates,0.4603174603174603,0.020044154596591725,0.14991621833919133,0.18234286106922548,0.48275862068965514,0.4259259259
2000,Detroit Tigers,0.48333333333333334,0.015405770733745846,0.11259636302413867,0.18216033192469855,0.4482758620689655,0.487654321
2000,Philadelphia Phillies,0.5370370370370371,0.060053456431794536,0.15674862223127023,0.18270626708310453,0.6551724137931034,0.4012345679
2000,Atlanta Braves,0.4027777777777778,0.003286515755727579,0.052919772400771996,0.18179473497252904,0.3793103448275862,0.5864197531
2000,Texas Rangers,0.5272727272727272,0.04284339968647721,0.20147184387481726,0.18270773030911586,0.6896551724137931,0.4382716049
2000,Washington Nationals,0.5087719298245614,0.04778448368673932,0.18603088167686974,0.18270736309653718,0.6896551724137931,0.4135802469
2000,Toronto Blue Jays,0.5471698113207547,0.05742476688321906,0.2044431935537514,0.1827086370919558,0.8275862068965517,0.512345679
2000,St. Louis Cardinals,0.5087719298245614,0.02291149366434562,0.17482433695420363,0.18252556692573443,0.6896551724137931,0.5864197531
2000,Houston Astros,0.5,0.034233029955093745,0.128158178515329,0.18252337834602278,0.5517241379310345,0.4444444444
2000,Los Angeles Angels,0.48333333333333334,0.010050034803729386,0.10921300541121534,0.1821599688849901,0.41379310344827586,0.5061728395
2000,Chicago Cubs,0.5918367346938775,0.10319291067443777,0.26732693549679204,0.18325512161779667,0.8620689655172413,0.4012345679
2000,Cleveland Guardians,0.5087719298245614,0.018018540709427412,0.18355850337909646,0.18252575089488202,0.6896551724137931,0.5555555556
2000,Miami Marlins,0.5471698113207547,0.02335086448711027,0.21310990004624522,0.1827084585656824,0.41379310344827586,0.487654321
2000,Arizona Diamondbacks,0.5272727272727272,0.011701784517444358,0.15232772101187889,0.1823434057195027,0.3793103448275862,0.524691358
2000,Boston Red Sox,0.5272727272727272,0.024476877802000953,0.18122378423653346,0.18252593069115944,0.6551724137931034,0.524691358
2000,Tampa Bay Rays,0.5272727272727272,0.024608222237532583,0.1835898396795422,0.1825259323240217,0.5517241379310345,0.4259259259
2000,Baltimore Orioles,0.5370370370370371,0.0562495515891938,0.19969234705019862,0.18288915981162732,0.9310344827586207,0.4567901235
2000,Minnesota Twins,0.42028985507246375,0.006264261190369565,0.1017582145394791,0.18215924117271093,0.3103448275862069,0.4259259259
2001,New York Yankees,0.5471698113207547,0.039334136717141636,0.2607720096202134,0.18284372268235188,0.9655172413793103,0.5864197531
2001,Colorado Rockies,0.5918367346938775,0.16789703864827016,0.3369097235486034,0.1835712661817035,1.6896551724137931,0.450617284
2001,Tampa Bay Rays,0.453125,0.010736765970756118,0.1299649692716246,0.18229410322271086,0.41379310344827586,0.3827160494
2001,Kansas City Royals,0.5471698113207547,0.03470804988662131,0.27729127019597144,0.1830256527223259,0.6206896551724138,0.4012345679
2001,Oakland Athletics,0.5370370370370371,0.05371455651628065,0.2502665375605827,0.1828429942526448,0.8620689655172413,0.6296296296
2001,Cleveland Guardians,0.5178571428571429,0.07020129227641543,0.1959917522425233,0.18265996557653974,0.7586206896551724,0.5617283951
2001,New York Mets,0.58,0.09085508087971139,0.3086661529950297,0.183389331602661,1.103448275862069,0.5061728395
2001,Toronto Blue Jays,0.453125,0.01514868546888251,0.12143066947973602,0.18229392002590766,0.5172413793103449,0.4938271605
2001,Chicago White Sox,0.46774193548387094,0.017883621578202856,0.1460641123418032,0.18247639638816202,0.6896551724137931,0.512345679
2001,Miami Marlins,0.5,0.017171006333567912,0.13864518821243413,0.1824763934831582,0.3793103448275862,0.4691358025
2001,Boston Red Sox,0.4461538461538462,0.018974238678672175,0.10844173702412332,0.18229337116174898,0.3793103448275862,0.5061728395
2001,Los Angeles Dodgers,0.48333333333333334,0.05437079341020228,0.16871582167042945,0.18284007381599512,0.7931034482758621,0.5308641975
2001,Milwaukee Brewers,0.453125,0.011620262605484283,0.11196508504875852,0.18211217191179763,0.48275862068965514,0.4197530864
2001,Cincinnati Reds,0.5471698113207547,0.04942681155735343,0.22171167157507726,0.18284244284660778,0.7586206896551724,0.4074074074
2001,San Diego Padres,0.48333333333333334,0.056996779903183845,0.14302771755208007,0.18265741498318855,0.8275862068965517,0.487654321
2001,Chicago Cubs,0.5087719298245614,0.08174803097832656,0.19730954979054735,0.18302218850527432,0.7931034482758621,0.5432098765
2001,Los Angeles Angels,0.5087719298245614,0.007583176948940497,0.19649304001769838,0.18247785887602108,0.27586206896551724,0.462962963
2001,Pittsburgh Pirates,0.5471698113207547,0.0864235791575693,0.23489042070280422,0.1830238296508681,0.7241379310344828,0.3827160494
2001,Minnesota Twins,0.4461538461538462,0.02622321917272656,0.10846197654722248,0.1822931903252614,0.3103448275862069,0.524691358
2001,Arizona Diamondbacks,0.5178571428571429,0.030055627869667277,0.1996471547898398,0.18265960426669,0.41379310344827586,0.5679012346
2001,Philadelphia Phillies,0.5087719298245614,0.0372346352334037,0.1806167645732296,0.18265887547385745,0.48275862068965514,0.5308641975
2001,St. Louis Cardinals,0.4084507042253521,0.020145242004847914,0.07176142163131413,0.18211034865877707,0.27586206896551724,0.5740740741
2001,Texas Rangers,0.47540983606557374,0.056814993298983436,0.1929293190727185,0.18284062431421846,0.6896551724137931,0.450617284
2001,Washington Nationals,0.3972602739726027,0.00815691219016342,0.07922050937754983,0.1821105324002685,0.27586206896551724,0.4197530864
2001,Atlanta Braves,0.4603174603174603,0.014443609209619056,0.11544243739077563,0.18229337461144102,0.3103448275862069,0.5432098765
2001,Detroit Tigers,0.4264705882352941,0.01486531394166862,0.10087425124467936,0.18229264563704572,0.3448275862068966,0.4074074074
2001,Houston Astros,0.4461538461538462,0.009070797155772525,0.10714432155260412,0.18211162613420553,0.3103448275862069,0.5740740741
2001,San Francisco Giants,0.5,0.0423655367620885,0.19904385658755508,0.18265960499294098,0.6551724137931034,0.5555555556
2001,Baltimore Orioles,0.3972602739726027,0.012089002267573694,0.06826121331218674,0.1821103479325261,0.27586206896551724,0.3888888889
2001,Seattle Mariners,0.42028985507246375,0.002608198451794511,0.07644472987793001,0.18192896711983617,0.3448275862068966,0.7160493827
2002,Oakland Athletics,0.5087719298245614,0.0638858302343524,0.17656684038048914,0.18281625241217625,1.0,0.6358024691
2002,Toronto Blue Jays,0.4142857142857143,0.03239150012549027,0.08230303992013539,0.18226780017122562,0.3793103448275862,0.4814814815
2002,Colorado Rockies,0.5370370370370371,0.10402601298537259,0.19105976875967778,0.18299797757222694,1.0,0.450617284
2002,Arizona Diamondbacks,0.48333333333333334,0.019282650163192035,0.14914042060541288,0.18245189730671088,0.3448275862068966,0.6049382716
2002,Texas Rangers,0.5370370370370371,0.05924353424353425,0.1839685688571752,0.18263562283392162,0.896551724137931,0.4444444444
2002,Los Angeles Dodgers,0.5,0.012027839429317263,0.22411840601825533,0.18263635878895082,0.7586206896551724,0.5679012346
2002,Atlanta Braves,0.5370370370370371,0.0600565348718058,0.22704820482762092,0.1829996199464621,0.8275862068965517,0.6234567901
2002,Los Angeles Angels,0.4142857142857143,0.006622879036672141,0.05540991903081719,0.18190380868636297,0.20689655172413793,0.6111111111
2002,Seattle Mariners,0.43283582089552236,0.01995073891625616,0.08075602152803193,0.18226743763985084,0.3448275862068966,0.5740740741
2002,Milwaukee Brewers,0.6041666666666666,0.12696285651950676,0.28728066094163884,0.18354661098809597,1.1724137931034482,0.3456790123
2002,New York Mets,0.5471698113207547,0.10629056903687445,0.2034751855925734,0.18281770998073313,1.3103448275862069,0.462962963
2002,San Francisco Giants,0.4461538461538462,0.014763588901519934,0.10562656864464054,0.1822688948453317,0.27586206896551724,0.5864197531
2002,Baltimore Orioles,0.3972602739726027,0.0019649172666414043,0.057634073430186956,0.18190362823759657,0.13793103448275862,0.4135802469
2002,Chicago White Sox,0.5,0.06884778125541674,0.1809463678158927,0.18281625331986623,0.6551724137931034,0.5
2002,Houston Astros,0.48333333333333334,0.01234850261943858,0.1289598677564187,0.18226980798144346,0.27586206896551724,0.5185185185
2002,Washington Nationals,0.5272727272727272,0.056097641411680825,0.27480058974635585,0.1831820779753961,1.2758620689655171,0.512345679
2002,Boston Red Sox,0.5,0.02602034664842547,0.2064358467611203,0.18263581036266982,0.48275862068965514,0.5740740741
2002,San Diego Padres,0.5686274509803921,0.08927364712463233,0.2543171737803491,0.18318243687601102,0.8275862068965517,0.4074074074
2002,Chicago Cubs,0.5,0.03854851019259887,0.21577963497792266,0.18281735162473223,0.6551724137931034,0.4135802469
2002,St. Louis Cardinals,0.5,0.024500899346958458,0.1938966616197998,0.1826352622994648,0.5517241379310345,0.5987654321
2002,Detroit Tigers,0.5370370370370371,0.05550628216884375,0.22560194766709782,0.18281826076700808,0.6896551724137931,0.3395061728
2002,Pittsburgh Pirates,0.46774193548387094,0.02045949739915257,0.15686103370403054,0.18245207993393323,0.41379310344827586,0.4444444444
2002,Miami Marlins,0.4915254237288136,0.015779950755320214,0.17363742640976185,0.182452991254665,0.8275862068965517,0.487654321
2002,Philadelphia Phillies,0.5178571428571429,0.03882326280725295,0.23342462231608702,0.18299980184753248,0.6551724137931034,0.4938271605
2002,Cleveland Guardians,0.5370370370370371,0.02930400196410049,0.264361910072537,0.18300089906317052,0.9310344827586207,0.4567901235
2002,Cincinnati Reds,0.5272727272727272,0.0617936182591355,0.24947944296716915,0.1830001692804331,0.7241379310344828,0.4814814815
2002,Kansas City Royals,0.35365853658536583,0.0,0.02864449347434936,0.18172099230142807,0.06896551724137931,0.3827160494
2002,New York Yankees,0.4264705882352941,0.006477779199454077,0.0835650749852345,0.18208608045731475,0.20689655172413793,0.6358024691
2002,Minnesota Twins,0.3670886075949367,0.0,0.038128489788549116,0.18172117674403035,0.1724137931034483,0.5802469136
2002,Tampa Bay Rays,0.38666666666666666,0.004857201501290172,0.04261328278327926,0.18190307944823955,0.20689655172413793,0.3395061728
2003,San Diego Padres,0.4915254237288136,0.041970796034835445,0.19573821459169047,0.1826901934505962,0.6206896551724138,0.3950617284
2003,Oakland Athletics,0.5370370370370371,0.04085074388247381,0.28575826696918183,0.18305557884111998,0.6551724137931034,0.5925925926
2003,Miami Marlins,0.453125,0.038431997668450874,0.1550044166803474,0.18250659478621467,0.48275862068965514,0.5617283951
2003,Detroit Tigers,0.4603174603174603,0.01407863563398191,0.11487355859125929,0.18250567864786862,0.27586206896551724,0.2654320988
2003,Chicago White Sox,0.5272727272727272,0.09351721075859008,0.23887991421115573,0.18287252277760627,0.7931034482758621,0.5308641975
2003,New York Yankees,0.58,0.15553101555709495,0.3338486806945434,0.18360164178573102,1.206896551724138,0.6234567901
2003,Washington Nationals,0.4461538461538462,0.035617034169989834,0.1332971733542451,0.18232481441583892,0.5862068965517241,0.512345679
2003,Houston Astros,0.47540983606557374,0.016050947547252965,0.1275725342731002,0.18232463245932304,0.3103448275862069,0.537037037
2003,Los Angeles Dodgers,0.5,0.05054479652965599,0.20360192243546688,0.18269037685985873,0.5862068965517241,0.524691358
2003,Colorado Rockies,0.5686274509803921,0.12309484058071424,0.24934124642025124,0.18323643889650312,0.6896551724137931,0.4567901235
2003,Toronto Blue Jays,0.46774193548387094,0.02468674251309719,0.13363484010774168,0.1823244523187404,0.3793103448275862,0.5308641975
2003,Kansas City Royals,0.5,0.03419538521139506,0.19032837903234545,0.18287087972116323,0.5862068965517241,0.512345679
2003,Cincinnati Reds,0.5918367346938775,0.09615131821557496,0.3301539636703762,0.18323935855405074,0.7586206896551724,0.4259259259
2003,Boston Red Sox,0.5,0.038663580535501715,0.20204093892283959,0.1826898329878376,0.7931034482758621,0.5864197531
2003,Baltimore Orioles,0.43283582089552236,0.012002776554718021,0.0833850538052407,0.18214157730377595,0.27586206896551724,0.4382716049
2003,Tampa Bay Rays,0.4264705882352941,0.02456893677011034,0.08081081752556678,0.18232280780955076,0.24137931034482757,0.3888888889
2003,Milwaukee Brewers,0.42028985507246375,0.038932542714055315,0.09520481487979326,0.18232353618039435,0.5862068965517241,0.4197530864
2003,San Francisco Giants,0.4461538461538462,0.034636255233545875,0.10309229269079172,0.18250513368628757,0.5862068965517241,0.6172839506
2003,Atlanta Braves,0.4027777777777778,0.00664438189068731,0.0764956232040393,0.18195907455513646,0.27586206896551724,0.6234567901
2003,Cleveland Guardians,0.4393939393939394,0.024839584977950666,0.1230157014598661,0.18232390554122602,0.48275862068965514,0.4197530864
2003,Philadelphia Phillies,0.4915254237288136,0.0401761389790222,0.15807663371820255,0.18268855329964642,0.5862068965517241,0.5308641975
2003,Texas Rangers,0.47540983606557374,0.04002590506502416,0.18488614691563593,0.1825076888860234,0.5517241379310345,0.4382716049
2003,St. Louis Cardinals,0.4603174603174603,0.0318735827664399,0.13535965873180847,0.18250604582958038,0.41379310344827586,0.524691358
2003,Chicago Cubs,0.5471698113207547,0.05205263260355986,0.27437469512459134,0.18305521347534154,0.7241379310344828,0.5432098765
2003,Arizona Diamondbacks,0.47540983606557374,0.032295622412617485,0.17286982280879987,0.1825073238834316,0.7931034482758621,0.5185185185
2003,Seattle Mariners,0.4393939393939394,0.005596500516451255,0.14652631824879436,0.18232463554640965,0.27586206896551724,0.5740740741
2003,New York Mets,0.453125,0.01677756646425148,0.18292389208744445,0.18250768906761675,0.48275862068965514,0.4074074074
2003,Pittsburgh Pirates,0.4461538461538462,0.020886361336593155,0.1583894512379322,0.1825067772875106,0.7586206896551724,0.462962963
2003,Minnesota Twins,0.4603174603174603,0.02466577278769397,0.11973729916285612,0.18232444886846716,0.5172413793103449,0.5555555556
2003,Los Angeles Angels,0.3493975903614458,0.0,0.03925368032392778,0.18177620171929196,0.13793103448275862,0.475308642
2004,Boston Red Sox,0.5178571428571429,0.042593978954816404,0.19797933758122663,0.18282321770875795,0.6551724137931034,0.6049382716
2004,Washington Nationals,0.5918367346938775,0.12596280976822846,0.2754129166570989,0.18337113838933874,0.9655172413793103,0.4135802469
2004,Cleveland Guardians,0.5272727272727272,0.04899965592699583,0.21728497468909835,0.1828235867873505,0.896551724137931,0.4938271605
2004,Seattle Mariners,0.4461538461538462,0.05516930045870933,0.12926745726844316,0.18245684339298807,0.7586206896551724,0.3888888889
2004,San Diego Padres,0.5178571428571429,0.03573520759481351,0.20593700106585616,0.18264185688173434,1.0,0.537037037
2004,Detroit Tigers,0.43283582089552236,0.006090683399796701,0.08492177508721249,0.18209229050639628,0.24137931034482757,0.4444444444
2004,New York Mets,0.5471698113207547,0.07363430220573078,0.266143111075909,0.1831883201285025,0.9310344827586207,0.4382716049
2004,Kansas City Royals,0.6170212765957447,0.1251944176513142,0.3993589894293504,0.1841011609588294,1.0689655172413792,0.3580246914
2004,Texas Rangers,0.46774193548387094,0.003564586754241927,0.1297339655181499,0.18227566302052473,0.27586206896551724,0.549382716
2004,New York Yankees,0.5272727272727272,0.08130180233012746,0.16205910351189973,0.1826403927308003,0.5517241379310345,0.6234567901
2004,St. Louis Cardinals,0.5272727272727272,0.03989217200424098,0.18807645822919605,0.1828221257226614,0.5862068965517241,0.6481481481
2004,Atlanta Braves,0.5576923076923077,0.04758434641439567,0.21354837693641288,0.18282394697029575,0.5517241379310345,0.5925925926
2004,Chicago Cubs,0.5,0.05386606756680649,0.16462501929348566,0.18264021245778386,0.6896551724137931,0.549382716
2004,Houston Astros,0.4915254237288136,0.006698552542148602,0.17660053712300808,0.1824590333561273,0.4482758620689655,0.5679012346
2004,Cincinnati Reds,0.4461538461538462,0.051739287669090625,0.0846196346988067,0.18227383578194425,0.41379310344827586,0.4691358025
2004,Arizona Diamondbacks,0.43283582089552236,0.0017720306513409963,0.08216083036885244,0.18191056459474425,0.3103448275862069,0.3148148148
2004,Chicago White Sox,0.5370370370370371,0.05177062264500688,0.19272553363371314,0.18282267235111305,0.6206896551724138,0.512345679
2004,Philadelphia Phillies,0.5,0.03145142692556486,0.13690428613938682,0.18263893511544385,0.48275862068965514,0.5308641975
2004,Milwaukee Brewers,0.5272727272727272,0.06989059107285707,0.18662721349859449,0.18282267071721864,0.6896551724137931,0.4135802469
2004,Los Angeles Dodgers,0.5686274509803921,0.12128195764279505,0.27444587061415693,0.18337041148787064,1.103448275862069,0.5740740741
2004,Toronto Blue Jays,0.5272727272727272,0.02858303437121171,0.19716148114723103,0.18282285462111156,0.5517241379310345,0.4135802469
2004,San Francisco Giants,0.38666666666666666,0.004032318256456187,0.04834326162294822,0.1819092847107907,0.24137931034482757,0.5617283951
2004,Minnesota Twins,0.31868131868131866,0.0012315270935960591,0.019315347152246747,0.1817262800044481,0.10344827586206896,0.5679012346
2004,Tampa Bay Rays,0.43283582089552236,0.002053078284605378,0.1102350806292512,0.1820932045795461,0.27586206896551724,0.4320987654
2004,Miami Marlins,0.4915254237288136,0.009351844789036907,0.1881357815203295,0.1824595816184733,0.5517241379310345,0.512345679
2004,Pittsburgh Pirates,0.453125,0.004580077147811138,0.15238510573969102,0.1822763930082378,0.4482758620689655,0.4444444444
2004,Colorado Rockies,0.43283582089552236,0.009061587017252041,0.10709010818469263,0.1820932031271955,0.27586206896551724,0.4197530864
2004,Baltimore Orioles,0.453125,0.006794382410145957,0.18244015313780165,0.1824588534461985,0.3103448275862069,0.4814814815
2004,Oakland Athletics,0.4603174603174603,0.023398317610140273,0.1370544539264496,0.18245702711533715,0.6896551724137931,0.5617283951
2004,Los Angeles Angels,0.4027777777777778,0.0017446633825944171,0.0537972764677002,0.18190946807005215,0.13793103448275862,0.5679012346
2005,New York Mets,0.5,0.02851864883884589,0.155078056255108,0.18244630090206942,0.48275862068965514,0.512345679
2005,Detroit Tigers,0.4915254237288136,0.021353888995514606,0.1474551838401972,0.18262728782657997,0.5172413793103449,0.4382716049
2005,New York Yankees,0.5576923076923077,0.044027240548176506,0.20509538630458884,0.18281191846270523,0.6206896551724138,0.5864197531
2005,Arizona Diamondbacks,0.5272727272727272,0.0955397059153217,0.19442025214151887,0.18299199972374197,1.0,0.475308642
2005,Chicago Cubs,0.5686274509803921,0.11267369398527033,0.2284482698518599,0.18317517211278667,0.9310344827586207,0.487654321
2005,Los Angeles Dodgers,0.4264705882352941,0.011205030601582327,0.07366563050464246,0.1820799486811654,0.3448275862068966,0.4382716049
2005,Toronto Blue Jays,0.3670886075949367,0.006571565407772304,0.04573412018108301,0.1818973194360601,0.48275862068965514,0.4938271605
2005,Boston Red Sox,0.6170212765957447,0.12077547179148161,0.32983755452325086,0.18354243526159442,1.1379310344827587,0.5864197531
2005,Baltimore Orioles,0.5,0.013303069399128512,0.21290260567992217,0.18262966281059034,0.4482758620689655,0.4567901235
2005,Tampa Bay Rays,0.5272727272727272,0.024510024048201386,0.173695049396544,0.18244721219303728,0.3448275862068966,0.4135802469
2005,Washington Nationals,0.5370370370370371,0.06649302394376286,0.22933908564525637,0.1829934570631622,0.7241379310344828,0.5
2005,Chicago White Sox,0.48333333333333334,0.011329116286012839,0.17157989713592067,0.18244684858431046,0.4482758620689655,0.6111111111
2005,San Diego Padres,0.6041666666666666,0.14809347056884006,0.31308377534390086,0.18354061939634517,1.103448275862069,0.5061728395
2005,Atlanta Braves,0.5370370370370371,0.0406584760340918,0.23934950029296134,0.18299436835413005,0.5517241379310345,0.5555555556
2005,Milwaukee Brewers,0.4264705882352941,0.013508768188571146,0.10187645445629337,0.18226221395447975,0.3793103448275862,0.5
2005,Seattle Mariners,0.4603174603174603,0.02141811048830753,0.13744081729353752,0.1822638555489463,0.41379310344827586,0.4259259259
2005,San Francisco Giants,0.5178571428571429,0.048438609830235436,0.17236243791982242,0.1826285636339349,0.6206896551724138,0.462962963
2005,Houston Astros,0.4393939393939394,0.00024630541871921186,0.0835860289868356,0.18189878095071785,0.10344827586206896,0.549382716
2005,Los Angeles Angels,0.4461538461538462,0.029839796219106565,0.11413651084484384,0.18244447723094143,0.41379310344827586,0.5864197531
2005,St. Louis Cardinals,0.4461538461538462,0.0056181093126905935,0.14532471545906483,0.1822636765583299,0.3448275862068966,0.6172839506
2005,Cleveland Guardians,0.4393939393939394,0.006671304885590599,0.1086026437605638,0.1820810464055643,0.27586206896551724,0.5740740741
2005,Texas Rangers,0.5272727272727272,0.03019538275080147,0.23875598670381398,0.18281229042190705,0.5862068965517241,0.487654321
2005,Colorado Rockies,0.5471698113207547,0.08185746929589294,0.2643299841039333,0.1831757265117141,0.896551724137931,0.4135802469
2005,Cincinnati Reds,0.46774193548387094,0.0031752251579837787,0.1511370864843393,0.18226422224371822,0.27586206896551724,0.450617284
2005,Philadelphia Phillies,0.4915254237288136,0.023476895983053626,0.17810790708198646,0.18262856544925554,0.5172413793103449,0.5432098765
2005,Kansas City Royals,0.453125,0.016332084035286007,0.14560977394979358,0.1822636772844582,0.3448275862068966,0.3456790123
2005,Pittsburgh Pirates,0.5087719298245614,0.02642721263410919,0.19667155299227207,0.18262893123636717,0.41379310344827586,0.4135802469
2005,Oakland Athletics,0.4915254237288136,0.030526411191435825,0.12775741315575972,0.18244520499299122,0.4482758620689655,0.5432098765
2005,Minnesota Twins,0.3918918918918919,0.003113026819923372,0.060543775744286606,0.18207921910379496,0.1724137931034483,0.512345679
2005,Miami Marlins,0.48333333333333334,0.047107787532664376,0.14066755158045338,0.1824455720508273,0.7241379310344828,0.512345679
2006,New York Mets,0.6170212765957447,0.13405984798626192,0.318475903922007,0.18366932380950138,1.1724137931034482,0.5987654321
2006,Los Angeles Dodgers,0.5576923076923077,0.05527574348080061,0.21469588114882251,0.18275809342269006,0.9655172413793103,0.5432098765
2006,San Diego Padres,0.5576923076923077,0.05314964486998743,0.2499813627970584,0.1829403068341963,1.0689655172413792,0.5432098765
2006,Texas Rangers,0.5686274509803921,0.09579785153350788,0.31282354756350794,0.18348675542902632,1.206896551724138,0.4938271605
2006,Miami Marlins,0.46774193548387094,0.019144870591914925,0.12265256354993745,0.18220873212236424,0.3793103448275862,0.4814814815
2006,Colorado Rockies,0.4393939393939394,0.03356790992258973,0.09725088830959788,0.1822074547059166,0.48275862068965514,0.4691358025
2006,Toronto Blue Jays,0.46774193548387094,0.01606400260799427,0.10654440297822894,0.1822078196561192,0.27586206896551724,0.537037037
2006,Milwaukee Brewers,0.5272727272727272,0.020613150421224326,0.18766568741315953,0.1825744294656992,0.6896551724137931,0.462962963
2006,Chicago Cubs,0.5272727272727272,0.07307526481584412,0.21379881901580833,0.18293811840331944,0.6896551724137931,0.4074074074
2006,Baltimore Orioles,0.4915254237288136,0.022224691862115797,0.18113941922826335,0.1825742461739515,0.5172413793103449,0.4320987654
2006,Tampa Bay Rays,0.47540983606557374,0.04007930724422793,0.13029734355605294,0.1825718728180341,0.7241379310344828,0.3765432099
2006,Cleveland Guardians,0.5087719298245614,0.06200032907170411,0.20059390250124365,0.18275663797732702,0.896551724137931,0.4814814815
2006,Boston Red Sox,0.5471698113207547,0.04474402818235105,0.25139486143440254,0.18294048849265118,0.8620689655172413,0.5308641975
2006,Philadelphia Phillies,0.5471698113207547,0.0516813101597915,0.21535825167684594,0.18275754844732534,0.8620689655172413,0.524691358
2006,Los Angeles Angels,0.4264705882352941,0.014483638282899365,0.08393151038735072,0.1822067246240344,0.3103448275862069,0.549382716
2006,Arizona Diamondbacks,0.5178571428571429,0.0454400971237616,0.15866615188650404,0.18257333189293667,0.7241379310344828,0.4691358025
2006,Chicago White Sox,0.5471698113207547,0.03251253479448206,0.24619667764273986,0.18293976258473948,0.6551724137931034,0.5555555556
2006,Seattle Mariners,0.5087719298245614,0.03628154342014849,0.15847957237455126,0.18257369520984648,0.5517241379310345,0.4814814815
2006,Cincinnati Reds,0.6590909090909091,0.1115943414074548,0.342042965032546,0.18403337660846236,1.103448275862069,0.4938271605
2006,Oakland Athletics,0.48333333333333334,0.005196634557689324,0.12544160935393617,0.1822087324853182,0.24137931034482757,0.5740740741
2006,Kansas City Royals,0.5272727272727272,0.03306689367401133,0.2134494863229197,0.18275718513041553,0.7931034482758621,0.3827160494
2006,Atlanta Braves,0.47540983606557374,0.016792324807802364,0.139331969235415,0.1823907618791688,0.3793103448275862,0.487654321
2006,San Francisco Giants,0.4264705882352941,0.009931501336166649,0.05134477853214711,0.18202414844004924,0.24137931034482757,0.4691358025
2006,Houston Astros,0.3625,0.004554473304473305,0.032220969362982285,0.18184175718110465,0.3103448275862069,0.5061728395
2006,Pittsburgh Pirates,0.453125,0.021228185631619417,0.10872681275173823,0.1822083646314839,0.3448275862068966,0.4135802469
2006,New York Yankees,0.3972602739726027,0.009978790366721401,0.07960303699929726,0.18220654223967156,0.48275862068965514,0.5987654321
2006,Minnesota Twins,0.4461538461538462,0.0006978653530377669,0.07870768843846478,0.18184394924152106,0.1724137931034483,0.5925925926
2006,St. Louis Cardinals,0.3972602739726027,0.0071879770717064246,0.0600191315854005,0.18202433191327397,0.20689655172413793,0.512345679
2006,Washington Nationals,0.5370370370370371,0.05129432037228139,0.158806404018731,0.18275535529804704,0.7241379310344828,0.4382716049
2006,Detroit Tigers,0.38666666666666666,0.01251737894739923,0.05694141074968653,0.18202433082441208,0.3103448275862069,0.5864197531
2007,New York Yankees,0.4393939393939394,0.021155384024842155,0.10420436555910424,0.18232358529584486,0.3448275862068966,0.5802469136
2007,Arizona Diamondbacks,0.5272727272727272,0.08426971222537723,0.2581885487543334,0.18305489559169486,1.0,0.5555555556
2007,Kansas City Royals,0.4603174603174603,0.009610398495866477,0.1653890992458364,0.18232541448409031,0.3793103448275862,0.4259259259
2007,Cincinnati Reds,0.5,0.05967010890040447,0.20754564940447295,0.18287147575152937,0.5862068965517241,0.4444444444
2007,Colorado Rockies,0.4393939393939394,0.03626050331715356,0.11442230633017435,0.18232376943134385,0.3448275862068966,0.5555555556
2007,Baltimore Orioles,0.4264705882352941,0.01701364453827508,0.09875232081941458,0.18232304015307582,0.48275862068965514,0.4259259259
2007,Chicago White Sox,0.42028985507246375,0.07059969997162115,0.10663987817701338,0.18232340406583702,0.3793103448275862,0.4444444444
2007,Texas Rangers,0.5370370370370371,0.08627723877108114,0.1714749359190488,0.18287110548300634,0.7241379310344828,0.462962963
2007,Atlanta Braves,0.5087719298245614,0.05339083125413176,0.2316619946393712,0.18287257112167696,1.0,0.5185185185
2007,Pittsburgh Pirates,0.4461538461538462,0.02919896537507375,0.10959467707136743,0.18232376834178465,0.41379310344827586,0.4197530864
2007,Oakland Athletics,0.5576923076923077,0.08015336811519076,0.3405938427573837,0.1832394111651942,0.9655172413793103,0.4691358025
2007,Detroit Tigers,0.5686274509803921,0.09045600335624968,0.2898739678106709,0.18323813111476814,0.9655172413793103,0.5432098765
2007,Seattle Mariners,0.4603174603174603,0.03595765892563922,0.12692990769232695,0.18268823151198274,0.3793103448275862,0.5432098765
2007,Chicago Cubs,0.5,0.060666136682146536,0.25478640111670586,0.18287330094472454,0.7586206896551724,0.524691358
2007,Tampa Bay Rays,0.46774193548387094,0.020090609992087824,0.16894387487553686,0.18250719017947525,0.4482758620689655,0.4074074074
2007,Miami Marlins,0.4915254237288136,0.03737734966183242,0.17272242133365,0.18250737322541502,0.5172413793103449,0.4382716049
2007,Milwaukee Brewers,0.5178571428571429,0.08182518083995917,0.260100855964834,0.18305489595488122,0.6206896551724138,0.512345679
2007,Los Angeles Dodgers,0.4603174603174603,0.03720047057485481,0.11164716657162962,0.18232376888656426,0.27586206896551724,0.5061728395
2007,Washington Nationals,0.5576923076923077,0.0989167988552225,0.268355042126878,0.18323703665258656,0.6551724137931034,0.450617284
2007,Houston Astros,0.5,0.049406607349957096,0.18170317371024677,0.1826896947899418,0.7586206896551724,0.450617284
2007,Boston Red Sox,0.42028985507246375,0.01557084814473977,0.06995704786674257,0.18195930226609547,0.3103448275862069,0.5925925926
2007,San Francisco Giants,0.42028985507246375,0.024411084263301012,0.08285106083834927,0.1823230372475847,0.27586206896551724,0.4382716049
2007,Philadelphia Phillies,0.4915254237288136,0.030142305696492882,0.11649404354534551,0.1825060906326842,0.4482758620689655,0.549382716
2007,San Diego Padres,0.5272727272727272,0.06305479208804332,0.28366664344849246,0.18305580864227539,0.6551724137931034,0.549382716
2007,Cleveland Guardians,0.38666666666666666,0.0021038587848932677,0.04547370176889568,0.18195838903392172,0.13793103448275862,0.5925925926
2007,St. Louis Cardinals,0.46774193548387094,0.012331886777699587,0.14978115228218447,0.18250664303918107,0.27586206896551724,0.4814814815
2007,Minnesota Twins,0.4603174603174603,0.01899883777962596,0.158038651186933,0.18250682499556165,0.4482758620689655,0.487654321
2007,Los Angeles Angels,0.29896907216494845,0.0009236453201970443,0.016961399053524874,0.1817755176052028,0.10344827586206896,0.5802469136
2007,New York Mets,0.4915254237288136,0.013113853169271886,0.18710492191319028,0.18268969533472137,0.3793103448275862,0.5432098765
2007,Toronto Blue Jays,0.3918918918918919,0.0,0.08718427161992603,0.18195930498999338,0.13793103448275862,0.512345679
2008,Oakland Athletics,0.47540983606557374,0.025771703665792334,0.2234679018823679,0.1826174076847771,0.6551724137931034,0.462962963
2008,Chicago White Sox,0.5178571428571429,0.07602524029465496,0.3528399848960091,0.18316562394479635,0.8620689655172413,0.549382716
2008,Chicago Cubs,0.4915254237288136,0.05865633609765746,0.18863720521551042,0.18279892648386614,0.5862068965517241,0.5987654321
2008,New York Mets,0.43283582089552236,0.04640454405377616,0.12321360838443646,0.18261594370333564,0.7241379310344828,0.549382716
2008,Atlanta Braves,0.4915254237288136,0.10112728999645834,0.25758180014710147,0.18279966147268714,0.5517241379310345,0.4444444444
2008,Toronto Blue Jays,0.4603174603174603,0.02987942303358124,0.1500392904860512,0.18243442363232526,0.3103448275862069,0.5308641975
2008,St. Louis Cardinals,0.4142857142857143,0.02240001016080413,0.08985213380611407,0.1822510770822967,0.24137931034482757,0.5308641975
2008,Tampa Bay Rays,0.46774193548387094,0.052787063101102503,0.1970153986416267,0.18261704118973335,0.3103448275862069,0.5987654321
2008,Boston Red Sox,0.5370370370370371,0.02756372664008132,0.30843122607412155,0.18298318845384035,0.48275862068965514,0.5864197531
2008,Minnesota Twins,0.3333333333333333,0.015828588488687012,0.04187900277313069,0.18206809521028144,0.41379310344827586,0.5432098765
2008,Texas Rangers,0.4264705882352941,0.027334525764328713,0.10209162483587306,0.18243332687273972,0.3103448275862069,0.487654321
2008,Detroit Tigers,0.4393939393939394,0.04256538822425522,0.1306364149330344,0.1824336950031109,0.3448275862068966,0.4567901235
2008,Baltimore Orioles,0.453125,0.02516199008338967,0.16257751200953702,0.18279819658273047,0.48275862068965514,0.4197530864
2008,Seattle Mariners,0.5370370370370371,0.11944030747095079,0.22397160430670143,0.1829822706717551,0.8275862068965517,0.3765432099
2008,Cincinnati Reds,0.42028985507246375,0.02031200411198962,0.11575709247958241,0.18225162491698035,0.41379310344827586,0.4567901235
2008,Kansas City Royals,0.47540983606557374,0.05179278607994922,0.20330683544196024,0.18279838210154037,0.48275862068965514,0.462962963
2008,Pittsburgh Pirates,0.5576923076923077,0.12339553898884525,0.34062355805912475,0.18334750905722608,0.9310344827586207,0.4135802469
2008,Colorado Rockies,0.4393939393939394,0.01912811101452075,0.1338264946436541,0.18243369354948655,0.3448275862068966,0.4567901235
2008,Arizona Diamondbacks,0.4084507042253521,0.0463483251189713,0.10735600017090899,0.18261521416560605,0.48275862068965514,0.5061728395
2008,Los Angeles Dodgers,0.453125,0.014212897802799279,0.1570816267061939,0.18243442417743438,0.3103448275862069,0.5185185185
2008,Milwaukee Brewers,0.38666666666666666,0.06896551724137931,0.08526114814548656,0.18225071204087737,0.27586206896551724,0.5555555556
2008,Philadelphia Phillies,0.5087719298245614,0.07486713337372568,0.2693780313510028,0.18316397916882415,0.5517241379310345,0.5679012346
2008,Houston Astros,0.3625,0.009257582343282141,0.049677599546573824,0.18206809539198449,0.1724137931034483,0.5308641975
2008,Cleveland Guardians,0.5272727272727272,0.16626994580486318,0.24584005812667875,0.18316379583045075,0.7586206896551724,0.5
2008,San Diego Padres,0.4027777777777778,0.03436760284050924,0.08752106106401741,0.18243296255813257,0.3103448275862069,0.3888888889
2008,New York Yankees,0.46774193548387094,0.054676808027286146,0.17974270256256225,0.1826164940818619,0.5862068965517241,0.549382716
2008,San Francisco Giants,0.2815533980582524,0.0,0.015847891440608747,0.18188529667663955,0.06896551724137931,0.4444444444
2008,Washington Nationals,0.3972602739726027,0.02501572729405242,0.10103737512614362,0.18243332759955191,0.3793103448275862,0.3641975309
2008,Los Angeles Angels,0.3333333333333333,0.0,0.04787729137511448,0.18188584560154147,0.10344827586206896,0.6172839506
2008,Miami Marlins,0.4393939393939394,0.015764079926641503,0.1332631702513582,0.18243405877260896,0.3103448275862069,0.5185185185
2009,Chicago Cubs,0.5370370370370371,0.028781189049046193,0.19552027184007673,0.18253897587000287,0.9655172413793103,0.512345679
2009,Colorado Rockies,0.5178571428571429,0.014265260601467497,0.15475947160266565,0.18253660462452,0.41379310344827586,0.5679012346
2009,Baltimore Orioles,0.5370370370370371,0.0912929947720588,0.18634987861241142,0.1829011305008146,0.6896551724137931,0.3950617284
2009,Boston Red Sox,0.5918367346938775,0.08907310874675405,0.29347610562879883,0.1834507483350415,0.896551724137931,0.5864197531
2009,Seattle Mariners,0.6170212765957447,0.11758233556263113,0.3122335077004612,0.18363255984930316,1.103448275862069,0.524691358
2009,Oakland Athletics,0.5,0.044700640082413486,0.1782060172383482,0.18271932370400512,0.8620689655172413,0.462962963
2009,Milwaukee Brewers,0.4461538461538462,0.0153689393529295,0.12986492776703532,0.18235388445639203,0.41379310344827586,0.4938271605
2009,New York Yankees,0.5471698113207547,0.03072807734137783,0.22068337801274832,0.18290222857853,0.6896551724137931,0.6358024691
2009,San Diego Padres,0.5576923076923077,0.04478691806278013,0.21129670988586305,0.18290258855641953,0.7586206896551724,0.462962963
2009,Toronto Blue Jays,0.4915254237288136,0.010775417795122227,0.1595253242572698,0.18253678787939315,0.48275862068965514,0.462962963
2009,Tampa Bay Rays,0.5178571428571429,0.09472670186955902,0.1676783264869703,0.1827191377275249,0.6551724137931034,0.5185185185
2009,Cleveland Guardians,0.47540983606557374,0.04803759458931872,0.12650214130525056,0.182535507091126,0.8620689655172413,0.4012345679
2009,Chicago White Sox,0.5686274509803921,0.08411825072847243,0.2495158027474698,0.18308513109432878,0.896551724137931,0.487654321
2009,San Francisco Giants,0.46774193548387094,0.013419335863917144,0.11484387933518124,0.18217207602661833,0.3103448275862069,0.5432098765
2009,St. Louis Cardinals,0.4915254237288136,0.01248660514362485,0.14024878755384623,0.18235461420995638,0.4482758620689655,0.5617283951
2009,Philadelphia Phillies,0.4461538461538462,0.00901556024708734,0.09942716017213812,0.18217134518441122,0.48275862068965514,0.5740740741
2009,Miami Marlins,0.5,0.033067876294477286,0.15969120178937157,0.1825367871536313,0.41379310344827586,0.537037037
2009,Atlanta Braves,0.5178571428571429,0.027914152760211874,0.18518151632801017,0.18253806558317237,0.6206896551724138,0.5308641975
2009,Detroit Tigers,0.5178571428571429,0.008233638282899365,0.17523694165139256,0.18253769834766415,0.4482758620689655,0.5308641975
2009,Cincinnati Reds,0.4915254237288136,0.032880884851328195,0.1474553920671648,0.18235497872385759,0.4482758620689655,0.4814814815
2009,Houston Astros,0.3815789473684211,0.008138230475053135,0.04282467463018716,0.18180536016386886,0.1724137931034483,0.4567901235
2009,Kansas City Royals,0.453125,0.013671555250988749,0.10861430168922653,0.18217152916504628,0.3103448275862069,0.4012345679
2009,Arizona Diamondbacks,0.5178571428571429,0.04046049052206688,0.22252178052069255,0.18290241074476038,0.5862068965517241,0.4320987654
2009,Pittsburgh Pirates,0.6304347826086957,0.11244696908182132,0.3482337602974756,0.18381582651612224,1.3448275862068966,0.3827160494
2009,Los Angeles Dodgers,0.5087719298245614,0.024557865506141374,0.18530156400469627,0.1825380648574105,0.5862068965517241,0.5864197531
2009,Washington Nationals,0.5087719298245614,0.03697909575372629,0.19253581069236284,0.1825384300970736,0.6206896551724138,0.3641975309
2009,New York Mets,0.48333333333333334,0.0036314636376212728,0.1578327819884716,0.18235498307842882,0.3103448275862069,0.4320987654
2009,Minnesota Twins,0.4393939393939394,0.0174922436621944,0.09161705504469606,0.1821709794004267,0.3448275862068966,0.537037037
2009,Texas Rangers,0.3717948717948718,0.00466709672374697,0.031953286075746254,0.1818051749131505,0.20689655172413793,0.537037037
2009,Los Angeles Angels,0.34523809523809523,0.0,0.023379296611412255,0.18162318758307486,0.10344827586206896,0.5987654321
2010,Seattle Mariners,0.453125,0.01963406052076003,0.17950867432960688,0.18254379095428713,0.5172413793103449,0.3765432099
2010,Boston Red Sox,0.5471698113207547,0.06969844605312585,0.31400096141619593,0.18309288506580534,0.7586206896551724,0.549382716
2010,Cleveland Guardians,0.4603174603174603,0.03254117598329421,0.15429063492604034,0.18254269790727196,0.48275862068965514,0.4259259259
2010,Toronto Blue Jays,0.5370370370370371,0.09606431130445908,0.2163459730450901,0.1829086933847838,0.6896551724137931,0.524691358
2010,Oakland Athletics,0.58,0.1275546019388384,0.3458597838670393,0.183457424055445,0.8620689655172413,0.5
2010,San Diego Padres,0.5178571428571429,0.06805923961096375,0.2641664432487885,0.182909611522481,0.7586206896551724,0.5555555556
2010,Pittsburgh Pirates,0.5087719298245614,0.0673653727225156,0.19543758823095445,0.18272633325678672,0.7931034482758621,0.3518518519
2010,Los Angeles Angels,0.42028985507246375,0.027567147548674648,0.09889871266234512,0.1823601496109951,0.3793103448275862,0.4938271605
2010,New York Mets,0.4603174603174603,0.014462548945307567,0.11558619963202708,0.1823605157762963,0.20689655172413793,0.487654321
2010,Texas Rangers,0.5576923076923077,0.11208510291022607,0.2943324804253334,0.1832737850733379,0.8620689655172413,0.5555555556
2010,New York Yankees,0.5,0.026900292509898418,0.16043016288548378,0.18254360605534037,0.3448275862068966,0.5864197531
2010,Cincinnati Reds,0.3815789473684211,0.001172882946281961,0.07760075716790267,0.1819954315345563,0.1724137931034483,0.5617283951
2010,Milwaukee Brewers,0.4461538461538462,0.021979351382060742,0.12479491776771534,0.1823605174109628,0.4482758620689655,0.475308642
2010,Kansas City Royals,0.48333333333333334,0.08581851235792123,0.16861319715716386,0.18272596582007825,0.8275862068965517,0.4135802469
2010,Baltimore Orioles,0.5,0.037721914784722664,0.20377381763104865,0.18272688014355354,0.4482758620689655,0.4074074074
2010,Detroit Tigers,0.4461538461538462,0.010517916675552144,0.13624859591436295,0.18236106375284078,0.27586206896551724,0.5
2010,Miami Marlins,0.5087719298245614,0.048975326807839115,0.23019474847055812,0.18290851520613274,0.5172413793103449,0.4938271605
2010,St. Louis Cardinals,0.48333333333333334,0.05202951468345556,0.17560926117480496,0.18272523893836423,0.3793103448275862,0.5308641975
2010,San Francisco Giants,0.46774193548387094,0.015051153690316251,0.1628110212705852,0.18254324443077952,0.3448275862068966,0.5679012346
2010,Tampa Bay Rays,0.43283582089552236,0.0013341543513957306,0.11641071080740827,0.18217852217685965,0.24137931034482757,0.5925925926
2010,Colorado Rockies,0.47540983606557374,0.01941024902847563,0.15051022500245503,0.1825428779022191,0.3448275862068966,0.512345679
2010,Arizona Diamondbacks,0.5471698113207547,0.10719816923634656,0.24643676760743297,0.1832726889386193,0.896551724137931,0.4012345679
2010,Chicago White Sox,0.3815789473684211,0.0029855202268995375,0.06843316558689609,0.18199561225602193,0.20689655172413793,0.5432098765
2010,Washington Nationals,0.4264705882352941,0.019823721024459937,0.11696161278026326,0.1821785216319708,0.3448275862068966,0.4259259259
2010,Houston Astros,0.5,0.07269559258475515,0.25870163207835106,0.1830912398647645,0.6206896551724138,0.4691358025
2010,Philadelphia Phillies,0.3918918918918919,0.0,0.07832402738957368,0.1819956135274292,0.1724137931034483,0.5987654321
2010,Atlanta Braves,0.4603174603174603,0.030178367062603517,0.11519520827234088,0.18254196430526226,0.5517241379310345,0.5617283951
2010,Los Angeles Dodgers,0.4393939393939394,0.06477410452164145,0.0914642951273815,0.1823596030874875,0.41379310344827586,0.4938271605
2010,Minnesota Twins,0.3717948717948718,0.013190534834623504,0.06918901842316838,0.1821768791553742,0.3103448275862069,0.5802469136
2010,Chicago Cubs,0.30851063829787234,0.0016836201565265606,0.015080405442058705,0.18181197327391485,0.1724137931034483,0.462962963
2011,Tampa Bay Rays,0.4603174603174603,0.01984908906091172,0.15052949014261072,0.1826095197544944,0.4482758620689655,0.5617283951
2011,Chicago Cubs,0.48333333333333334,0.057347961288847976,0.22212024172161987,0.18279340784977796,0.7241379310344828,0.4382716049
2011,Oakland Athletics,0.5272727272727272,0.09442376862327599,0.3270860635727589,0.18315954295456302,1.1379310344827587,0.4567901235
2011,Texas Rangers,0.453125,0.03225330362029869,0.16957398441254845,0.18242873249733715,0.6206896551724138,0.5925925926
2011,Philadelphia Phillies,0.43283582089552236,0.019990662047312292,0.09135066252454532,0.18224520725062607,0.3793103448275862,0.6296296296
2011,Houston Astros,0.48333333333333334,0.04732387207756666,0.1851347533203001,0.18279267615663752,0.7241379310344828,0.3456790123
2011,Washington Nationals,0.5370370370370371,0.12688540933614822,0.33879591807223014,0.18334124123963338,0.8620689655172413,0.4938271605
2011,Toronto Blue Jays,0.46774193548387094,0.12083318296372483,0.19854760689134493,0.1829740121382259,0.9655172413793103,0.5
2011,Los Angeles Angels,0.3918918918918919,0.001867816091954023,0.08047865151045136,0.18206278181483604,0.20689655172413793,0.5308641975
2011,Colorado Rockies,0.5272727272727272,0.09397777236447187,0.25519805127512624,0.1829763807381213,0.7931034482758621,0.450617284
2011,Detroit Tigers,0.48333333333333334,0.068856048166393,0.2272445235025253,0.18279322615294646,0.5172413793103449,0.5864197531
2011,Arizona Diamondbacks,0.4915254237288136,0.055257447806708895,0.24760386766008324,0.18279413754425325,0.6896551724137931,0.5802469136
2011,New York Yankees,0.3717948717948718,0.0,0.08053564540938758,0.18206259975461087,0.13793103448275862,0.5987654321
2011,Boston Red Sox,0.46774193548387094,0.045968891535394005,0.19418900377851767,0.18261098023362593,0.6551724137931034,0.5555555556
2011,Cleveland Guardians,0.4915254237288136,0.041563738669650005,0.19850320048712583,0.1827930410038752,0.4482758620689655,0.4938271605
2011,Seattle Mariners,0.4461538461538462,0.03986726874657909,0.1144471351690198,0.18242727129141822,0.41379310344827586,0.4135802469
2011,Milwaukee Brewers,0.4084507042253521,0.02988994448354054,0.11527635037853548,0.1824270894128899,0.3793103448275862,0.5925925926
2011,Kansas City Royals,0.48333333333333334,0.07812558268223295,0.21298559985663354,0.1827930435476308,0.5172413793103449,0.4382716049
2011,Pittsburgh Pirates,0.4461538461538462,0.07540547164931403,0.13135907917749803,0.18260915272689476,0.41379310344827586,0.4444444444
2011,San Diego Padres,0.5178571428571429,0.11195528609321712,0.32091308580848005,0.18334069505895795,0.8620689655172413,0.4382716049
2011,New York Mets,0.3972602739726027,0.014068655755847873,0.0992551671222171,0.18224502664397554,0.3103448275862069,0.475308642
2011,Chicago White Sox,0.4084507042253521,0.020391472238762875,0.11810440069687199,0.18224557409652886,0.4482758620689655,0.487654321
2011,Miami Marlins,0.42028985507246375,0.015580772538900618,0.1464267217842189,0.1824280031662555,0.3103448275862069,0.4444444444
2011,St. Louis Cardinals,0.3972602739726027,0.012766830870279147,0.08522800152188353,0.18224484258508525,0.3793103448275862,0.5555555556
2011,Atlanta Braves,0.5087719298245614,0.026148222330488337,0.15722302124360957,0.18279212652372226,0.41379310344827586,0.549382716
2011,Baltimore Orioles,0.42028985507246375,0.03066697943545234,0.10952708270294707,0.18242690753436158,0.4482758620689655,0.4259259259
2011,Cincinnati Reds,0.42028985507246375,0.009906951286261631,0.15640437521880543,0.18224630669815342,0.48275862068965514,0.487654321
2011,San Francisco Giants,0.4142857142857143,0.03193046007085416,0.12342471374168289,0.1824274551686117,0.41379310344827586,0.5308641975
2011,Los Angeles Dodgers,0.3918918918918919,0.018273516303072956,0.06898578852962718,0.18224411416248779,0.24137931034482757,0.5061728395
2011,Minnesota Twins,0.32954545454545453,0.00345120806943467,0.04030532355537347,0.18187962468590557,0.1724137931034483,0.3888888889
2012,Chicago White Sox,0.5576923076923077,0.027014172078283927,0.16835605129553777,0.18251912942942314,0.7931034482758621,0.524691358
2012,Toronto Blue Jays,0.6041666666666666,0.06954762834594576,0.23676569594282323,0.18324829358339573,1.8275862068965516,0.450617284
2012,Chicago Cubs,0.5686274509803921,0.02725334438895725,0.183516754697043,0.18270164574837464,0.9310344827586207,0.3765432099
2012,Miami Marlins,0.5576923076923077,0.03566787843664112,0.22380974324577818,0.18288471883447657,1.3103448275862069,0.4259259259
2012,Colorado Rockies,0.58,0.051537350130149304,0.2264852535631794,0.18288508276300464,0.8275862068965517,0.3950617284
2012,Texas Rangers,0.5,0.010993905915477081,0.1245183528108558,0.1823351485156334,0.6206896551724138,0.5740740741
2012,San Diego Padres,0.5471698113207547,0.023966347451540526,0.18808180018547738,0.18270164828572494,0.6206896551724138,0.4691358025
2012,Oakland Athletics,0.6041666666666666,0.08697209331445785,0.2636460996305297,0.18324975690955878,0.9655172413793103,0.5802469136
2012,Cleveland Guardians,0.5471698113207547,0.022218904843506408,0.19792466454254132,0.1827027411587449,0.8620689655172413,0.4197530864
2012,Boston Red Sox,0.6590909090909091,0.0964268951227346,0.310111967765546,0.18379694538143204,1.8620689655172413,0.4259259259
2012,New York Yankees,0.4915254237288136,0.016919653549234602,0.09584635616073713,0.1821520815916679,0.6206896551724138,0.5864197531
2012,Seattle Mariners,0.46774193548387094,0.018279297989126565,0.09641659808854487,0.18215244370780287,0.6206896551724138,0.462962963
2012,Cincinnati Reds,0.46774193548387094,0.012331309765539354,0.0750806175592567,0.18196974324971568,0.5862068965517241,0.5987654321
2012,Philadelphia Phillies,0.5087719298245614,0.06868151995144171,0.1091496983068566,0.18251565525315117,0.9655172413793103,0.5
2012,Baltimore Orioles,0.5471698113207547,0.030634097684018372,0.20514628099128088,0.18288398572148062,0.6896551724137931,0.5740740741
2012,Pittsburgh Pirates,0.6041666666666666,0.08886117106596675,0.2851594765090714,0.1832517606913347,1.6551724137931034,0.487654321
2012,Houston Astros,0.5918367346938775,0.042431773911236384,0.2613084501814239,0.1830685154278913,1.4137931034482758,0.3395061728
2012,Kansas City Royals,0.5178571428571429,0.028579985715217308,0.13870584315959536,0.18233551788134067,0.9310344827586207,0.4444444444
2012,Atlanta Braves,0.5471698113207547,0.028690159142526112,0.18363583523730617,0.18288288632384558,0.7241379310344828,0.5802469136
2012,Minnesota Twins,0.5178571428571429,0.0173411606021719,0.11353447976651299,0.1821531777269954,0.48275862068965514,0.4074074074
2012,Arizona Diamondbacks,0.6304347826086957,0.04411901805044906,0.3020076247131407,0.18343355440917003,1.1379310344827587,0.5
2012,Tampa Bay Rays,0.5370370370370371,0.027240240697533766,0.19476193573887665,0.18270183242486063,0.7241379310344828,0.5555555556
2012,San Francisco Giants,0.4393939393939394,0.003372843390229656,0.051469758821678604,0.18178685937744998,0.27586206896551724,0.5802469136
2012,St. Louis Cardinals,0.48333333333333334,0.004008154986132384,0.09264573852817364,0.18197029457968694,0.27586206896551724,0.5432098765
2012,Detroit Tigers,0.5370370370370371,0.007170206640649991,0.16957907404666936,0.1825189490963129,0.5517241379310345,0.5432098765
2012,Los Angeles Angels,0.5,0.027577618781617623,0.12001160076247798,0.18233478313719095,0.5862068965517241,0.549382716
2012,Milwaukee Brewers,0.47540983606557374,0.005001790189760115,0.09723962454052147,0.18197084101619695,0.3448275862068966,0.512345679
2012,Washington Nationals,0.453125,0.0017796773881966579,0.07900769436557807,0.181787961131196,0.1724137931034483,0.6049382716
2012,Los Angeles Dodgers,0.5370370370370371,0.025689226311137958,0.1505139736081648,0.1825182138084452,1.0,0.5308641975
2012,New York Mets,0.4603174603174603,0.0028945446034695527,0.0966839778584663,0.1817896013469225,0.4482758620689655,0.4567901235
2013,Cleveland Guardians,0.5272727272727272,0.03529008837214696,0.1565563853002078,0.18235481683621868,0.5172413793103449,0.5679012346
2013,Pittsburgh Pirates,0.6304347826086957,0.07477886080588958,0.2621556920018298,0.1836292974578393,1.103448275862069,0.5802469136
2013,Seattle Mariners,0.5272727272727272,0.013299870627456835,0.12550203035862226,0.18217155237148688,0.5862068965517241,0.4382716049
2013,Oakland Athletics,0.6304347826086957,0.04537757483132775,0.27478542737628675,0.183449856066658,1.3793103448275863,0.5925925926
2013,Washington Nationals,0.5178571428571429,0.011988343484648906,0.12874763900739994,0.1821720943300454,0.8275862068965517,0.5308641975
2013,Arizona Diamondbacks,0.5576923076923077,0.03288415026407636,0.1662073226945511,0.18253680561388197,0.9655172413793103,0.5
2013,Atlanta Braves,0.5272727272727272,0.02418277580239597,0.14556048660679433,0.18235463195403484,0.7241379310344828,0.5925925926
2013,Houston Astros,0.6170212765957447,0.0523952990085995,0.26795519274335616,0.18326786982659335,1.103448275862069,0.3148148148
2013,Tampa Bay Rays,0.5686274509803921,0.03596944585245077,0.19014836581947314,0.18290042101763665,0.6551724137931034,0.5679012346
2013,Kansas City Royals,0.5686274509803921,0.029478476846087683,0.15927448089818658,0.18271769869272042,0.5517241379310345,0.5308641975
2013,New York Yankees,0.5576923076923077,0.018506728503973773,0.21909287669589864,0.18272153300420763,0.6896551724137931,0.524691358
2013,Colorado Rockies,0.6744186046511628,0.10559178141090896,0.3154993883408289,0.18399600619428946,1.0689655172413792,0.4567901235
2013,Chicago Cubs,0.5686274509803921,0.05342863706958211,0.19487256494552588,0.18290060662484864,1.0689655172413792,0.4074074074
2013,Boston Red Sox,0.6041666666666666,0.06415086566272721,0.23043311170403993,0.18308568565383773,0.8620689655172413,0.5987654321
2013,San Francisco Giants,0.43283582089552236,0.0003232758620689655,0.052350715422126624,0.18162320921489242,0.1724137931034483,0.4691358025
2013,Chicago White Sox,0.6041666666666666,0.06090831467095404,0.23479454089237195,0.18326585950472965,0.9655172413793103,0.3888888889
2013,Philadelphia Phillies,0.4603174603174603,0.03918782367058229,0.0677872933477296,0.18198664028023442,0.41379310344827586,0.450617284
2013,Toronto Blue Jays,0.31868131868131866,0.0020572817986611092,0.008259362411750067,0.18143902958335065,0.3103448275862069,0.4567901235
2013,Baltimore Orioles,0.6304347826086957,0.07803176319834346,0.2886425537295473,0.18363275004199398,1.3103448275862069,0.524691358
2013,Los Angeles Angels,0.6304347826086957,0.06217513653344609,0.23394909100575229,0.18344766086261047,0.8620689655172413,0.4814814815
2013,San Diego Padres,0.5471698113207547,0.012041142283234581,0.20825865976505767,0.18253936586961408,0.6551724137931034,0.4691358025
2013,Milwaukee Brewers,0.5272727272727272,0.017189132706374084,0.14176810247149615,0.1823540881829059,0.4482758620689655,0.4567901235
2013,Detroit Tigers,0.4915254237288136,0.008306348823590203,0.13472897136753806,0.18217173942875525,0.48275862068965514,0.5740740741
2013,Minnesota Twins,0.4915254237288136,0.006457253747894142,0.10195421859318621,0.1819890123911559,0.41379310344827586,0.4074074074
2013,New York Mets,0.5,0.004444248963953398,0.09888620408442007,0.18180811550591952,0.41379310344827586,0.4567901235
2013,Los Angeles Dodgers,0.58,0.0486284958883481,0.1611096923952781,0.1827180617505775,0.5862068965517241,0.5679012346
2013,Texas Rangers,0.5471698113207547,0.013501642719623019,0.1900028020504101,0.18253862779093505,0.6551724137931034,0.5617283951
2013,Miami Marlins,0.4603174603174603,0.005248959838018692,0.07807077792633733,0.18198755055310423,0.3793103448275862,0.3827160494
2013,St. Louis Cardinals,0.453125,0.00552685546527911,0.0648527029407234,0.181805199261355,0.3103448275862069,0.5987654321
2013,Cincinnati Reds,0.4264705882352941,0.0004720853858784893,0.05869115460901691,0.1816235755353763,0.13793103448275862,0.5555555556
2014,Oakland Athletics,0.6744186046511628,0.06467698186653435,0.2753747427843443,0.18385426489291662,1.5517241379310345,0.5432098765
2014,Miami Marlins,0.6170212765957447,0.04426015623675722,0.2288857302969385,0.1831270450377292,1.3103448275862069,0.475308642
2014,Tampa Bay Rays,0.5471698113207547,0.019497840833142193,0.17237907357327828,0.18239837044905932,1.2413793103448276,0.475308642
2014,San Diego Padres,0.6170212765957447,0.05020094026429743,0.2669596756076386,0.18313014594559202,2.0344827586206895,0.475308642
2014,Seattle Mariners,0.5272727272727272,0.027235617239420487,0.11298909935036694,0.18221232829326303,0.6551724137931034,0.537037037
2014,Kansas City Royals,0.6041666666666666,0.05035397643819564,0.22694661114553655,0.1829462866144883,1.0344827586206897,0.549382716
2014,Washington Nationals,0.47540983606557374,0.006162263756077142,0.10983856290630158,0.18203048407230954,0.48275862068965514,0.5925925926
2014,Chicago White Sox,0.5272727272727272,0.011116339763012665,0.12036621480026032,0.18203248107073808,0.8620689655172413,0.450617284
2014,Los Angeles Dodgers,0.6904761904761905,0.09070920944048748,0.32604093216721614,0.18421979131233612,1.6551724137931034,0.5802469136
2014,Cleveland Guardians,0.58,0.037595083879463934,0.19535902150539072,0.18276297190285445,0.6896551724137931,0.524691358
2014,Atlanta Braves,0.58,0.02077741968711662,0.1925413513064741,0.18276116580197205,0.8620689655172413,0.487654321
2014,Milwaukee Brewers,0.5272727272727272,0.010490962923228932,0.11616145544701648,0.1820322950633568,0.5517241379310345,0.5061728395
2014,Los Angeles Angels,0.6590909090909091,0.04858908247799894,0.2958594985059547,0.18367478986627142,1.2758620689655171,0.6049382716
2014,Philadelphia Phillies,0.5272727272727272,0.010853903895775816,0.13007713152700986,0.18221450803896297,0.48275862068965514,0.450617284
2014,Detroit Tigers,0.6041666666666666,0.04100806941298322,0.19918059851481013,0.18294409455281768,0.8620689655172413,0.5555555556
2014,Baltimore Orioles,0.5272727272727272,0.016782116351081868,0.15720721683137243,0.1823963734506308,0.7241379310344828,0.5925925926
2014,Minnesota Twins,0.48333333333333334,0.006946706823554115,0.09437537797817441,0.1818493545398921,0.3448275862068966,0.4320987654
2014,Pittsburgh Pirates,0.5686274509803921,0.07754396652666033,0.1606887579822364,0.18275897156689483,0.7241379310344828,0.5432098765
2014,New York Yankees,0.6170212765957447,0.04194699403458497,0.2145306844669618,0.1831257687047049,0.9310344827586207,0.5185185185
2014,Texas Rangers,0.48333333333333334,0.007412375869888185,0.10416437718812804,0.18203047918214468,0.48275862068965514,0.4135802469
2014,New York Mets,0.3670886075949367,0.0003147235905856595,0.018274469369333295,0.1812999753095887,0.1724137931034483,0.487654321
2014,Houston Astros,0.5370370370370371,0.011223571403952245,0.13789133661258213,0.1822146958575164,0.6551724137931034,0.4320987654
2014,Arizona Diamondbacks,0.6041666666666666,0.03893266687561504,0.2048597957857653,0.18294337895869547,1.3103448275862069,0.3950617284
2014,Toronto Blue Jays,0.5918367346938775,0.0442686787909266,0.169961983585145,0.18294136276184197,0.9655172413793103,0.512345679
2014,San Francisco Giants,0.48333333333333334,0.0008713987162263026,0.07110050918692583,0.18166622927686668,0.27586206896551724,0.5432098765
2014,Boston Red Sox,0.6041666666666666,0.06374018719039679,0.23561192242227297,0.18312723032064163,1.3103448275862069,0.4382716049
2014,Cincinnati Reds,0.5370370370370371,0.009766728693707873,0.1280012008022938,0.1822136053507562,0.5517241379310345,0.4691358025
2014,Colorado Rockies,0.5272727272727272,0.007893915744900967,0.13487581939107648,0.18203393707204107,0.3793103448275862,0.4074074074
2014,Chicago Cubs,0.5576923076923077,0.012468421176042153,0.17926841906102017,0.1823994605935851,0.8275862068965517,0.450617284
2014,St. Louis Cardinals,0.48333333333333334,0.006901572018567091,0.08376024199628072,0.18184807965580554,0.4482758620689655,0.5555555556
2015,Philadelphia Phillies,0.6041666666666666,0.03179497413867886,0.2212898385099471,0.18298171892166806,1.3448275862068966,0.3888888889
2015,Cincinnati Reds,0.5576923076923077,0.023843169009425166,0.1487952655190713,0.1824324112846308,0.8620689655172413,0.3950617284
2015,Atlanta Braves,0.6304347826086957,0.06988266229247103,0.24598720701934826,0.18334585707532036,2.4482758620689653,0.4135802469
2015,New York Yankees,0.6041666666666666,0.04235549989226459,0.1750493752068551,0.1827967298670328,0.896551724137931,0.537037037
2015,Oakland Athletics,0.6304347826086957,0.049410119827209095,0.2421394469433744,0.18316397675194043,1.4827586206896552,0.4197530864
2015,Tampa Bay Rays,0.5686274509803921,0.020013336899746634,0.19089807857206914,0.1826170364052485,0.9655172413793103,0.4938271605
2015,Los Angeles Angels,0.6304347826086957,0.04868942462846404,0.2297449988859553,0.18316324254989694,1.0689655172413792,0.524691358
2015,Colorado Rockies,0.5087719298245614,0.010073598404879192,0.10424555648064351,0.18188565751972516,0.7241379310344828,0.4197530864
2015,Houston Astros,0.5686274509803921,0.022038947300646806,0.16149277360473163,0.18243368858263992,1.3103448275862069,0.5308641975
2015,Washington Nationals,0.5576923076923077,0.010551822609921714,0.15314462032691598,0.18225198488760472,0.5862068965517241,0.512345679
2015,Boston Red Sox,0.5918367346938775,0.039071268427795514,0.20701503724388157,0.18279965038775692,1.0344827586206897,0.4814814815
2015,Seattle Mariners,0.6590909090909091,0.052464198845682465,0.2938288225046646,0.1835313906736946,2.0,0.4691358025
2015,Chicago Cubs,0.58,0.021138710085754426,0.15854295812970803,0.1824336856870933,0.8275862068965517,0.5987654321
2015,Milwaukee Brewers,0.5686274509803921,0.02824624404057902,0.16576582385947866,0.1824342349360955,1.1379310344827587,0.4197530864
2015,Texas Rangers,0.6304347826086957,0.04889752299923264,0.22965001211064995,0.1831636046741979,1.3793103448275863,0.5432098765
2015,Pittsburgh Pirates,0.6304347826086957,0.049008487729148405,0.232586914111818,0.1831636066648862,1.103448275862069,0.6049382716
2015,Baltimore Orioles,0.6041666666666666,0.03390962485790072,0.22242921591522047,0.18316251323408841,0.896551724137931,0.5
2015,Chicago White Sox,0.5918367346938775,0.022881937418484797,0.18541476577229998,0.18261666921374092,0.7931034482758621,0.4691358025
2015,St. Louis Cardinals,0.5087719298245614,0.014864732968181244,0.10036736235088922,0.18206626597424588,0.41379310344827586,0.6172839506
2015,Miami Marlins,0.5087719298245614,0.007049973152189901,0.100415881771404,0.18188547437640054,0.6206896551724138,0.4382716049
2015,Toronto Blue Jays,0.5471698113207547,0.012857355585912524,0.16528903017572186,0.18243351014457862,1.206896551724138,0.5740740741
2015,San Francisco Giants,0.46774193548387094,0.0015205938697318007,0.06120254331784855,0.18152005946765412,0.3103448275862069,0.5185185185
2015,San Diego Padres,0.6041666666666666,0.02889482575443166,0.1982441466715435,0.18279910077681139,1.1724137931034482,0.4567901235
2015,New York Mets,0.5471698113207547,0.01861843543783561,0.15039704761584627,0.18243277395184682,0.8275862068965517,0.5555555556
2015,Arizona Diamondbacks,0.5471698113207547,0.024079870876089364,0.15632171671387304,0.18243314096238272,1.206896551724138,0.487654321
2015,Los Angeles Dodgers,0.6041666666666666,0.03489486874646973,0.2395789709742558,0.18298336304924145,1.793103448275862,0.5679012346
2015,Kansas City Royals,0.5471698113207547,0.016745091252480415,0.12538486215559325,0.18206899900832546,0.5862068965517241,0.5864197531
2015,Minnesota Twins,0.5,0.004426411369145359,0.07191366977686559,0.18170194522018399,0.3103448275862069,0.512345679
2015,Detroit Tigers,0.5576923076923077,0.010742230539028568,0.13859100165434038,0.18225088729445862,0.7241379310344828,0.4567901235
2015,Cleveland Guardians,0.5576923076923077,0.008915834439233454,0.1480202067432947,0.18225180029650678,0.4482758620689655,0.5
2016,Toronto Blue Jays,0.6041666666666666,0.04214983610300947,0.27373907115182655,0.18327445374623433,0.8620689655172413,0.549382716
2016,Washington Nationals,0.5576923076923077,0.025696790673761495,0.21932571366453546,0.18290917814469254,0.7931034482758621,0.5864197531
2016,Cleveland Guardians,0.4393939393939394,0.013003692152851815,0.06387872692937203,0.18181172849232574,0.6206896551724138,0.5802469136
2016,New York Yankees,0.58,0.04731666483747307,0.20539505509488018,0.18308862598835624,1.2413793103448276,0.5185185185
2016,Oakland Athletics,0.5178571428571429,0.031242584393463616,0.14914532823331725,0.18254154394884567,0.7586206896551724,0.4259259259
2016,San Francisco Giants,0.5272727272727272,0.015794230715439676,0.11441955967388023,0.18217772769580923,0.5172413793103449,0.537037037
2016,Arizona Diamondbacks,0.5087719298245614,0.012353601008300637,0.14935269613532767,0.18236064219456707,0.7241379310344828,0.4259259259
2016,Los Angeles Dodgers,0.58,0.023576285670606156,0.20170681071673507,0.18290771915871334,1.0689655172413792,0.5617283951
2016,Seattle Mariners,0.6444444444444445,0.07207005571171565,0.3281126561000758,0.18364154034652358,1.5862068965517242,0.5308641975
2016,Los Angeles Angels,0.6041666666666666,0.09482672856475646,0.21506501348863818,0.18327098165324981,1.1379310344827587,0.4567901235
2016,Baltimore Orioles,0.6170212765957447,0.04826008396221645,0.2530868820237824,0.18327389908141925,0.7241379310344828,0.549382716
2016,Detroit Tigers,0.47540983606557374,0.0005268199233716475,0.09511595174956883,0.1818135576173744,0.4482758620689655,0.5308641975
2016,San Diego Padres,0.5918367346938775,0.08445377811627487,0.26401625606902657,0.18327390560688767,1.1724137931034482,0.4197530864
2016,Milwaukee Brewers,0.5918367346938775,0.04982082556517502,0.21294459461789886,0.18290953813303332,1.103448275862069,0.450617284
2016,Tampa Bay Rays,0.5471698113207547,0.06686996295986446,0.17546598808690458,0.18308715993311955,0.8275862068965517,0.4197530864
2016,Colorado Rockies,0.47540983606557374,0.0019997654234107437,0.06160327223437866,0.18181118415950231,0.20689655172413793,0.462962963
2016,New York Mets,0.5,0.013432874254918592,0.13206060365025618,0.182178278191575,0.48275862068965514,0.537037037
2016,Pittsburgh Pirates,0.5576923076923077,0.019624561503726958,0.21235426856900547,0.1827270071868077,0.7586206896551724,0.4814814815
2016,Philadelphia Phillies,0.5178571428571429,0.014333133985046471,0.13514630757886295,0.18235972609130718,0.5862068965517241,0.4382716049
2016,Chicago Cubs,0.5272727272727272,0.024514305460951364,0.14958144268601922,0.18254208520019793,0.7586206896551724,0.6358024691
2016,Chicago White Sox,0.5272727272727272,0.023256073589310335,0.15895049862394012,0.18254208936924718,0.8275862068965517,0.4814814815
2016,Houston Astros,0.46774193548387094,0.009079180261446272,0.11387760182867425,0.18199555565034628,0.41379310344827586,0.5185185185
2016,Atlanta Braves,0.6904761904761905,0.1486421078241813,0.35655443496260664,0.1843669743135305,1.6551724137931034,0.4197530864
2016,Texas Rangers,0.58,0.04325225869901136,0.21757093619768797,0.18290863562449927,1.1724137931034482,0.5864197531
2016,St. Louis Cardinals,0.4603174603174603,0.004415544197110181,0.06959377797084536,0.1818117315737969,0.27586206896551724,0.5308641975
2016,Kansas City Royals,0.4264705882352941,0.008527327088785248,0.06192430045392151,0.18181136578503976,0.3103448275862069,0.5
2016,Cincinnati Reds,0.4027777777777778,0.0026522259896644136,0.0477364149113935,0.1816284634309037,0.3103448275862069,0.4197530864
2016,Minnesota Twins,0.4393939393939394,0.009237140419225322,0.0548046537059429,0.18181099999628264,0.3793103448275862,0.3641975309
2016,Miami Marlins,0.4603174603174603,0.0006568144499178982,0.10101565536140496,0.18181356051758257,0.5862068965517241,0.487654321
2016,Boston Red Sox,0.5178571428571429,0.02747878590388008,0.12523555544629186,0.1825400795249761,0.7241379310344828,0.5740740741
2017,Arizona Diamondbacks,0.5686274509803921,0.041544647358179684,0.15324699604335631,0.18261464744806669,0.6551724137931034,0.5740740741
2017,Kansas City Royals,0.5370370370370371,0.02378079706281677,0.1376694316076922,0.18243203344081715,0.7241379310344828,0.4938271605
2017,Seattle Mariners,0.6590909090909091,0.07358767914367738,0.3175230055449792,0.18371308593944857,2.0689655172413794,0.4814814815
2017,Baltimore Orioles,0.6304347826086957,0.022329823256366288,0.30036971385996714,0.18334967798005625,1.0,0.462962963
2017,Atlanta Braves,0.5576923076923077,0.024134231258615496,0.17932121524707298,0.18279763010388217,1.1724137931034482,0.4444444444
2017,Tampa Bay Rays,0.6590909090909091,0.09674411670463538,0.315428450884193,0.1837127212762725,1.4827586206896552,0.4938271605
2017,Los Angeles Dodgers,0.6744186046511628,0.07523578618007767,0.3188864864638052,0.18389405995875333,1.3793103448275863,0.6419753086
2017,Detroit Tigers,0.5087719298245614,0.009477649471491835,0.09829064171805027,0.18206734580895806,0.6896551724137931,0.3950617284
2017,Miami Marlins,0.6041666666666666,0.03566870245405453,0.23413417689912405,0.1831641367039235,1.3793103448275863,0.475308642
2017,Cincinnati Reds,0.5087719298245614,0.010937943218441624,0.1129290438411103,0.18206844161002708,0.5517241379310345,0.4197530864
2017,Philadelphia Phillies,0.5576923076923077,0.04468181276207935,0.16238658448392554,0.18279635097487762,1.0,0.4074074074
2017,Oakland Athletics,0.6170212765957447,0.06681957000306755,0.24608319564494718,0.1831643245607112,1.1379310344827587,0.462962963
2017,Cleveland Guardians,0.4915254237288136,0.005111508271824122,0.09534663842977616,0.18188582669700712,0.4482758620689655,0.6296296296
2017,Colorado Rockies,0.4603174603174603,0.0074276257404336235,0.09247437450259254,0.18206661775068456,0.48275862068965514,0.537037037
2017,Chicago Cubs,0.5,0.02435494650396128,0.11317811648089825,0.18224923356947492,0.6896551724137931,0.5679012346
2017,Washington Nationals,0.5272727272727272,0.007595820982520491,0.12097530955491685,0.18206862693065756,0.4482758620689655,0.5987654321
2017,Minnesota Twins,0.5087719298245614,0.016563611016305886,0.09843072348907582,0.18206734617126621,0.5517241379310345,0.524691358
2017,Pittsburgh Pirates,0.5370370370370371,0.010207856754147683,0.1303751854088517,0.1822512367713631,0.4482758620689655,0.462962963
2017,Los Angeles Angels,0.5686274509803921,0.03571613779343422,0.18309566718476766,0.18279835435791986,0.8275862068965517,0.4938271605
2017,New York Mets,0.5370370370370371,0.021330305693533745,0.16040489457417706,0.18243367650838144,0.6206896551724138,0.4320987654
2017,Texas Rangers,0.5686274509803921,0.04627321718816938,0.19174889148651575,0.18261756620270783,1.0344827586206897,0.4814814815
2017,New York Yankees,0.5918367346938775,0.046331233884117105,0.21267612551833198,0.18298097669825739,1.4137931034482758,0.5617283951
2017,Chicago White Sox,0.5918367346938775,0.04237839195641282,0.22151753029613483,0.1828003702405941,1.1724137931034482,0.4135802469
2017,Houston Astros,0.48333333333333334,0.016023594792792122,0.08316060253459552,0.18188491349925726,0.4482758620689655,0.6234567901
2017,Milwaukee Brewers,0.5576923076923077,0.020241373979058706,0.16955040143526226,0.18261501845163577,0.6206896551724138,0.5308641975
2017,San Francisco Giants,0.48333333333333334,0.005313180251603896,0.10241264394968737,0.18188583086355112,0.4482758620689655,0.3950617284
2017,Toronto Blue Jays,0.5686274509803921,0.03638767021156185,0.15166865909099864,0.18279543940751453,0.7931034482758621,0.4691358025
2017,San Diego Padres,0.5178571428571429,0.010232389716597191,0.1090952169152006,0.18206825719516706,0.5517241379310345,0.4382716049
2017,St. Louis Cardinals,0.5272727272727272,0.009006976514583003,0.14963325038194447,0.18225251662498396,0.6896551724137931,0.512345679
2017,Boston Red Sox,0.43283582089552236,0.0086500698261782,0.058978111638482184,0.18170156998450154,0.3793103448275862,0.5740740741
2018,Milwaukee Brewers,0.6041666666666666,0.026178971206962515,0.19529570090726683,0.18269009274971568,1.2758620689655171,0.5925925926
2018,Los Angeles Dodgers,0.6590909090909091,0.04239035527348024,0.25406884873212515,0.1834199295663327,1.7586206896551724,0.5679012346
2018,Kansas City Royals,0.5471698113207547,0.030856863662970937,0.12347429570784597,0.18214038139006786,1.3103448275862069,0.3580246914
2018,Chicago White Sox,0.6304347826086957,0.016643235489702233,0.23169650154823762,0.18305583082263013,0.9310344827586207,0.3827160494
2018,San Diego Padres,0.5272727272727272,0.01344561691531064,0.1040425910109662,0.18195751027370263,0.7241379310344828,0.4074074074
2018,Toronto Blue Jays,0.6170212765957447,0.051260429846038354,0.18433196703715968,0.1828694976542158,1.2758620689655171,0.450617284
2018,Pittsburgh Pirates,0.58,0.04125826487271815,0.16199228326526077,0.18268626210180006,1.3103448275862069,0.5061728395
2018,Houston Astros,0.5471698113207547,0.006985184355874011,0.11227490880634777,0.181958422177706,0.6896551724137931,0.6358024691
2018,San Francisco Giants,0.5272727272727272,0.005000057810720451,0.08027055825930218,0.18159395375296752,0.48275862068965514,0.450617284
2018,Atlanta Braves,0.5576923076923077,0.015569834189988398,0.10977900653909418,0.18213910143278275,0.8275862068965517,0.5555555556
2018,St. Louis Cardinals,0.6041666666666666,0.009637970630531071,0.22411498078329645,0.18269337520623224,0.896551724137931,0.5432098765
2018,Miami Marlins,0.5686274509803921,0.016631223437461734,0.1845068742355031,0.18250813353735382,0.7586206896551724,0.3888888889
2018,Baltimore Orioles,0.5370370370370371,0.010590095722083298,0.10657886215834216,0.181957875614061,0.9655172413793103,0.2901234568
2018,Oakland Athletics,0.6170212765957447,0.027418782397061248,0.19146018139965296,0.18287004801595363,0.9655172413793103,0.5987654321
2018,New York Mets,0.5576923076923077,0.011473848834006603,0.12434383096527339,0.18195987937932334,0.7241379310344828,0.475308642
2018,Texas Rangers,0.6170212765957447,0.042030809719129404,0.18148714202778193,0.1828693129945594,1.3448275862068966,0.4135802469
2018,New York Yankees,0.725,0.10739238366911763,0.29408764587442193,0.1841468550543616,1.5862068965517242,0.6172839506
2018,Tampa Bay Rays,0.6444444444444445,0.04026427598620477,0.2652266735710037,0.18323980049213226,2.0,0.5555555556
2018,Minnesota Twins,0.6170212765957447,0.03047295522389384,0.21458480684249537,0.18287296495125027,1.2758620689655171,0.4814814815
2018,Los Angeles Angels,0.6170212765957447,0.027064155089039536,0.18269439802815868,0.1828698572070041,0.7586206896551724,0.4938271605
2018,Arizona Diamondbacks,0.6590909090909091,0.0396131766880085,0.2515604559285241,0.1834188436735053,1.3103448275862069,0.5061728395
2018,Boston Red Sox,0.5471698113207547,0.009917706633332538,0.14359891992128004,0.18214239021945403,0.5862068965517241,0.6666666667
2018,Cincinnati Reds,0.5686274509803921,0.02005130774678892,0.173904200039485,0.18268735956976756,1.0689655172413792,0.4135802469
2018,Philadelphia Phillies,0.5471698113207547,0.02448683910244359,0.1518207363275864,0.1823232622729575,0.8620689655172413,0.4938271605
2018,Seattle Mariners,0.6744186046511628,0.032564755097455184,0.2929677106225241,0.18360336442819147,1.7586206896551724,0.549382716
2018,Cleveland Guardians,0.6304347826086957,0.04221298168020169,0.21521880074012856,0.18305310288766735,1.3793103448275863,0.5617283951
2018,Chicago Cubs,0.5576923076923077,0.008410001383841363,0.12027244975489959,0.18214055935784637,0.7241379310344828,0.5864197531
2018,Washington Nationals,0.5576923076923077,0.013857872779751127,0.12439421932473672,0.18214020179453527,0.8275862068965517,0.5061728395
2018,Colorado Rockies,0.47540983606557374,0.0007277205553067622,0.05910634671505577,0.1814107196474443,0.24137931034482757,0.5617283951
2018,Detroit Tigers,0.5087719298245614,0.00283370331092006,0.08071387331965452,0.18177427309353283,0.3448275862068966,0.3950617284
2019,Baltimore Orioles,0.5918367346938775,0.0543657321058799,0.26025006773767095,0.1833287025165581,0.8620689655172413,0.3333333333
2019,San Francisco Giants,0.5918367346938775,0.08120703871935399,0.2960101720975473,0.1835118514058948,1.5172413793103448,0.475308642
2019,Milwaukee Brewers,0.5686274509803921,0.04412535671772123,0.2513436780453854,0.18296515370190627,1.0,0.549382716
2019,New York Mets,0.5087719298245614,0.012772784139779213,0.1685813593185191,0.18241644463600953,0.8620689655172413,0.5308641975
2019,Cleveland Guardians,0.5471698113207547,0.03651243734371813,0.22111101825620114,0.1829627840553924,0.9655172413793103,0.5740740741
2019,Houston Astros,0.5178571428571429,0.031753358846954904,0.11936150461549148,0.1824137036499853,0.8275862068965517,0.6604938272
2019,Tampa Bay Rays,0.6041666666666666,0.06670412920412919,0.29992667809893003,0.1835116715383195,1.3793103448275863,0.5925925926
2019,Los Angeles Dodgers,0.5,0.05507151920329261,0.12385319798947965,0.18223274852858581,0.8620689655172413,0.6543209877
2019,Toronto Blue Jays,0.5918367346938775,0.08016455698105945,0.2619270033970482,0.18350911640336856,1.206896551724138,0.4135802469
2019,Los Angeles Angels,0.5178571428571429,0.023041042837840867,0.15893441592183308,0.18259721626347122,0.7931034482758621,0.4444444444
2019,Minnesota Twins,0.5471698113207547,0.03654977001651878,0.185163949580961,0.18277981666549412,0.9310344827586207,0.6234567901
2019,New York Yankees,0.5576923076923077,0.0524154622061026,0.1997246744656235,0.1829622297658987,0.8275862068965517,0.6358024691
2019,Arizona Diamondbacks,0.5178571428571429,0.03831762449373287,0.122426829031272,0.18241388696260488,0.5862068965517241,0.524691358
2019,Cincinnati Reds,0.58,0.027604818553094414,0.2514264984732318,0.18314683536501367,0.8620689655172413,0.462962963
2019,Seattle Mariners,0.6444444444444445,0.10234770702750998,0.30743308496367205,0.18369390223269508,1.3103448275862069,0.4197530864
2019,Miami Marlins,0.5087719298245614,0.014015506934226145,0.18019655614508934,0.1825986762369757,0.6206896551724138,0.3518518519
2019,Philadelphia Phillies,0.5471698113207547,0.032642863431040774,0.2128206880914456,0.18296259856695535,0.6206896551724138,0.5
2019,Washington Nationals,0.4461538461538462,0.0004838142153413089,0.0702413728717023,0.1816853230136625,0.3448275862068966,0.5740740741
2019,Texas Rangers,0.5471698113207547,0.07578137858310272,0.18125025723158247,0.1827798134017679,0.8620689655172413,0.4814814815
2019,Kansas City Royals,0.5272727272727272,0.03076335610202605,0.11115352391821462,0.18223183758634956,0.5862068965517241,0.3641975309
2019,Chicago Cubs,0.5,0.04529443599640644,0.13179628091615214,0.18241443399937377,0.5172413793103449,0.5185185185
2019,Detroit Tigers,0.453125,0.004896786300727187,0.07995451758997081,0.18204832805527163,0.3103448275862069,0.2901234568
2019,Chicago White Sox,0.4264705882352941,0.002942394906680621,0.05135333081890587,0.18186536447305388,0.27586206896551724,0.4444444444
2019,Colorado Rockies,0.4084507042253521,0.002951755414809602,0.040899592804300666,0.18168349677755508,0.20689655172413793,0.4382716049
2019,Atlanta Braves,0.5370370370370371,0.030988500415840316,0.1375615991409605,0.18241480008065858,0.5862068965517241,0.5987654321
2019,Oakland Athletics,0.4915254237288136,0.015200809043173577,0.12796179415214942,0.18223256956760112,0.5862068965517241,0.5987654321
2019,Pittsburgh Pirates,0.43283582089552236,0.00880002591825252,0.08272216403568765,0.18186701102290415,0.3793103448275862,0.4259259259
2019,San Diego Padres,0.5370370370370371,0.023014642719076217,0.19990506565567692,0.1825994111193172,0.9655172413793103,0.4320987654
2019,Boston Red Sox,0.4461538461538462,0.004151028227382907,0.07448876928466408,0.18186682535314896,0.27586206896551724,0.5185185185
2019,St. Louis Cardinals,0.3372093023255814,0.0008336491095111786,0.015279606074052916,0.1815003529651258,0.20689655172413793,0.5617283951
2020,Miami Marlins,0.5370370370370371,0.1040866686277437,0.2689854552324189,0.1833639481414896,0.7241379310344828,0.5166666667
2020,Los Angeles Angels,0.47540983606557374,0.03516938384549221,0.24595538230170902,0.18281895952646024,0.5862068965517241,0.4333333333
2020,Cleveland Guardians,0.3411764705882353,0.002442528735632184,0.049277903663668035,0.1819039621507831,0.3793103448275862,0.5833333333
2020,Detroit Tigers,0.3972602739726027,0.0024001450109824496,0.11723694123446386,0.18226887037767914,0.1724137931034483,0.3833333333
2020,St. Louis Cardinals,0.4603174603174603,0.006745543044804128,0.11397329270830509,0.1822697780720674,0.24137931034482757,0.5
2020,Tampa Bay Rays,0.5686274509803921,0.1663255688900429,0.30865656553447235,0.18336540590412878,1.206896551724138,0.6666666667
2020,Houston Astros,0.4461538461538462,0.005367405582922824,0.13262331869733526,0.18227014423907287,0.27586206896551724,0.4833333333
2020,Boston Red Sox,0.5686274509803921,0.11713068194885055,0.3515543397214791,0.18336704793145456,0.896551724137931,0.4
2020,Chicago Cubs,0.5178571428571429,0.06282346533179627,0.28487007648084756,0.1830012327370527,0.6896551724137931,0.5666666667
2020,Oakland Athletics,0.453125,0.03126086641553173,0.19238649120438586,0.18263505010360112,0.3793103448275862,0.6
2020,Arizona Diamondbacks,0.5,0.07474866383334942,0.22192317413690876,0.18281786684050297,0.6206896551724138,0.4166666667
2020,New York Yankees,0.43283582089552236,0.012527526684655054,0.09092674604586581,0.18226904737354185,0.1724137931034483,0.55
2020,Texas Rangers,0.5087719298245614,0.08797452889201657,0.22972508070520317,0.1829995892559621,0.7241379310344828,0.3666666667
2020,Los Angeles Dodgers,0.4603174603174603,0.08875542379961389,0.18618498803741207,0.18281658952641783,0.6551724137931034,0.7166666667
2020,Pittsburgh Pirates,0.4461538461538462,0.08268505678133321,0.08896706056861788,0.18245058715979973,0.4482758620689655,0.3166666667
2020,Minnesota Twins,0.3815789473684211,0.01882183908045977,0.07455640241224515,0.18226831794706042,0.24137931034482757,0.6
2020,Washington Nationals,0.32222222222222224,0.007029967159277504,0.02795849674767278,0.1820853171271926,0.1724137931034483,0.4333333333
2020,San Diego Padres,0.5087719298245614,0.12289200685498856,0.2882196862486253,0.18336395014041618,1.6206896551724137,0.6166666667
2020,Philadelphia Phillies,0.4915254237288136,0.08232226014752818,0.1863591791908066,0.18281695296761435,0.5862068965517241,0.4666666667
2020,San Francisco Giants,0.4142857142857143,0.01803600750645086,0.07646906700028096,0.18226831849222222,0.20689655172413793,0.4833333333
2020,Kansas City Royals,0.4084507042253521,0.0,0.10205004396970488,0.18208732750217108,0.3448275862068966,0.4333333333
2020,Cincinnati Reds,0.5087719298245614,0.06736927529632543,0.28127852958525357,0.1831824101724377,0.7931034482758621,0.5166666667
2020,Atlanta Braves,0.38666666666666666,0.004805887872390335,0.07985117839129842,0.18208677888768496,0.1724137931034483,0.5833333333
2020,Baltimore Orioles,0.4915254237288136,0.06735731648981431,0.18575469236571998,0.18299831085155338,0.6206896551724138,0.4166666667
2020,New York Mets,0.4084507042253521,0.03198158573774337,0.08411082519508668,0.1822688643808994,0.41379310344827586,0.4333333333
2020,Chicago White Sox,0.3815789473684211,0.007544569551958715,0.05448813852223636,0.18208604837087997,0.1724137931034483,0.5833333333
2020,Colorado Rockies,0.47540983606557374,0.009206642427085777,0.1859477245545737,0.18245350977218144,0.48275862068965514,0.4333333333
2020,Seattle Mariners,0.38666666666666666,0.009710004691531784,0.071150984661379,0.18208641381100305,0.4482758620689655,0.45
2020,Toronto Blue Jays,0.4393939393939394,0.0357796723705156,0.12793106468698837,0.1824516829350072,0.3448275862068966,0.5333333333
2020,Milwaukee Brewers,0.35802469135802467,0.0,0.06369535726257264,0.18208623172696362,0.1724137931034483,0.4833333333
2021,Tampa Bay Rays,0.6170212765957447,0.07425351594049669,0.2739446538966073,0.18330571021208258,1.6896551724137931,0.6172839506
2021,Texas Rangers,0.5087719298245614,0.021613119129131962,0.12945631098390153,0.18220825722292194,1.1724137931034482,0.3703703704
2021,Cincinnati Reds,0.5918367346938775,0.06936515191376007,0.13311895035341262,0.1827525035568773,0.6551724137931034,0.512345679
2021,San Diego Padres,0.5272727272727272,0.010028046306241796,0.1373293173077596,0.18220880599143444,0.7931034482758621,0.487654321
2021,New York Yankees,0.6041666666666666,0.049730616080089364,0.21063205231816412,0.1829389164172272,1.4482758620689655,0.5679012346
2021,Cleveland Guardians,0.5,0.03675159849728815,0.1206488039038161,0.18220752661824227,0.8620689655172413,0.4938271605
2021,New York Mets,0.6041666666666666,0.053033170495326194,0.23403621174250724,0.1831216731752795,1.2413793103448276,0.475308642
2021,San Francisco Giants,0.5576923076923077,0.025745301643118505,0.1959093443169711,0.18275652659152022,0.8275862068965517,0.6604938272
2021,Philadelphia Phillies,0.5087719298245614,0.030039364299313736,0.12265295043548925,0.18220807285119067,0.7586206896551724,0.5061728395
2021,Pittsburgh Pirates,0.6590909090909091,0.0814995812759992,0.29788950337003417,0.18366994127609576,1.7241379310344827,0.3765432099
2021,Oakland Athletics,0.5686274509803921,0.018365689680425873,0.22330207905348398,0.18293928624736006,0.8620689655172413,0.5308641975
2021,Boston Red Sox,0.6304347826086957,0.04289445873828108,0.27438262742685393,0.18348718451804344,1.0,0.5679012346
2021,Toronto Blue Jays,0.5576923076923077,0.03520444088956238,0.17618300927339564,0.18257413459247263,1.103448275862069,0.5617283951
2021,Houston Astros,0.48333333333333334,0.014021556898621517,0.08261206354632902,0.18202403653883448,0.5172413793103449,0.5864197531
2021,Miami Marlins,0.5686274509803921,0.036992780393244024,0.2237675904269355,0.18275853693161553,1.1379310344827587,0.4135802469
2021,Colorado Rockies,0.4027777777777778,0.004144250712989369,0.023205179445011274,0.18147649596379867,0.3793103448275862,0.4567901235
2021,St. Louis Cardinals,0.48333333333333334,0.030053363042789376,0.07414739919266777,0.1820233068397134,0.5172413793103449,0.5555555556
2021,Baltimore Orioles,0.5272727272727272,0.007197377383555302,0.11528786289090186,0.1822073420653993,0.3448275862068966,0.3209876543
2021,Los Angeles Angels,0.5576923076923077,0.01090899749466965,0.16371278063209538,0.18257285811706794,0.6551724137931034,0.475308642
2021,Minnesota Twins,0.5272727272727272,0.016256355461119715,0.1468983770363323,0.18239083015257815,0.5862068965517241,0.450617284
2021,Kansas City Royals,0.5,0.012262132517583837,0.13677624885684092,0.18220844231910008,0.5172413793103449,0.4567901235
2021,Los Angeles Dodgers,0.5471698113207547,0.03054191427640497,0.1880716398764104,0.18275561596179057,1.0344827586206897,0.6543209877
2021,Milwaukee Brewers,0.6444444444444445,0.06537157591821857,0.28351388646339676,0.1834873714253388,1.2758620689655171,0.5864197531
2021,Atlanta Braves,0.58,0.032577315697768956,0.23913861732107006,0.18294020176710618,0.8620689655172413,0.5432098765
2021,Chicago Cubs,0.58,0.034554532254630746,0.22114767872745605,0.1829391027811874,1.0,0.4382716049
2021,Arizona Diamondbacks,0.5576923076923077,0.01220843418349576,0.2062074419419872,0.18257560232185388,0.7931034482758621,0.3209876543
2021,Seattle Mariners,0.5471698113207547,0.026208170031688252,0.13770166491518257,0.18239009936678677,0.8275862068965517,0.5555555556
2021,Chicago White Sox,0.48333333333333334,0.0019315916021581043,0.11020298773698475,0.18202532043981964,0.3448275862068966,0.5740740741
2021,Washington Nationals,0.5178571428571429,0.023623030974140362,0.13548962992567842,0.18238991626283751,0.7586206896551724,0.4012345679
2021,Detroit Tigers,0.453125,0.003952615528970209,0.04924324593780692,0.18165943636913534,0.1724137931034483,0.475308642
2022,New York Mets,0.5686274509803921,0.018110553239863582,0.2022637841206114,0.18267776491953255,0.9310344827586207,0.6234567901
2022,Oakland Athletics,0.5918367346938775,0.026936555507984086,0.21179720187784312,0.18267921806947734,1.3103448275862069,0.3703703704
2022,Minnesota Twins,0.5918367346938775,0.03168740126868205,0.16204193408372145,0.18267502390255055,1.1724137931034482,0.4814814815
2022,Texas Rangers,0.5178571428571429,0.006507056845726796,0.12462231336761714,0.18194832854336207,0.6206896551724138,0.4197530864
2022,Cincinnati Reds,0.6041666666666666,0.03644724528345218,0.1939363555669251,0.18285861284263158,1.3448275862068966,0.3827160494
2022,Milwaukee Brewers,0.6304347826086957,0.0642559359769951,0.22643961552786754,0.18322305459369606,1.3793103448275863,0.5308641975
2022,Cleveland Guardians,0.5576923076923077,0.023901338125476054,0.14982182434898034,0.18231240352205977,0.6551724137931034,0.5679012346
2022,New York Yankees,0.6304347826086957,0.04659966299436742,0.25217112739484576,0.183224882481449,1.1724137931034482,0.6111111111
2022,Atlanta Braves,0.6744186046511628,0.08514016087907714,0.2842965864299533,0.1837703588003855,1.5517241379310345,0.6234567901
2022,Seattle Mariners,0.5918367346938775,0.024388234917791563,0.1873101871000335,0.1826773921730848,1.5172413793103448,0.5555555556
2022,Toronto Blue Jays,0.6041666666666666,0.05392786264091683,0.2118819175079083,0.18304056361728954,1.3448275862068966,0.5679012346
2022,Kansas City Royals,0.5918367346938775,0.019834171712250534,0.19932747198543466,0.18267848724023517,0.9310344827586207,0.4012345679
2022,San Diego Padres,0.6041666666666666,0.037719915552427874,0.18634272264608917,0.18285824570819928,1.2413793103448276,0.549382716
2022,Tampa Bay Rays,0.6444444444444445,0.06351798003583718,0.27245593685709096,0.18340701573712656,1.4482758620689655,0.5308641975
2022,Los Angeles Dodgers,0.58,0.024774842016221328,0.17753188584175636,0.18249490481733344,0.8620689655172413,0.6851851852
2022,Colorado Rockies,0.5686274509803921,0.006740380924494225,0.1660611094383362,0.18231350076160324,0.48275862068965514,0.4197530864
2022,Chicago Cubs,0.5686274509803921,0.012716827849217006,0.16988141056047915,0.1823136830615901,0.6551724137931034,0.4567901235
2022,San Francisco Giants,0.6041666666666666,0.0344956118047251,0.20057339695920964,0.1828589781667363,1.4482758620689655,0.5
2022,Philadelphia Phillies,0.5686274509803921,0.04427013018453905,0.14329246681264154,0.18249270870895168,0.9310344827586207,0.537037037
2022,Arizona Diamondbacks,0.58,0.023886219144839835,0.2039427286136636,0.18285879966843738,0.8275862068965517,0.4567901235
2022,Houston Astros,0.5370370370370371,0.009858747574264816,0.11456043356221389,0.18194741559516578,0.4482758620689655,0.6543209877
2022,Miami Marlins,0.5576923076923077,0.013245447081653977,0.1495107056506264,0.1823118596996561,0.8620689655172413,0.4259259259
2022,Chicago White Sox,0.5,0.008823300741404189,0.0983209173222809,0.18194613786596303,0.3793103448275862,0.5
2022,Pittsburgh Pirates,0.6041666666666666,0.02605695481311245,0.22457290180231101,0.18304201857756194,0.896551724137931,0.3827160494
2022,Baltimore Orioles,0.5272727272727272,0.016023535851122057,0.12246019933333076,0.18212863463541776,0.7586206896551724,0.512345679
2022,Detroit Tigers,0.5918367346938775,0.011551230993964982,0.19875122013019345,0.18267866573853409,0.6896551724137931,0.4074074074
2022,Washington Nationals,0.47540983606557374,0.003222495894909688,0.06317445253099692,0.18158115102526556,0.24137931034482757,0.3395061728
2022,Boston Red Sox,0.5686274509803921,0.02438890645479316,0.1537214363832279,0.1824938032330038,0.7241379310344828,0.4814814815
2022,Los Angeles Angels,0.4915254237288136,0.0036498651184611775,0.09045849963750598,0.18176491810158,0.5862068965517241,0.450617284
2022,St. Louis Cardinals,0.5,0.003971674876847291,0.10881320878244773,0.1819465080779522,0.3793103448275862,0.5740740741
2023,Kansas City Royals,0.6304347826086957,0.09018363471144131,0.24084162288340769,0.18327905733186312,1.3793103448275863,0.3456790123
2023,Baltimore Orioles,0.5686274509803921,0.024836187690251726,0.15953735751382617,0.18254831276503006,0.7931034482758621,0.6234567901
2023,Detroit Tigers,0.5576923076923077,0.012489581778374882,0.1772831248549825,0.1825497734128335,0.7241379310344828,0.4814814815
2023,Houston Astros,0.5576923076923077,0.005189826989476977,0.14720811881824278,0.1823664914495984,0.3793103448275862,0.5555555556
2023,Texas Rangers,0.5,0.010005668934240361,0.11063480215586842,0.18200103215387473,0.5862068965517241,0.5555555556
2023,Atlanta Braves,0.6041666666666666,0.034897235359058025,0.22267353884570865,0.18309650786557383,1.3448275862068966,0.6419753086
2023,Chicago Cubs,0.5087719298245614,0.044874632468617434,0.08800016104895077,0.18199956824650515,0.5517241379310345,0.512345679
2023,Philadelphia Phillies,0.6041666666666666,0.06066843710332821,0.18458007107774688,0.182913040831417,1.1379310344827587,0.5555555556
2023,Pittsburgh Pirates,0.58,0.026299678701156525,0.1859384040506926,0.18273195400488823,0.8620689655172413,0.4691358025
2023,Milwaukee Brewers,0.6590909090909091,0.07315460462822403,0.283487953539013,0.18364488314769023,1.3103448275862069,0.5679012346
2023,Seattle Mariners,0.6041666666666666,0.042589236376506266,0.23000669686418213,0.1830976001824038,1.206896551724138,0.5432098765
2023,San Francisco Giants,0.5471698113207547,0.005375558007947171,0.12588946710172225,0.1821837610773885,0.5517241379310345,0.487654321
2023,Minnesota Twins,0.5272727272727272,0.03508190632574869,0.10433711181972201,0.18200120943805517,0.6206896551724138,0.537037037
2023,Washington Nationals,0.37662337662337664,0.0011382295865054487,0.021258129029218604,0.181451008255641,0.1724137931034483,0.4382716049
2023,Toronto Blue Jays,0.4915254237288136,0.009304382672609274,0.09169096000019268,0.18200011512926817,0.6206896551724138,0.549382716
2023,Boston Red Sox,0.6304347826086957,0.05718745027550446,0.2970201212819818,0.18346434664457764,1.206896551724138,0.4814814815
2023,Los Angeles Dodgers,0.5918367346938775,0.026040589977101514,0.2402388615332948,0.18291669933223184,1.2413793103448276,0.6172839506
2023,Miami Marlins,0.6041666666666666,0.039588700952779256,0.2138492029360825,0.18291450908487475,1.1379310344827587,0.5185185185
2023,New York Mets,0.6444444444444445,0.047053911864645595,0.2661343579159254,0.1834614286085369,1.0344827586206897,0.462962963
2023,Colorado Rockies,0.5178571428571429,0.014045093233905782,0.1314769266528388,0.18218376343151965,0.6551724137931034,0.3641975309
2023,Oakland Athletics,0.5576923076923077,0.0357668362950966,0.15340608905228417,0.18254812769410828,0.7586206896551724,0.3086419753
2023,Chicago White Sox,0.6170212765957447,0.039813549024075336,0.270369881815796,0.1832810688463437,1.206896551724138,0.3765432099
2023,Cincinnati Reds,0.3972602739726027,0.00452492909389461,0.033161129635033586,0.181452102564428,0.3448275862068966,0.5061728395
2023,Cleveland Guardians,0.5272727272727272,0.0392656043291252,0.1466298321732864,0.1825470350151043,0.7586206896551724,0.4691358025
2023,St. Louis Cardinals,0.5471698113207547,0.012708320005118035,0.14106897933626247,0.18236594420466137,0.7931034482758621,0.4382716049
2023,Tampa Bay Rays,0.58,0.04100695976020061,0.19202112555054301,0.18291340753260743,1.103448275862069,0.6111111111
2023,New York Yankees,0.5686274509803921,0.013467472934837467,0.18877719766449466,0.18255032409842364,0.9310344827586207,0.5061728395
2023,Arizona Diamondbacks,0.5576923076923077,0.018389716126785093,0.16480297852840653,0.18236795264066288,0.5862068965517241,0.5185185185
2023,San Diego Padres,0.5370370370370371,0.01647607318789585,0.1676229421876171,0.18254922308941735,0.896551724137931,0.5061728395
2023,Los Angeles Angels,0.47540983606557374,0.005275498994710817,0.09843843587305136,0.18181902975143546,0.6896551724137931,0.450617284
2024,Milwaukee Brewers,0.6041666666666666,0.015994571809915186,0.19860155032067583,0.18265996652500188,0.9655172413793103,0.5740740741
2024,Los Angeles Dodgers,0.6444444444444445,0.04721120730208744,0.2491072127918272,0.18338859200119872,1.3793103448275863,0.6049382716
2024,Tampa Bay Rays,0.6170212765957447,0.05745307857440415,0.20009367287363164,0.1830210905716876,1.6551724137931034,0.4938271605
2024,St. Louis Cardinals,0.4393939393939394,0.0006006713030039602,0.03750783632201324,0.18119704728853583,0.3103448275862069,0.512345679
2024,Seattle Mariners,0.6304347826086957,0.02995782194898658,0.22203868334803953,0.18302436893909355,1.3103448275862069,0.524691358
2024,San Francisco Giants,0.6444444444444445,0.040073058843047384,0.2564042981342195,0.18338950401568832,1.0689655172413792,0.4938271605
2024,Chicago Cubs,0.6444444444444445,0.030152803622201334,0.24051178499449388,0.18320793125279886,1.3448275862068966,0.512345679
2024,New York Mets,0.6170212765957447,0.040092611034623256,0.21848987653108132,0.1828433509120321,1.1379310344827587,0.549382716
2024,Cincinnati Reds,0.58,0.014767074477674443,0.17555799267835426,0.1824771222503434,0.7931034482758621,0.475308642
2024,Texas Rangers,0.58,0.0320416726406734,0.14050451732301888,0.18247383036942297,0.896551724137931,0.4814814815
2024,Detroit Tigers,0.5576923076923077,0.01095411811717805,0.12469152754675064,0.182110159682033,0.7931034482758621,0.5308641975
2024,Baltimore Orioles,0.6444444444444445,0.01902750198237493,0.24140715204412308,0.1832072090150327,1.3103448275862069,0.5617283951
2024,Atlanta Braves,0.5272727272727272,0.0079895716346533,0.11363778067472974,0.1819284124624381,0.5862068965517241,0.549382716
2024,Minnesota Twins,0.5471698113207547,0.00829278272737574,0.15056341544758528,0.18211271982250857,0.7241379310344828,0.5061728395
2024,Kansas City Royals,0.58,0.028365011177257184,0.14787697087096702,0.18247438053799772,0.8275862068965517,0.5308641975
2024,Houston Astros,0.5370370370370371,0.007541274920955035,0.12925473874907634,0.18211070801752208,0.7241379310344828,0.5432098765
2024,Los Angeles Angels,0.5686274509803921,0.015051439283411159,0.1318812940199431,0.18229154248393203,0.7241379310344828,0.3888888889
2024,Oakland Athletics,0.5918367346938775,0.0192221000748514,0.16597319892924897,0.18247620695666109,0.7931034482758621,0.4259259259
2024,Boston Red Sox,0.6444444444444445,0.03856242657018987,0.2431361909975663,0.1832072103003808,1.3793103448275863,0.5
2024,Chicago White Sox,0.6041666666666666,0.0637877223930952,0.1916955640182392,0.182840612642893,1.4137931034482758,0.2530864198
2024,Arizona Diamondbacks,0.5,0.008561259484904805,0.09859342576632808,0.18192676926518694,0.48275862068965514,0.549382716
2024,New York Yankees,0.6170212765957447,0.03112884113845592,0.22711744042530466,0.18302473535696323,1.3793103448275863,0.5802469136
2024,Philadelphia Phillies,0.6041666666666666,0.03774661301020844,0.18633623181387526,0.1826595922525488,1.3103448275862069,0.5864197531
2024,Miami Marlins,0.6590909090909091,0.05144204457113421,0.24355624233356973,0.1833880443803545,1.793103448275862,0.3827160494
2024,San Diego Padres,0.5087719298245614,0.007375528316568735,0.10359069310179327,0.18174648388326883,1.0689655172413792,0.5740740741
2024,Toronto Blue Jays,0.6170212765957447,0.03327951308379829,0.21177844130789023,0.18302309305500727,1.4137931034482758,0.4567901235
2024,Colorado Rockies,0.5087719298245614,0.0027698833733316493,0.09794770342391282,0.18174539340123805,0.3793103448275862,0.3765432099
2024,Cleveland Guardians,0.58,0.01829589768477803,0.15193584465419274,0.18247510842981254,0.8275862068965517,0.5679012346
2024,Pittsburgh Pirates,0.6170212765957447,0.05601026851437045,0.21959678298596072,0.18302382279690593,1.206896551724138,0.4691358025
2024,Washington Nationals,0.5,0.007039807724391904,0.0725098764856775,0.18174337902067297,0.41379310344827586,0.4382716049
2025,Chicago White Sox,0.5686274509803921,0.03260192854275042,0.21836520027231762,0.18269742129565084,0.7931034482758621,0.3703703704
2025,Philadelphia Phillies,0.5686274509803921,0.02481241049590803,0.19142029623323695,0.1828773763601763,0.7931034482758621,0.5925925926
2025,Milwaukee Brewers,0.6170212765957447,0.04930689377312401,0.28946171571878737,0.18342619832992288,0.8620689655172413,0.5987654321
2025,Texas Rangers,0.5087719298245614,0.051734048475362955,0.13184251196336572,0.18232983915978426,0.7586206896551724,0.5
2025,Cincinnati Reds,0.5471698113207547,0.028467345102683443,0.1752304463823011,0.18269468429652652,0.7241379310344828,0.512345679
2025,Los Angeles Dodgers,0.5918367346938775,0.0655458637666312,0.2131381711423602,0.18305970740526853,1.0689655172413792,0.5740740741
2025,Arizona Diamondbacks,0.4264705882352941,0.00787981859410431,0.0639693673877333,0.18178193586627664,0.5862068965517241,0.4938271605
2025,Houston Astros,0.5686274509803921,0.021843021726350734,0.2106485497861058,0.18287792713095757,0.6896551724137931,0.537037037
2025,Minnesota Twins,0.5686274509803921,0.04246511525808907,0.19294550182142706,0.18269596054787293,1.0344827586206897,0.4320987654
2025,Chicago Cubs,0.5576923076923077,0.0387094227611469,0.21351393964932913,0.18287829268037048,0.7241379310344828,0.5679012346
2025,San Francisco Giants,0.5471698113207547,0.030274274273820553,0.14823667330365584,0.1823307518552941,0.7931034482758621,0.5
2025,Miami Marlins,0.5,0.014374342240883591,0.13507033821021622,0.18214824247573366,0.48275862068965514,0.487654321
2025,Baltimore Orioles,0.6041666666666666,0.051518145057489126,0.2520582852596041,0.18306189888940386,1.206896551724138,0.462962963
2025,Seattle Mariners,0.5370370370370371,0.04038511991422284,0.14620372739129875,0.18251216766759748,0.6896551724137931,0.5555555556
2025,Toronto Blue Jays,0.5272727272727272,0.05043476638304226,0.16232695179542464,0.18251217437326345,0.7241379310344828,0.5802469136
2025,Pittsburgh Pirates,0.5918367346938775,0.030202339323741965,0.2086978896368562,0.18287810709653368,0.8275862068965517,0.4382716049
2025,New York Yankees,0.5471698113207547,0.054935891212466274,0.17888377852922896,0.1826945043309504,1.0,0.5802469136
2025,Cleveland Guardians,0.46774193548387094,0.010267612792243334,0.06598750464713925,0.18196353363773252,0.27586206896551724,0.5432098765
2025,Oakland Athletics,0.48333333333333334,0.004628489326765189,0.11041506656136493,0.18214714419638706,0.4482758620689655,0.4691358025
2025,Tampa Bay Rays,0.6304347826086957,0.06113307046999035,0.317357170421187,0.1834280226335373,1.1724137931034482,0.475308642
2025,San Diego Padres,0.5272727272727272,0.022017554256016796,0.19533395404779957,0.18251436386382236,0.9310344827586207,0.5555555556
2025,Detroit Tigers,0.58,0.02598703276529307,0.23705463757953768,0.1830609880062361,0.7241379310344828,0.537037037
2025,New York Mets,0.5087719298245614,0.03212948198202281,0.120710268925093,0.18232910951083217,0.9310344827586207,0.512345679
2025,St. Louis Cardinals,0.43283582089552236,0.00645293961504747,0.0754983941056226,0.1819640822337032,0.48275862068965514,0.4814814815
2025,Atlanta Braves,0.5686274509803921,0.0641131719949454,0.2185246571683879,0.1828784750019914,0.7931034482758621,0.4691358025
2025,Los Angeles Angels,0.4603174603174603,0.007432499586375657,0.09762168247367282,0.18196481641351067,0.3793103448275862,0.4444444444
2025,Boston Red Sox,0.5178571428571429,0.03191502542196086,0.14536002415770424,0.18251198570844498,0.7931034482758621,0.549382716
2025,Colorado Rockies,0.46774193548387094,0.00868370135611515,0.0760571698365131,0.18196408169000053,0.3793103448275862,0.2654320988
2025,Kansas City Royals,0.5471698113207547,0.025305424417428567,0.22258888728000764,0.18287847735803617,0.6551724137931034,0.5061728395
2025,Washington Nationals,0.5178571428571429,0.010256056995751058,0.1201363878420436,0.18214787348287068,0.48275862068965514,0.4074074074
